/**
 * @file day_partial_cloud.c
 * @brief LVGL image asset with multi-format support
 *
 * Generated by PicoPixel.io — https://picopixel.io
 *
 * Image: day_partial_cloud
 * Size: 40 x 40 pixels
 * Has transparency: Yes
 *
 * Color format is selected at compile time based on LV_COLOR_DEPTH:
 * - LV_COLOR_DEPTH == 32: ARGB8888 (best quality, full alpha)
 * - LV_COLOR_DEPTH == 16 with alpha: RGB565A8 (16-bit color + 8-bit alpha)
 * - LV_COLOR_DEPTH == 16 without alpha: RGB565
 */

#include "../screens.h"

#ifndef LV_ATTRIBUTE_MEM_ALIGN
#define LV_ATTRIBUTE_MEM_ALIGN
#endif

#ifndef LV_ATTRIBUTE_LARGE_CONST
#define LV_ATTRIBUTE_LARGE_CONST
#endif

#ifndef LV_ATTRIBUTE_IMG_DAY_PARTIAL_CLOUD
#define LV_ATTRIBUTE_IMG_DAY_PARTIAL_CLOUD
#endif

#ifndef LV_COLOR_16_SWAP
#define LV_COLOR_16_SWAP 0
#endif

/* ============================================================================
 * TRUE_COLOR_ALPHA (ARGB8888) - 32-bit displays with full alpha support
 * ============================================================================ */
#if LV_COLOR_DEPTH == 32

static const LV_ATTRIBUTE_MEM_ALIGN LV_ATTRIBUTE_LARGE_CONST LV_ATTRIBUTE_IMG_DAY_PARTIAL_CLOUD uint8_t day_partial_cloud_argb8888_map[] = {
    0x00, 0x00, 0x00, 0x00, 0x00, 0x00, 0x00, 0x00, 0x00, 0x00, 0x00, 0x00, 0x00, 0x00, 0x00, 0x00,
    0x00, 0x00, 0x00, 0x00, 0x00, 0x00, 0x00, 0x00, 0x00, 0x00, 0x00, 0x00, 0x00, 0x00, 0x00, 0x00,
    0x00, 0x00, 0x00, 0x00, 0x00, 0x00, 0x00, 0x00, 0x00, 0x00, 0x00, 0x00, 0x00, 0x00, 0x00, 0x00,
    0x08, 0xcf, 0xf7, 0x20, 0x03, 0xd8, 0xfc, 0x55, 0x00, 0x00, 0x00, 0x00, 0x00, 0x00, 0x00, 0x00,
    0x00, 0x00, 0x00, 0x00, 0x00, 0x00, 0x00, 0x00, 0x00, 0x00, 0x00, 0x00, 0x00, 0x00, 0x00, 0x00,
    0x00, 0x00, 0x00, 0x00, 0x00, 0x00, 0x00, 0x00, 0x00, 0x00, 0x00, 0x00, 0x00, 0x00, 0x00, 0x00,
    0x00, 0x00, 0x00, 0x00, 0x00, 0x00, 0x00, 0x00, 0x00, 0x00, 0x00, 0x00, 0x00, 0x00, 0x00, 0x00,
    0x00, 0x00, 0x00, 0x00, 0x00, 0x00, 0x00, 0x00, 0x00, 0x00, 0x00, 0x00, 0x00, 0x00, 0x00, 0x00,
    0x00, 0x00, 0x00, 0x00, 0x00, 0x00, 0x00, 0x00, 0x00, 0x00, 0x00, 0x00, 0x00, 0x00, 0x00, 0x00,
    0x00, 0x00, 0x00, 0x00, 0x00, 0x00, 0x00, 0x00, 0x00, 0x00, 0x00, 0x00, 0x00, 0x00, 0x00, 0x00,
    0x00, 0x00, 0x00, 0x00, 0x00, 0x00, 0x00, 0x00, 0x00, 0x00, 0x00, 0x00, 0x00, 0x00, 0x00, 0x00,
    0x00, 0x00, 0x00, 0x00, 0x08, 0xce, 0xf9, 0x83, 0x04, 0xd3, 0xfb, 0x74, 0x00, 0x00, 0x00, 0x00,
    0x00, 0x00, 0x00, 0x00, 0x00, 0x00, 0x00, 0x00, 0x00, 0x00, 0x00, 0x00, 0x00, 0x00, 0x00, 0x00,
    0x0d, 0xc7, 0xf6, 0xb1, 0x08, 0xcc, 0xf8, 0xf0, 0x00, 0x00, 0x00, 0x00, 0x00, 0x00, 0x00, 0x00,
    0x00, 0x00, 0x00, 0x00, 0x00, 0x00, 0x00, 0x00, 0x00, 0x00, 0x00, 0x00, 0x00, 0x00, 0x00, 0x00,
    0x00, 0x00, 0x00, 0x00, 0x00, 0x00, 0x00, 0x00, 0x00, 0x00, 0x00, 0x00, 0x00, 0x00, 0x00, 0x00,
    0x00, 0x00, 0x00, 0x00, 0x00, 0x00, 0x00, 0x00, 0x00, 0x00, 0x00, 0x00, 0x00, 0x00, 0x00, 0x00,
    0x00, 0x00, 0x00, 0x00, 0x00, 0x00, 0x00, 0x00, 0x00, 0x00, 0x00, 0x00, 0x00, 0x00, 0x00, 0x00,
    0x00, 0x00, 0x00, 0x00, 0x00, 0x00, 0x00, 0x00, 0x00, 0x00, 0x00, 0x00, 0x00, 0x00, 0x00, 0x00,
    0x00, 0x00, 0x00, 0x00, 0x00, 0x00, 0x00, 0x00, 0x00, 0x00, 0x00, 0x00, 0x00, 0x00, 0x00, 0x00,
    0x00, 0x00, 0x00, 0x00, 0x00, 0x00, 0x00, 0x00, 0x00, 0x00, 0x00, 0x00, 0x00, 0x00, 0x00, 0x00,
    0x00, 0x00, 0x00, 0x00, 0x11, 0xc1, 0xf2, 0xb6, 0x0f, 0xc4, 0xf5, 0xf3, 0x0f, 0xc3, 0xf8, 0x22,
    0x00, 0x00, 0x00, 0x00, 0x00, 0x00, 0x00, 0x00, 0x00, 0x00, 0x00, 0x00, 0x20, 0xaf, 0xef, 0x10,
    0x17, 0xb7, 0xef, 0xea, 0x14, 0xbc, 0xf1, 0xb3, 0x00, 0x00, 0x00, 0x00, 0x00, 0x00, 0x00, 0x00,
    0x00, 0x00, 0x00, 0x00, 0x00, 0x00, 0x00, 0x00, 0x00, 0x00, 0x00, 0x00, 0x00, 0x00, 0x00, 0x00,
    0x00, 0x00, 0x00, 0x00, 0x00, 0x00, 0x00, 0x00, 0x00, 0x00, 0x00, 0x00, 0x00, 0x00, 0x00, 0x00,
    0x00, 0x00, 0x00, 0x00, 0x00, 0x00, 0x00, 0x00, 0x00, 0x00, 0x00, 0x00, 0x00, 0x00, 0x00, 0x00,
    0x00, 0x00, 0x00, 0x00, 0x00, 0x00, 0x00, 0x00, 0x00, 0x00, 0x00, 0x00, 0x00, 0x00, 0x00, 0x00,
    0x00, 0x00, 0x00, 0x00, 0x00, 0x00, 0x00, 0x00, 0x00, 0x00, 0x00, 0x00, 0x00, 0x00, 0x00, 0x00,
    0x00, 0x00, 0x00, 0x00, 0x00, 0x00, 0x00, 0x00, 0x00, 0x00, 0x00, 0x00, 0x00, 0x00, 0x00, 0x00,
    0x00, 0x00, 0x00, 0x00, 0x00, 0x00, 0x00, 0x00, 0x00, 0x00, 0x00, 0x00, 0x00, 0x00, 0x00, 0x00,
    0x00, 0x00, 0x00, 0x00, 0x19, 0xb5, 0xf0, 0x34, 0x1a, 0xb2, 0xed, 0xf9, 0x18, 0xb6, 0xef, 0x5e,
    0x20, 0xbf, 0xff, 0x08, 0x0b, 0xc2, 0xf4, 0x2e, 0x0d, 0xc3, 0xf2, 0x3c, 0x10, 0xbf, 0xf4, 0x30,
    0x1f, 0xab, 0xea, 0x95, 0x1e, 0xae, 0xed, 0x45, 0x00, 0x00, 0x00, 0x00, 0x00, 0x00, 0x00, 0x00,
    0x00, 0x00, 0x00, 0x00, 0x00, 0x00, 0x00, 0x00, 0x00, 0x00, 0x00, 0x00, 0x00, 0x00, 0x00, 0x00,
    0x00, 0x00, 0x00, 0x00, 0x00, 0x00, 0x00, 0x00, 0x00, 0x00, 0x00, 0x00, 0x00, 0x00, 0x00, 0x00,
    0x00, 0x00, 0x00, 0x00, 0x00, 0x00, 0x00, 0x00, 0x00, 0x00, 0x00, 0x00, 0x00, 0x00, 0x00, 0x00,
    0x00, 0x00, 0x00, 0x00, 0x00, 0x00, 0x00, 0x00, 0x00, 0x00, 0x00, 0x00, 0x00, 0x00, 0x00, 0x00,
    0x00, 0x00, 0x00, 0x00, 0x00, 0x00, 0x00, 0x00, 0x00, 0x00, 0x00, 0x00, 0x00, 0x00, 0x00, 0x00,
    0x00, 0x00, 0x00, 0x00, 0x00, 0x00, 0x00, 0x00, 0x00, 0x00, 0x00, 0x00, 0x00, 0x00, 0x00, 0x00,
    0x00, 0x00, 0x00, 0x00, 0x00, 0x00, 0x00, 0x00, 0x00, 0x00, 0x00, 0x00, 0x00, 0x00, 0x00, 0x00,
    0x00, 0x00, 0x00, 0x00, 0x00, 0x00, 0x00, 0x00, 0x1a, 0xab, 0xe9, 0x3a, 0x0d, 0xc3, 0xf4, 0x89,
    0x09, 0xc9, 0xf6, 0xed, 0x06, 0xce, 0xf9, 0xff, 0x05, 0xd1, 0xfa, 0xff, 0x05, 0xd0, 0xfa, 0xff,
    0x06, 0xcf, 0xf9, 0xdd, 0x08, 0xcb, 0xf7, 0x63, 0x00, 0xff, 0xff, 0x02, 0x00, 0x00, 0x00, 0x00,
    0x00, 0x00, 0x00, 0x00, 0x00, 0x00, 0x00, 0x00, 0x00, 0x00, 0x00, 0x00, 0x00, 0x00, 0x00, 0x00,
    0x00, 0x00, 0x00, 0x00, 0x00, 0x00, 0x00, 0x00, 0x00, 0x00, 0x00, 0x00, 0x00, 0x00, 0x00, 0x00,
    0x00, 0x00, 0x00, 0x00, 0x00, 0x00, 0x00, 0x00, 0x00, 0x00, 0x00, 0x00, 0x00, 0x00, 0x00, 0x00,
    0x00, 0x00, 0x00, 0x00, 0x00, 0x00, 0x00, 0x00, 0x00, 0x00, 0x00, 0x00, 0x00, 0x00, 0x00, 0x00,
    0x00, 0x00, 0x00, 0x00, 0x00, 0x00, 0x00, 0x00, 0x00, 0x00, 0x00, 0x00, 0x00, 0x00, 0x00, 0x00,
    0x00, 0x00, 0x00, 0x00, 0x00, 0x00, 0x00, 0x00, 0x00, 0x00, 0x00, 0x00, 0x00, 0x00, 0x00, 0x00,
    0x00, 0x00, 0x00, 0x00, 0x00, 0x00, 0x00, 0x00, 0x00, 0x00, 0x00, 0x00, 0x00, 0x00, 0x00, 0x00,
    0x00, 0x00, 0x00, 0x00, 0x0c, 0xca, 0xf3, 0x2b, 0x0a, 0xca, 0xf6, 0xde, 0x08, 0xce, 0xf8, 0xff,
    0x07, 0xd0, 0xf9, 0xff, 0x06, 0xd1, 0xf9, 0xff, 0x05, 0xd2, 0xfa, 0xff, 0x05, 0xd3, 0xfb, 0xff,
    0x04, 0xd5, 0xfb, 0xff, 0x03, 0xd6, 0xfc, 0xff, 0x03, 0xd7, 0xfc, 0xca, 0x00, 0xdb, 0xff, 0x0e,
    0x00, 0x00, 0x00, 0x00, 0x0d, 0xc6, 0xf9, 0x28, 0x08, 0xcf, 0xfa, 0xa6, 0x05, 0xd5, 0xfd, 0x67,
    0x00, 0x00, 0x00, 0x00, 0x00, 0x00, 0x00, 0x00, 0x00, 0x00, 0x00, 0x00, 0x00, 0x00, 0x00, 0x00,
    0x00, 0x00, 0x00, 0x00, 0x00, 0x00, 0x00, 0x00, 0x00, 0x00, 0x00, 0x00, 0x00, 0x00, 0x00, 0x00,
    0x00, 0x00, 0x00, 0x00, 0x00, 0x00, 0x00, 0x00, 0x00, 0x00, 0x00, 0x00, 0x00, 0x00, 0x00, 0x00,
    0x00, 0x00, 0x00, 0x00, 0x00, 0x00, 0x00, 0x00, 0x00, 0x00, 0x00, 0x00, 0x00, 0x00, 0x00, 0x00,
    0x00, 0x00, 0x00, 0x00, 0x00, 0x00, 0x00, 0x00, 0x00, 0x00, 0x00, 0x00, 0x00, 0x00, 0x00, 0x00,
    0x00, 0xc6, 0xff, 0x09, 0x08, 0xd7, 0xff, 0x20, 0x00, 0xbf, 0xff, 0x04, 0x00, 0x00, 0x00, 0x00,
    0x0e, 0xc6, 0xf1, 0x12, 0x0b, 0xc8, 0xf5, 0xdf, 0x0b, 0xc9, 0xf6, 0xff, 0x0a, 0xca, 0xf6, 0xff,
    0x0a, 0xcb, 0xf7, 0xff, 0x09, 0xcd, 0xf8, 0xff, 0x08, 0xce, 0xf8, 0xff, 0x07, 0xcf, 0xf9, 0xff,
    0x06, 0xd1, 0xfa, 0xff, 0x06, 0xd2, 0xfa, 0xff, 0x05, 0xd3, 0xfb, 0xff, 0x04, 0xd4, 0xfb, 0xb6,
    0x17, 0xb7, 0xf0, 0x43, 0x15, 0xba, 0xf1, 0xf7, 0x11, 0xc0, 0xf4, 0xf5, 0x0d, 0xc9, 0xf7, 0x7a,
    0x00, 0x00, 0x00, 0x00, 0x00, 0x00, 0x00, 0x00, 0x00, 0x00, 0x00, 0x00, 0x00, 0x00, 0x00, 0x00,
    0x00, 0x00, 0x00, 0x00, 0x00, 0x00, 0x00, 0x00, 0x00, 0x00, 0x00, 0x00, 0x00, 0x00, 0x00, 0x00,
    0x00, 0x00, 0x00, 0x00, 0x00, 0x00, 0x00, 0x00, 0x00, 0x00, 0x00, 0x00, 0x00, 0x00, 0x00, 0x00,
    0x00, 0x00, 0x00, 0x00, 0x00, 0x00, 0x00, 0x00, 0x00, 0x00, 0x00, 0x00, 0x00, 0x00, 0x00, 0x00,
    0x00, 0x00, 0x00, 0x00, 0x00, 0x00, 0x00, 0x00, 0x00, 0x00, 0x00, 0x00, 0x00, 0x00, 0x00, 0x00,
    0x14, 0xbd, 0xf1, 0x80, 0x0e, 0xc6, 0xf6, 0xf9, 0x08, 0xcd, 0xf9, 0xd3, 0x07, 0xd2, 0xfc, 0x49,
    0x11, 0xc2, 0xf2, 0x8b, 0x0f, 0xc3, 0xf3, 0xff, 0x0e, 0xc5, 0xf4, 0xff, 0x0d, 0xc6, 0xf4, 0xff,
    0x0c, 0xc7, 0xf5, 0xff, 0x0c, 0xc9, 0xf6, 0xff, 0x0b, 0xca, 0xf6, 0xff, 0x0a, 0xcb, 0xf7, 0xff,
    0x09, 0xcc, 0xf7, 0xff, 0x08, 0xce, 0xf8, 0xff, 0x08, 0xcf, 0xf9, 0xff, 0x07, 0xd0, 0xf9, 0xff,
    0x0c, 0xc7, 0xf5, 0x80, 0x1f, 0xac, 0xea, 0x84, 0x18, 0xb0, 0xed, 0x2a, 0x00, 0x00, 0x00, 0x00,
    0x00, 0x00, 0x00, 0x00, 0x00, 0x00, 0x00, 0x00, 0x00, 0x00, 0x00, 0x00, 0x00, 0x00, 0x00, 0x00,
    0x00, 0x00, 0x00, 0x00, 0x00, 0x00, 0x00, 0x00, 0x00, 0x00, 0x00, 0x00, 0x00, 0x00, 0x00, 0x00,
    0x00, 0x00, 0x00, 0x00, 0x00, 0x00, 0x00, 0x00, 0x00, 0x00, 0x00, 0x00, 0x00, 0x00, 0x00, 0x00,
    0x00, 0x00, 0x00, 0x00, 0x00, 0x00, 0x00, 0x00, 0x00, 0x00, 0x00, 0x00, 0x00, 0x00, 0x00, 0x00,
    0x00, 0x00, 0x00, 0x00, 0x00, 0x00, 0x00, 0x00, 0x00, 0x00, 0x00, 0x00, 0x00, 0x00, 0x00, 0x00,
    0x1c, 0xaa, 0xea, 0x24, 0x1d, 0xaf, 0xeb, 0x8f, 0x19, 0xb4, 0xee, 0xd4, 0x14, 0xbd, 0xf2, 0x74,
    0x12, 0xbe, 0xf0, 0xf4, 0x12, 0xbf, 0xf1, 0xff, 0x11, 0xc1, 0xf2, 0xff, 0x10, 0xc2, 0xf2, 0xff,
    0x0f, 0xc3, 0xf3, 0xff, 0x0e, 0xc4, 0xf4, 0xff, 0x0d, 0xc6, 0xf4, 0xff, 0x0d, 0xc7, 0xf5, 0xff,
    0x0c, 0xc8, 0xf6, 0xff, 0x0b, 0xca, 0xf6, 0xff, 0x0a, 0xcb, 0xf7, 0xff, 0x09, 0xcc, 0xf7, 0xff,
    0x3b, 0xcc, 0xea, 0xce, 0xd2, 0xc5, 0xbf, 0x77, 0xd2, 0xc6, 0xbe, 0xa0, 0xd2, 0xc7, 0xbe, 0xb5,
    0xd2, 0xc7, 0xbe, 0xb5, 0xd2, 0xc6, 0xbe, 0xa0, 0xd3, 0xc6, 0xbd, 0x74, 0xd2, 0xc8, 0xbe, 0x33,
    0x00, 0x00, 0x00, 0x00, 0x00, 0x00, 0x00, 0x00, 0x00, 0x00, 0x00, 0x00, 0x00, 0x00, 0x00, 0x00,
    0x00, 0x00, 0x00, 0x00, 0x00, 0x00, 0x00, 0x00, 0x00, 0x00, 0x00, 0x00, 0x00, 0x00, 0x00, 0x00,
    0x00, 0x00, 0x00, 0x00, 0x00, 0x00, 0x00, 0x00, 0x00, 0x00, 0x00, 0x00, 0x00, 0x00, 0x00, 0x00,
    0x00, 0x00, 0x00, 0x00, 0x00, 0x00, 0x00, 0x00, 0x00, 0x00, 0x00, 0x00, 0x00, 0x00, 0x00, 0x00,
    0x00, 0x00, 0x00, 0x00, 0x00, 0x00, 0x00, 0x00, 0x00, 0x00, 0x00, 0x00, 0x15, 0xb8, 0xee, 0x3d,
    0x15, 0xba, 0xef, 0xff, 0x14, 0xbb, 0xef, 0xff, 0x13, 0xbc, 0xf0, 0xff, 0x12, 0xbe, 0xf0, 0xff,
    0x12, 0xbf, 0xf1, 0xff, 0x11, 0xc0, 0xf2, 0xff, 0x10, 0xc2, 0xf2, 0xff, 0x0f, 0xc3, 0xf3, 0xff,
    0x0e, 0xc4, 0xf3, 0xff, 0x0d, 0xc6, 0xf4, 0xff, 0x3a, 0xc7, 0xe8, 0xff, 0xa7, 0xc7, 0xca, 0xff,
    0xd3, 0xc8, 0xbf, 0xff, 0xd7, 0xcd, 0xc4, 0xff, 0xda, 0xd1, 0xc8, 0xff, 0xdb, 0xd3, 0xc9, 0xff,
    0xdb, 0xd3, 0xc9, 0xff, 0xda, 0xd1, 0xc8, 0xff, 0xd7, 0xcd, 0xc4, 0xff, 0xd3, 0xc8, 0xbf, 0xff,
    0xd2, 0xc7, 0xbe, 0xc7, 0xd4, 0xc7, 0xbe, 0x3b, 0x00, 0x00, 0x00, 0x00, 0x00, 0x00, 0x00, 0x00,
    0x00, 0x00, 0x00, 0x00, 0x00, 0x00, 0x00, 0x00, 0x00, 0x00, 0x00, 0x00, 0x00, 0x00, 0x00, 0x00,
    0x00, 0x00, 0x00, 0x00, 0x00, 0x00, 0x00, 0x00, 0x00, 0x00, 0x00, 0x00, 0x00, 0x00, 0x00, 0x00,
    0x00, 0x00, 0x00, 0x00, 0x00, 0x00, 0x00, 0x00, 0x00, 0x00, 0x00, 0x00, 0x00, 0x00, 0x00, 0x00,
    0x00, 0x00, 0x00, 0x00, 0x00, 0x00, 0x00, 0x00, 0x00, 0x00, 0x00, 0x00, 0x1a, 0xb6, 0xeb, 0x4d,
    0x18, 0xb5, 0xec, 0xff, 0x17, 0xb7, 0xed, 0xff, 0x16, 0xb8, 0xee, 0xff, 0x15, 0xba, 0xee, 0xff,
    0x14, 0xbb, 0xef, 0xff, 0x13, 0xbc, 0xf0, 0xff, 0x13, 0xbd, 0xf0, 0xff, 0x12, 0xbf, 0xf1, 0xff,
    0x16, 0xc0, 0xf0, 0xff, 0x8a, 0xc5, 0xd1, 0xff, 0xd4, 0xca, 0xc1, 0xff, 0xdd, 0xd7, 0xcc, 0xff,
    0xe2, 0xdd, 0xd3, 0xff, 0xe2, 0xde, 0xd3, 0xff, 0xe2, 0xde, 0xd3, 0xff, 0xe2, 0xde, 0xd3, 0xff,
    0xe2, 0xde, 0xd3, 0xff, 0xe2, 0xde, 0xd3, 0xff, 0xe2, 0xde, 0xd3, 0xff, 0xe2, 0xdd, 0xd3, 0xff,
    0xdd, 0xd7, 0xcc, 0xff, 0xd4, 0xca, 0xc1, 0xff, 0xd3, 0xc6, 0xbe, 0xa1, 0xdb, 0xb6, 0xb6, 0x07,
    0x00, 0x00, 0x00, 0x00, 0x00, 0x00, 0x00, 0x00, 0x00, 0x00, 0x00, 0x00, 0x00, 0x00, 0x00, 0x00,
    0x00, 0x00, 0x00, 0x00, 0x00, 0x00, 0x00, 0x00, 0x00, 0x00, 0x00, 0x00, 0x00, 0x00, 0x00, 0x00,
    0x00, 0x00, 0x00, 0x00, 0x00, 0x00, 0x00, 0x00, 0x00, 0x00, 0x00, 0x00, 0x00, 0x00, 0x00, 0x00,
    0x00, 0x00, 0x00, 0x00, 0x00, 0x00, 0x00, 0x00, 0x00, 0x00, 0x00, 0x00, 0x1a, 0xb1, 0xe9, 0x3b,
    0x1a, 0xb2, 0xea, 0xff, 0x19, 0xb3, 0xeb, 0xff, 0x19, 0xb4, 0xec, 0xff, 0x18, 0xb5, 0xec, 0xff,
    0x17, 0xb7, 0xed, 0xff, 0x16, 0xb8, 0xee, 0xff, 0x15, 0xb9, 0xee, 0xff, 0x22, 0xbb, 0xeb, 0xff,
    0xa2, 0xc4, 0xcb, 0xff, 0xda, 0xd2, 0xc8, 0xff, 0xe2, 0xdd, 0xd2, 0xff, 0xe2, 0xde, 0xd3, 0xff,
    0xe2, 0xde, 0xd3, 0xff, 0xe2, 0xde, 0xd3, 0xff, 0xe2, 0xde, 0xd3, 0xff, 0xe2, 0xde, 0xd3, 0xff,
    0xe2, 0xde, 0xd3, 0xff, 0xe2, 0xde, 0xd3, 0xff, 0xe2, 0xde, 0xd3, 0xff, 0xe2, 0xde, 0xd3, 0xff,
    0xe2, 0xde, 0xd3, 0xff, 0xe2, 0xdd, 0xd2, 0xff, 0xda, 0xd2, 0xc8, 0xff, 0xd3, 0xc6, 0xbf, 0xb4,
    0xd5, 0xc6, 0xb8, 0x12, 0x00, 0x00, 0x00, 0x00, 0x00, 0x00, 0x00, 0x00, 0x00, 0x00, 0x00, 0x00,
    0x00, 0x00, 0x00, 0x00, 0x00, 0x00, 0x00, 0x00, 0x00, 0x00, 0x00, 0x00, 0x00, 0x00, 0x00, 0x00,
    0x00, 0x00, 0x00, 0x00, 0x00, 0x00, 0x00, 0x00, 0x00, 0x00, 0x00, 0x00, 0x00, 0x00, 0x00, 0x00,
    0x00, 0x00, 0x00, 0x00, 0x00, 0x00, 0x00, 0x00, 0x00, 0x00, 0x00, 0x00, 0x17, 0xa2, 0xe8, 0x0b,
    0x1d, 0xad, 0xe8, 0xf4, 0x1c, 0xaf, 0xe9, 0xff, 0x1b, 0xb0, 0xea, 0xff, 0x1b, 0xb1, 0xea, 0xff,
    0x1a, 0xb2, 0xeb, 0xff, 0x19, 0xb4, 0xeb, 0xff, 0x19, 0xb5, 0xec, 0xff, 0x96, 0xc2, 0xce, 0xff,
    0xdd, 0xd7, 0xcd, 0xff, 0xe2, 0xde, 0xd3, 0xff, 0xe2, 0xde, 0xd3, 0xff, 0xe2, 0xde, 0xd3, 0xff,
    0xe2, 0xde, 0xd3, 0xff, 0xe2, 0xde, 0xd3, 0xff, 0xe2, 0xde, 0xd3, 0xff, 0xe2, 0xde, 0xd3, 0xff,
    0xe2, 0xde, 0xd3, 0xff, 0xe2, 0xde, 0xd3, 0xff, 0xe2, 0xde, 0xd3, 0xff, 0xe2, 0xde, 0xd3, 0xff,
    0xe2, 0xde, 0xd3, 0xff, 0xe2, 0xde, 0xd3, 0xff, 0xe2, 0xde, 0xd3, 0xff, 0xdd, 0xd6, 0xcc, 0xff,
    0xd3, 0xc7, 0xbf, 0xac, 0xff, 0xff, 0xff, 0x01, 0x00, 0x00, 0x00, 0x00, 0x00, 0x00, 0x00, 0x00,
    0x00, 0x00, 0x00, 0x00, 0x00, 0x00, 0x00, 0x00, 0x00, 0x00, 0x00, 0x00, 0x00, 0x00, 0x00, 0x00,
    0x00, 0x00, 0x00, 0x00, 0x00, 0x00, 0x00, 0x00, 0x00, 0x00, 0x00, 0x00, 0x00, 0x00, 0x00, 0x00,
    0x00, 0x00, 0x00, 0x00, 0x00, 0xaa, 0xff, 0x03, 0x0a, 0xcc, 0xf9, 0x50, 0x06, 0xd5, 0xfb, 0x85,
    0x1e, 0xac, 0xe6, 0x87, 0x20, 0xab, 0xe7, 0xff, 0x35, 0xb0, 0xe2, 0xff, 0x3f, 0xb2, 0xe0, 0xff,
    0x31, 0xb1, 0xe4, 0xff, 0x1c, 0xb0, 0xe9, 0xff, 0x68, 0xba, 0xd8, 0xff, 0xda, 0xd4, 0xca, 0xff,
    0xe2, 0xde, 0xd3, 0xff, 0xe2, 0xde, 0xd3, 0xff, 0xe2, 0xde, 0xd3, 0xff, 0xe2, 0xde, 0xd3, 0xff,
    0xe2, 0xde, 0xd3, 0xff, 0xe2, 0xde, 0xd3, 0xff, 0xe2, 0xde, 0xd3, 0xff, 0xe2, 0xde, 0xd3, 0xff,
    0xe2, 0xde, 0xd3, 0xff, 0xe2, 0xde, 0xd3, 0xff, 0xe2, 0xde, 0xd3, 0xff, 0xe2, 0xde, 0xd3, 0xff,
    0xe2, 0xde, 0xd3, 0xff, 0xe2, 0xde, 0xd3, 0xff, 0xe2, 0xde, 0xd3, 0xff, 0xe2, 0xde, 0xd3, 0xff,
    0xdb, 0xd4, 0xca, 0xfe, 0xd2, 0xc6, 0xbd, 0x6c, 0x00, 0x00, 0x00, 0x00, 0xd3, 0xc1, 0xc1, 0x1d,
    0xd0, 0xc6, 0xc1, 0x31, 0xd1, 0xc9, 0xc1, 0x21, 0xff, 0xff, 0x80, 0x02, 0x00, 0x00, 0x00, 0x00,
    0x00, 0x00, 0x00, 0x00, 0x00, 0x00, 0x00, 0x00, 0x00, 0x00, 0x00, 0x00, 0x00, 0x00, 0x00, 0x00,
    0x00, 0x00, 0x00, 0x00, 0x17, 0xba, 0xf0, 0x9e, 0x11, 0xc0, 0xf3, 0xff, 0x18, 0xc7, 0xf3, 0xfc,
    0xae, 0xc4, 0xc7, 0x8e, 0xc1, 0xc3, 0xc2, 0xff, 0xd2, 0xc6, 0xbe, 0xff, 0xd2, 0xc7, 0xbf, 0xff,
    0xd2, 0xc6, 0xbe, 0xff, 0xb9, 0xc3, 0xc4, 0xff, 0xcb, 0xcc, 0xc8, 0xff, 0xe2, 0xde, 0xd3, 0xff,
    0xe2, 0xde, 0xd3, 0xff, 0xe2, 0xde, 0xd3, 0xff, 0xe2, 0xde, 0xd3, 0xff, 0xe2, 0xde, 0xd3, 0xff,
    0xe2, 0xde, 0xd3, 0xff, 0xe2, 0xde, 0xd3, 0xff, 0xe0, 0xdb, 0xd0, 0xff, 0xde, 0xd8, 0xce, 0xff,
    0xde, 0xd8, 0xce, 0xff, 0xe0, 0xdb, 0xd1, 0xff, 0xe2, 0xde, 0xd3, 0xff, 0xe2, 0xde, 0xd3, 0xff,
    0xe2, 0xde, 0xd3, 0xff, 0xe2, 0xde, 0xd3, 0xff, 0xe2, 0xde, 0xd3, 0xff, 0xe2, 0xde, 0xd3, 0xff,
    0xe2, 0xde, 0xd3, 0xff, 0xd8, 0xcf, 0xc6, 0xee, 0xd2, 0xc6, 0xbe, 0xdb, 0xd2, 0xc6, 0xbe, 0xff,
    0xd2, 0xc7, 0xbf, 0xff, 0xd2, 0xc6, 0xbe, 0xff, 0xd2, 0xc6, 0xbe, 0xe7, 0xd3, 0xc5, 0xbf, 0x73,
    0xdb, 0xc8, 0xb6, 0x0e, 0x00, 0x00, 0x00, 0x00, 0x00, 0x00, 0x00, 0x00, 0x00, 0x00, 0x00, 0x00,
    0x00, 0x00, 0x00, 0x00, 0x1f, 0xab, 0xea, 0x7c, 0x4e, 0xb7, 0xe0, 0xb4, 0xc2, 0xc5, 0xc3, 0xf5,
    0xd9, 0xd0, 0xc7, 0xff, 0xde, 0xd9, 0xce, 0xff, 0xe1, 0xdd, 0xd2, 0xff, 0xe2, 0xde, 0xd3, 0xff,
    0xe1, 0xdd, 0xd2, 0xff, 0xde, 0xd8, 0xce, 0xff, 0xe1, 0xdc, 0xd1, 0xff, 0xe2, 0xde, 0xd3, 0xff,
    0xe2, 0xde, 0xd3, 0xff, 0xe2, 0xde, 0xd3, 0xff, 0xe2, 0xde, 0xd3, 0xff, 0xe2, 0xde, 0xd3, 0xff,
    0xdc, 0xd5, 0xcc, 0xff, 0xd4, 0xca, 0xc1, 0xff, 0xd2, 0xc6, 0xbe, 0xff, 0xd2, 0xc7, 0xbf, 0xff,
    0xd2, 0xc6, 0xbe, 0xff, 0xd2, 0xc6, 0xbe, 0xff, 0xd5, 0xcb, 0xc2, 0xff, 0xdd, 0xd6, 0xcc, 0xff,
    0xe2, 0xde, 0xd3, 0xff, 0xe2, 0xde, 0xd3, 0xff, 0xe2, 0xde, 0xd3, 0xff, 0xe2, 0xde, 0xd3, 0xff,
    0xe2, 0xde, 0xd3, 0xff, 0xe1, 0xdc, 0xd1, 0xff, 0xde, 0xd8, 0xce, 0xff, 0xe1, 0xdd, 0xd2, 0xff,
    0xe2, 0xde, 0xd3, 0xff, 0xe1, 0xdd, 0xd2, 0xff, 0xde, 0xd9, 0xce, 0xff, 0xd9, 0xd0, 0xc7, 0xff,
    0xd2, 0xc6, 0xbe, 0xdf, 0xd2, 0xc6, 0xbf, 0x28, 0x00, 0x00, 0x00, 0x00, 0x00, 0x00, 0x00, 0x00,
    0x00, 0x00, 0x00, 0x00, 0xd5, 0xc6, 0xbf, 0x24, 0xd4, 0xca, 0xc1, 0xe7, 0xde, 0xd8, 0xce, 0xff,
    0xe2, 0xde, 0xd3, 0xff, 0xe2, 0xde, 0xd3, 0xff, 0xe2, 0xde, 0xd3, 0xff, 0xe2, 0xde, 0xd3, 0xff,
    0xe2, 0xde, 0xd3, 0xff, 0xe2, 0xde, 0xd3, 0xff, 0xe2, 0xde, 0xd3, 0xff, 0xe2, 0xde, 0xd3, 0xff,
    0xe2, 0xde, 0xd3, 0xff, 0xe2, 0xde, 0xd3, 0xff, 0xe2, 0xdd, 0xd3, 0xff, 0xd8, 0xcf, 0xc6, 0xff,
    0xd5, 0xcb, 0xc2, 0xff, 0xdc, 0xd5, 0xcb, 0xff, 0xe0, 0xdb, 0xd1, 0xff, 0xe2, 0xde, 0xd3, 0xff,
    0xe2, 0xde, 0xd3, 0xff, 0xe0, 0xdb, 0xd0, 0xff, 0xdb, 0xd4, 0xca, 0xff, 0xd5, 0xca, 0xc2, 0xff,
    0xd9, 0xd1, 0xc7, 0xff, 0xe2, 0xde, 0xd3, 0xff, 0xe2, 0xde, 0xd3, 0xff, 0xe2, 0xde, 0xd3, 0xff,
    0xe2, 0xde, 0xd3, 0xff, 0xe2, 0xde, 0xd3, 0xff, 0xe2, 0xde, 0xd3, 0xff, 0xe2, 0xde, 0xd3, 0xff,
    0xe2, 0xde, 0xd3, 0xff, 0xe2, 0xde, 0xd3, 0xff, 0xe2, 0xde, 0xd3, 0xff, 0xe2, 0xde, 0xd3, 0xff,
    0xde, 0xd8, 0xce, 0xff, 0xd4, 0xc9, 0xc1, 0xe3, 0xd5, 0xc6, 0xbf, 0x24, 0x00, 0x00, 0x00, 0x00,
    0x00, 0x00, 0x00, 0x00, 0xd5, 0xc9, 0xc0, 0xab, 0xe0, 0xdb, 0xd1, 0xff, 0xe2, 0xde, 0xd3, 0xff,
    0xe2, 0xde, 0xd3, 0xff, 0xe2, 0xde, 0xd3, 0xff, 0xe2, 0xde, 0xd3, 0xff, 0xe2, 0xde, 0xd3, 0xff,
    0xe2, 0xde, 0xd3, 0xff, 0xe2, 0xde, 0xd3, 0xff, 0xe2, 0xde, 0xd3, 0xff, 0xe2, 0xde, 0xd3, 0xff,
    0xe2, 0xde, 0xd3, 0xff, 0xe2, 0xde, 0xd3, 0xff, 0xd9, 0xd1, 0xc8, 0xff, 0xda, 0xd1, 0xc8, 0xff,
    0xe1, 0xdd, 0xd2, 0xff, 0xe2, 0xde, 0xd3, 0xff, 0xe2, 0xde, 0xd3, 0xff, 0xe2, 0xde, 0xd3, 0xff,
    0xe2, 0xde, 0xd3, 0xff, 0xe2, 0xde, 0xd3, 0xff, 0xe2, 0xde, 0xd3, 0xff, 0xe1, 0xdd, 0xd2, 0xff,
    0xd8, 0xd0, 0xc6, 0xff, 0xdb, 0xd3, 0xc9, 0xff, 0xe2, 0xde, 0xd3, 0xff, 0xe2, 0xde, 0xd3, 0xff,
    0xe2, 0xde, 0xd3, 0xff, 0xe2, 0xde, 0xd3, 0xff, 0xe2, 0xde, 0xd3, 0xff, 0xe2, 0xde, 0xd3, 0xff,
    0xe2, 0xde, 0xd3, 0xff, 0xe2, 0xde, 0xd3, 0xff, 0xe2, 0xde, 0xd3, 0xff, 0xe2, 0xde, 0xd3, 0xff,
    0xe2, 0xde, 0xd3, 0xff, 0xe0, 0xdb, 0xd0, 0xff, 0xd5, 0xc9, 0xc0, 0xab, 0x00, 0x00, 0x00, 0x00,
    0xd2, 0xc3, 0xbc, 0x22, 0xdc, 0xd5, 0xcb, 0xfa, 0xe2, 0xde, 0xd3, 0xff, 0xe2, 0xde, 0xd3, 0xff,
    0xe2, 0xde, 0xd3, 0xff, 0xe2, 0xde, 0xd3, 0xff, 0xe2, 0xde, 0xd3, 0xff, 0xe2, 0xde, 0xd3, 0xff,
    0xe2, 0xde, 0xd3, 0xff, 0xe1, 0xdc, 0xd2, 0xff, 0xda, 0xd2, 0xc8, 0xff, 0xd6, 0xcc, 0xc3, 0xff,
    0xd5, 0xca, 0xc2, 0xff, 0xd7, 0xce, 0xc5, 0xff, 0xd8, 0xcf, 0xc6, 0xff, 0xe2, 0xde, 0xd3, 0xff,
    0xe2, 0xde, 0xd3, 0xff, 0xe2, 0xde, 0xd3, 0xff, 0xe2, 0xde, 0xd3, 0xff, 0xe2, 0xde, 0xd3, 0xff,
    0xe2, 0xde, 0xd3, 0xff, 0xe2, 0xde, 0xd3, 0xff, 0xe2, 0xde, 0xd3, 0xff, 0xe2, 0xde, 0xd3, 0xff,
    0xe2, 0xde, 0xd3, 0xff, 0xd7, 0xce, 0xc5, 0xff, 0xd7, 0xce, 0xc5, 0xff, 0xd5, 0xca, 0xc2, 0xff,
    0xd6, 0xcc, 0xc3, 0xff, 0xda, 0xd3, 0xc9, 0xff, 0xe1, 0xdd, 0xd2, 0xff, 0xe2, 0xde, 0xd3, 0xff,
    0xe2, 0xde, 0xd3, 0xff, 0xe2, 0xde, 0xd3, 0xff, 0xe2, 0xde, 0xd3, 0xff, 0xe2, 0xde, 0xd3, 0xff,
    0xe2, 0xde, 0xd3, 0xff, 0xe2, 0xde, 0xd3, 0xff, 0xdc, 0xd5, 0xcb, 0xfa, 0xd2, 0xc3, 0xbc, 0x22,
    0xd5, 0xca, 0xc1, 0x74, 0xe2, 0xdd, 0xd2, 0xff, 0xe2, 0xde, 0xd3, 0xff, 0xe2, 0xde, 0xd3, 0xff,
    0xe2, 0xde, 0xd3, 0xff, 0xe2, 0xde, 0xd3, 0xff, 0xe2, 0xde, 0xd3, 0xff, 0xe2, 0xde, 0xd3, 0xff,
    0xe1, 0xdc, 0xd1, 0xff, 0xd5, 0xca, 0xc1, 0xff, 0xd6, 0xcd, 0xc4, 0xff, 0xdb, 0xd3, 0xc9, 0xff,
    0xdb, 0xd4, 0xca, 0xff, 0xd9, 0xd1, 0xc7, 0xff, 0xe2, 0xdd, 0xd2, 0xff, 0xe2, 0xde, 0xd3, 0xff,
    0xe2, 0xde, 0xd3, 0xff, 0xe2, 0xde, 0xd3, 0xff, 0xe2, 0xde, 0xd3, 0xff, 0xe2, 0xde, 0xd3, 0xff,
    0xe2, 0xde, 0xd3, 0xff, 0xe2, 0xde, 0xd3, 0xff, 0xe2, 0xde, 0xd3, 0xff, 0xe2, 0xde, 0xd3, 0xff,
    0xe2, 0xde, 0xd3, 0xff, 0xe1, 0xdc, 0xd2, 0xff, 0xd9, 0xd1, 0xc7, 0xff, 0xdb, 0xd4, 0xcb, 0xff,
    0xda, 0xd3, 0xc9, 0xff, 0xd6, 0xcc, 0xc3, 0xff, 0xd6, 0xcc, 0xc3, 0xff, 0xe1, 0xdd, 0xd2, 0xff,
    0xe2, 0xde, 0xd3, 0xff, 0xe2, 0xde, 0xd3, 0xff, 0xe2, 0xde, 0xd3, 0xff, 0xe2, 0xde, 0xd3, 0xff,
    0xe2, 0xde, 0xd3, 0xff, 0xe2, 0xde, 0xd3, 0xff, 0xe2, 0xdd, 0xd2, 0xff, 0xd5, 0xca, 0xc1, 0x74,
    0xdd, 0xd8, 0xcd, 0x90, 0xe2, 0xde, 0xd3, 0xff, 0xe2, 0xde, 0xd3, 0xff, 0xe2, 0xde, 0xd3, 0xff,
    0xe2, 0xde, 0xd3, 0xff, 0xe2, 0xde, 0xd3, 0xff, 0xe2, 0xde, 0xd3, 0xff, 0xe2, 0xde, 0xd3, 0xff,
    0xd8, 0xcf, 0xc6, 0xff, 0xdd, 0xd7, 0xcd, 0xff, 0xe2, 0xde, 0xd3, 0xff, 0xe2, 0xde, 0xd3, 0xff,
    0xe2, 0xde, 0xd3, 0xff, 0xe2, 0xde, 0xd3, 0xff, 0xe2, 0xde, 0xd3, 0xff, 0xe2, 0xde, 0xd3, 0xff,
    0xe2, 0xde, 0xd3, 0xff, 0xe2, 0xde, 0xd3, 0xff, 0xe2, 0xde, 0xd3, 0xff, 0xe2, 0xde, 0xd3, 0xff,
    0xe2, 0xde, 0xd3, 0xff, 0xe2, 0xde, 0xd3, 0xff, 0xe2, 0xde, 0xd3, 0xff, 0xe2, 0xde, 0xd3, 0xff,
    0xe2, 0xde, 0xd3, 0xff, 0xe2, 0xde, 0xd3, 0xff, 0xe2, 0xde, 0xd3, 0xff, 0xe2, 0xde, 0xd3, 0xff,
    0xe2, 0xde, 0xd3, 0xff, 0xe2, 0xde, 0xd3, 0xff, 0xdc, 0xd5, 0xcb, 0xff, 0xd9, 0xd1, 0xc7, 0xff,
    0xe2, 0xde, 0xd3, 0xff, 0xe2, 0xde, 0xd3, 0xff, 0xe2, 0xde, 0xd3, 0xff, 0xe2, 0xde, 0xd3, 0xff,
    0xe2, 0xde, 0xd3, 0xff, 0xe2, 0xde, 0xd3, 0xff, 0xe2, 0xde, 0xd3, 0xff, 0xdd, 0xd8, 0xcd, 0x90,
    0xe1, 0xde, 0xd2, 0x92, 0xe2, 0xde, 0xd3, 0xff, 0xe2, 0xde, 0xd3, 0xff, 0xe2, 0xde, 0xd3, 0xff,
    0xe2, 0xde, 0xd3, 0xff, 0xe2, 0xde, 0xd3, 0xff, 0xe2, 0xde, 0xd3, 0xff, 0xe1, 0xdd, 0xd2, 0xff,
    0xdc, 0xd5, 0xcb, 0xff, 0xe2, 0xde, 0xd3, 0xff, 0xe2, 0xde, 0xd3, 0xff, 0xe2, 0xde, 0xd3, 0xff,
    0xe2, 0xde, 0xd3, 0xff, 0xe2, 0xde, 0xd3, 0xff, 0xe2, 0xde, 0xd3, 0xff, 0xe2, 0xde, 0xd3, 0xff,
    0xe2, 0xde, 0xd3, 0xff, 0xe2, 0xde, 0xd3, 0xff, 0xe2, 0xde, 0xd3, 0xff, 0xe2, 0xde, 0xd3, 0xff,
    0xe2, 0xde, 0xd3, 0xff, 0xe2, 0xde, 0xd3, 0xff, 0xe2, 0xde, 0xd3, 0xff, 0xe2, 0xde, 0xd3, 0xff,
    0xe2, 0xde, 0xd3, 0xff, 0xe2, 0xde, 0xd3, 0xff, 0xe2, 0xde, 0xd3, 0xff, 0xe2, 0xde, 0xd3, 0xff,
    0xe2, 0xde, 0xd3, 0xff, 0xe2, 0xde, 0xd3, 0xff, 0xe2, 0xde, 0xd3, 0xff, 0xdb, 0xd4, 0xca, 0xff,
    0xe2, 0xdd, 0xd2, 0xff, 0xe2, 0xde, 0xd3, 0xff, 0xe2, 0xde, 0xd3, 0xff, 0xe2, 0xde, 0xd3, 0xff,
    0xe2, 0xde, 0xd3, 0xff, 0xe2, 0xde, 0xd3, 0xff, 0xe2, 0xde, 0xd3, 0xff, 0xe1, 0xde, 0xd2, 0x92,
    0xe2, 0xde, 0xd4, 0x8d, 0xe2, 0xde, 0xd3, 0xff, 0xe2, 0xde, 0xd3, 0xff, 0xe2, 0xde, 0xd3, 0xff,
    0xe2, 0xde, 0xd3, 0xff, 0xe2, 0xde, 0xd3, 0xff, 0xe2, 0xde, 0xd3, 0xff, 0xe1, 0xdc, 0xd2, 0xff,
    0xe1, 0xdc, 0xd1, 0xff, 0xe2, 0xde, 0xd3, 0xff, 0xe2, 0xde, 0xd3, 0xff, 0xe2, 0xde, 0xd3, 0xff,
    0xe2, 0xde, 0xd3, 0xff, 0xe2, 0xde, 0xd3, 0xff, 0xe2, 0xde, 0xd3, 0xff, 0xe2, 0xde, 0xd3, 0xff,
    0xe2, 0xde, 0xd3, 0xff, 0xe2, 0xde, 0xd3, 0xff, 0xe2, 0xde, 0xd3, 0xff, 0xe2, 0xde, 0xd3, 0xff,
    0xe2, 0xde, 0xd3, 0xff, 0xe2, 0xde, 0xd3, 0xff, 0xe2, 0xde, 0xd3, 0xff, 0xe2, 0xde, 0xd3, 0xff,
    0xe2, 0xde, 0xd3, 0xff, 0xe2, 0xde, 0xd3, 0xff, 0xe2, 0xde, 0xd3, 0xff, 0xe2, 0xde, 0xd3, 0xff,
    0xe2, 0xde, 0xd3, 0xff, 0xe2, 0xde, 0xd3, 0xff, 0xe2, 0xde, 0xd3, 0xff, 0xe0, 0xdc, 0xd1, 0xff,
    0xe1, 0xdd, 0xd2, 0xff, 0xe2, 0xde, 0xd3, 0xff, 0xe2, 0xde, 0xd3, 0xff, 0xe2, 0xde, 0xd3, 0xff,
    0xe2, 0xde, 0xd3, 0xff, 0xe2, 0xde, 0xd3, 0xff, 0xe2, 0xde, 0xd3, 0xff, 0xe2, 0xde, 0xd4, 0x8d,
    0xe1, 0xde, 0xd2, 0x66, 0xe2, 0xde, 0xd3, 0xff, 0xe2, 0xde, 0xd3, 0xff, 0xe2, 0xde, 0xd3, 0xff,
    0xe2, 0xde, 0xd3, 0xff, 0xe2, 0xde, 0xd3, 0xff, 0xe2, 0xde, 0xd3, 0xff, 0xe2, 0xde, 0xd3, 0xff,
    0xe2, 0xde, 0xd3, 0xff, 0xe2, 0xde, 0xd3, 0xff, 0xe2, 0xde, 0xd3, 0xff, 0xe2, 0xde, 0xd3, 0xff,
    0xe2, 0xde, 0xd3, 0xff, 0xe2, 0xde, 0xd3, 0xff, 0xe2, 0xde, 0xd3, 0xff, 0xe2, 0xde, 0xd3, 0xff,
    0xe2, 0xde, 0xd3, 0xff, 0xe2, 0xde, 0xd3, 0xff, 0xe2, 0xde, 0xd3, 0xff, 0xe2, 0xde, 0xd3, 0xff,
    0xe2, 0xde, 0xd3, 0xff, 0xe2, 0xde, 0xd3, 0xff, 0xe2, 0xde, 0xd3, 0xff, 0xe2, 0xde, 0xd3, 0xff,
    0xe2, 0xde, 0xd3, 0xff, 0xe2, 0xde, 0xd3, 0xff, 0xe2, 0xde, 0xd3, 0xff, 0xe2, 0xde, 0xd3, 0xff,
    0xe2, 0xde, 0xd3, 0xff, 0xe2, 0xde, 0xd3, 0xff, 0xe2, 0xde, 0xd3, 0xff, 0xe2, 0xde, 0xd3, 0xff,
    0xe2, 0xde, 0xd3, 0xff, 0xe2, 0xde, 0xd3, 0xff, 0xe2, 0xde, 0xd3, 0xff, 0xe2, 0xde, 0xd3, 0xff,
    0xe2, 0xde, 0xd3, 0xff, 0xe2, 0xde, 0xd3, 0xff, 0xe2, 0xde, 0xd3, 0xff, 0xe1, 0xde, 0xd2, 0x66,
    0xe1, 0xe1, 0xd2, 0x11, 0xe2, 0xde, 0xd3, 0xf4, 0xe2, 0xde, 0xd3, 0xff, 0xe2, 0xde, 0xd3, 0xff,
    0xe2, 0xde, 0xd3, 0xff, 0xe2, 0xde, 0xd3, 0xff, 0xe2, 0xde, 0xd3, 0xff, 0xe2, 0xde, 0xd3, 0xff,
    0xe2, 0xde, 0xd3, 0xff, 0xe2, 0xde, 0xd3, 0xff, 0xe2, 0xde, 0xd3, 0xff, 0xe2, 0xde, 0xd3, 0xff,
    0xe2, 0xde, 0xd3, 0xff, 0xe2, 0xde, 0xd3, 0xff, 0xe2, 0xde, 0xd3, 0xff, 0xe2, 0xde, 0xd3, 0xff,
    0xe2, 0xde, 0xd3, 0xff, 0xe2, 0xde, 0xd3, 0xff, 0xe2, 0xde, 0xd3, 0xff, 0xe2, 0xde, 0xd3, 0xff,
    0xe2, 0xde, 0xd3, 0xff, 0xe2, 0xde, 0xd3, 0xff, 0xe2, 0xde, 0xd3, 0xff, 0xe2, 0xde, 0xd3, 0xff,
    0xe2, 0xde, 0xd3, 0xff, 0xe2, 0xde, 0xd3, 0xff, 0xe2, 0xde, 0xd3, 0xff, 0xe2, 0xde, 0xd3, 0xff,
    0xe2, 0xde, 0xd3, 0xff, 0xe2, 0xde, 0xd3, 0xff, 0xe2, 0xde, 0xd3, 0xff, 0xe2, 0xde, 0xd3, 0xff,
    0xe2, 0xde, 0xd3, 0xff, 0xe2, 0xde, 0xd3, 0xff, 0xe2, 0xde, 0xd3, 0xff, 0xe2, 0xde, 0xd3, 0xff,
    0xe2, 0xde, 0xd3, 0xff, 0xe2, 0xde, 0xd3, 0xff, 0xe2, 0xde, 0xd3, 0xf4, 0xe1, 0xe1, 0xd2, 0x11,
    0x00, 0x00, 0x00, 0x00, 0xe1, 0xde, 0xd3, 0x8a, 0xe2, 0xde, 0xd3, 0xff, 0xe2, 0xde, 0xd3, 0xff,
    0xe2, 0xde, 0xd3, 0xff, 0xe2, 0xde, 0xd3, 0xff, 0xe2, 0xde, 0xd3, 0xff, 0xe2, 0xde, 0xd3, 0xff,
    0xe2, 0xde, 0xd3, 0xff, 0xe2, 0xde, 0xd3, 0xff, 0xe2, 0xde, 0xd3, 0xff, 0xe2, 0xde, 0xd3, 0xff,
    0xe2, 0xde, 0xd3, 0xff, 0xe2, 0xde, 0xd3, 0xff, 0xe2, 0xde, 0xd3, 0xff, 0xe2, 0xde, 0xd3, 0xff,
    0xe2, 0xde, 0xd3, 0xff, 0xe2, 0xde, 0xd3, 0xff, 0xe2, 0xde, 0xd3, 0xff, 0xe2, 0xde, 0xd3, 0xff,
    0xe2, 0xde, 0xd3, 0xff, 0xe2, 0xde, 0xd3, 0xff, 0xe2, 0xde, 0xd3, 0xff, 0xe2, 0xde, 0xd3, 0xff,
    0xe2, 0xde, 0xd3, 0xff, 0xe2, 0xde, 0xd3, 0xff, 0xe2, 0xde, 0xd3, 0xff, 0xe2, 0xde, 0xd3, 0xff,
    0xe2, 0xde, 0xd3, 0xff, 0xe2, 0xde, 0xd3, 0xff, 0xe2, 0xde, 0xd3, 0xff, 0xe2, 0xde, 0xd3, 0xff,
    0xe2, 0xde, 0xd3, 0xff, 0xe2, 0xde, 0xd3, 0xff, 0xe2, 0xde, 0xd3, 0xff, 0xe2, 0xde, 0xd3, 0xff,
    0xe2, 0xde, 0xd3, 0xff, 0xe2, 0xde, 0xd3, 0xff, 0xe1, 0xde, 0xd3, 0x8a, 0x00, 0x00, 0x00, 0x00,
    0x00, 0x00, 0x00, 0x00, 0xe4, 0xe4, 0xd7, 0x13, 0xe2, 0xdd, 0xd3, 0xcd, 0xe2, 0xde, 0xd3, 0xff,
    0xe2, 0xde, 0xd3, 0xff, 0xe2, 0xde, 0xd3, 0xff, 0xe2, 0xde, 0xd3, 0xff, 0xe2, 0xde, 0xd3, 0xff,
    0xe2, 0xde, 0xd3, 0xff, 0xe2, 0xde, 0xd3, 0xff, 0xe2, 0xde, 0xd3, 0xff, 0xe2, 0xde, 0xd3, 0xff,
    0xe2, 0xde, 0xd3, 0xff, 0xe2, 0xde, 0xd3, 0xff, 0xe2, 0xde, 0xd3, 0xff, 0xe2, 0xde, 0xd3, 0xff,
    0xe2, 0xde, 0xd3, 0xff, 0xe2, 0xde, 0xd3, 0xff, 0xe2, 0xde, 0xd3, 0xff, 0xe2, 0xde, 0xd3, 0xff,
    0xe2, 0xde, 0xd3, 0xff, 0xe2, 0xde, 0xd3, 0xff, 0xe2, 0xde, 0xd3, 0xff, 0xe2, 0xde, 0xd3, 0xff,
    0xe2, 0xde, 0xd3, 0xff, 0xe2, 0xde, 0xd3, 0xff, 0xe2, 0xde, 0xd3, 0xff, 0xe2, 0xde, 0xd3, 0xff,
    0xe2, 0xde, 0xd3, 0xff, 0xe2, 0xde, 0xd3, 0xff, 0xe2, 0xde, 0xd3, 0xff, 0xe2, 0xde, 0xd3, 0xff,
    0xe2, 0xde, 0xd3, 0xff, 0xe2, 0xde, 0xd3, 0xff, 0xe2, 0xde, 0xd3, 0xff, 0xe2, 0xde, 0xd3, 0xff,
    0xe2, 0xde, 0xd3, 0xff, 0xe1, 0xde, 0xd3, 0xc6, 0xe4, 0xe4, 0xd7, 0x13, 0x00, 0x00, 0x00, 0x00,
    0x00, 0x00, 0x00, 0x00, 0x00, 0x00, 0x00, 0x00, 0xe3, 0xe3, 0xd5, 0x12, 0xe2, 0xdd, 0xd3, 0xaf,
    0xe2, 0xde, 0xd3, 0xff, 0xe2, 0xde, 0xd3, 0xff, 0xe2, 0xde, 0xd3, 0xff, 0xe2, 0xde, 0xd3, 0xff,
    0xe2, 0xde, 0xd3, 0xff, 0xe2, 0xde, 0xd3, 0xff, 0xe2, 0xde, 0xd3, 0xfd, 0xe2, 0xde, 0xd3, 0xe1,
    0xe2, 0xde, 0xd3, 0xff, 0xe2, 0xde, 0xd3, 0xff, 0xe2, 0xde, 0xd3, 0xff, 0xe2, 0xde, 0xd3, 0xff,
    0xe2, 0xde, 0xd3, 0xff, 0xe2, 0xde, 0xd3, 0xff, 0xe2, 0xde, 0xd3, 0xff, 0xe2, 0xde, 0xd3, 0xff,
    0xe2, 0xde, 0xd3, 0xff, 0xe2, 0xde, 0xd3, 0xff, 0xe2, 0xde, 0xd3, 0xff, 0xe2, 0xde, 0xd3, 0xff,
    0xe2, 0xde, 0xd3, 0xff, 0xe2, 0xde, 0xd3, 0xff, 0xe2, 0xde, 0xd3, 0xff, 0xe2, 0xde, 0xd3, 0xff,
    0xe3, 0xde, 0xd3, 0xe0, 0xe2, 0xde, 0xd3, 0xfd, 0xe2, 0xde, 0xd3, 0xff, 0xe2, 0xde, 0xd3, 0xff,
    0xe2, 0xde, 0xd3, 0xff, 0xe2, 0xde, 0xd3, 0xff, 0xe2, 0xde, 0xd3, 0xff, 0xe2, 0xde, 0xd3, 0xff,
    0xe2, 0xdd, 0xd3, 0xaf, 0xdd, 0xdd, 0xcc, 0x0f, 0x00, 0x00, 0x00, 0x00, 0x00, 0x00, 0x00, 0x00,
    0x00, 0x00, 0x00, 0x00, 0x00, 0x00, 0x00, 0x00, 0x00, 0x00, 0x00, 0x00, 0xd4, 0xd4, 0xd4, 0x06,
    0xe3, 0xe0, 0xd2, 0x49, 0xe3, 0xde, 0xd3, 0xa2, 0xe2, 0xde, 0xd3, 0xd2, 0xe2, 0xde, 0xd3, 0xe2,
    0xe3, 0xde, 0xd2, 0xce, 0xe1, 0xde, 0xd2, 0x9a, 0xe1, 0xdd, 0xd4, 0x3c, 0xe6, 0xd9, 0xd9, 0x14,
    0xe2, 0xde, 0xd3, 0xba, 0xe2, 0xde, 0xd3, 0xff, 0xe2, 0xde, 0xd3, 0xff, 0xe2, 0xde, 0xd3, 0xff,
    0xe2, 0xde, 0xd3, 0xff, 0xe2, 0xde, 0xd3, 0xff, 0xe2, 0xde, 0xd3, 0xff, 0xe2, 0xde, 0xd3, 0xff,
    0xe2, 0xde, 0xd3, 0xff, 0xe2, 0xde, 0xd3, 0xff, 0xe2, 0xde, 0xd3, 0xff, 0xe2, 0xde, 0xd3, 0xff,
    0xe2, 0xde, 0xd3, 0xff, 0xe2, 0xde, 0xd3, 0xff, 0xe2, 0xde, 0xd3, 0xff, 0xe2, 0xde, 0xd4, 0xb0,
    0xe6, 0xd9, 0xd9, 0x14, 0xe1, 0xdd, 0xd4, 0x3c, 0xe3, 0xde, 0xd4, 0x99, 0xe3, 0xde, 0xd2, 0xce,
    0xe2, 0xde, 0xd3, 0xe2, 0xe2, 0xde, 0xd3, 0xd2, 0xe3, 0xde, 0xd3, 0xa2, 0xe3, 0xe0, 0xd2, 0x49,
    0xd4, 0xd4, 0xd4, 0x06, 0x00, 0x00, 0x00, 0x00, 0x00, 0x00, 0x00, 0x00, 0x00, 0x00, 0x00, 0x00,
    0x00, 0x00, 0x00, 0x00, 0x00, 0x00, 0x00, 0x00, 0x00, 0x00, 0x00, 0x00, 0x00, 0x00, 0x00, 0x00,
    0x00, 0x00, 0x00, 0x00, 0x00, 0x00, 0x00, 0x00, 0x00, 0x00, 0x00, 0x00, 0x00, 0x00, 0x00, 0x00,
    0x00, 0x00, 0x00, 0x00, 0x00, 0x00, 0x00, 0x00, 0x00, 0x00, 0x00, 0x00, 0x00, 0x00, 0x00, 0x00,
    0xd4, 0xd4, 0xd4, 0x06, 0xe2, 0xde, 0xd3, 0x9c, 0xe2, 0xde, 0xd3, 0xff, 0xe2, 0xde, 0xd3, 0xff,
    0xe2, 0xde, 0xd3, 0xff, 0xe2, 0xde, 0xd3, 0xff, 0xe2, 0xde, 0xd3, 0xff, 0xe2, 0xde, 0xd3, 0xff,
    0xe2, 0xde, 0xd3, 0xff, 0xe2, 0xde, 0xd3, 0xff, 0xe2, 0xde, 0xd3, 0xff, 0xe2, 0xde, 0xd3, 0xff,
    0xe2, 0xde, 0xd3, 0xff, 0xe2, 0xde, 0xd3, 0xff, 0xe2, 0xde, 0xd3, 0x9c, 0xd4, 0xd4, 0xd4, 0x06,
    0x00, 0x00, 0x00, 0x00, 0x00, 0x00, 0x00, 0x00, 0x00, 0x00, 0x00, 0x00, 0x00, 0x00, 0x00, 0x00,
    0x00, 0x00, 0x00, 0x00, 0x00, 0x00, 0x00, 0x00, 0x00, 0x00, 0x00, 0x00, 0x00, 0x00, 0x00, 0x00,
    0x00, 0x00, 0x00, 0x00, 0x00, 0x00, 0x00, 0x00, 0x00, 0x00, 0x00, 0x00, 0x00, 0x00, 0x00, 0x00,
    0x00, 0x00, 0x00, 0x00, 0x00, 0x00, 0x00, 0x00, 0x00, 0x00, 0x00, 0x00, 0x00, 0x00, 0x00, 0x00,
    0x00, 0x00, 0x00, 0x00, 0x00, 0x00, 0x00, 0x00, 0x00, 0x00, 0x00, 0x00, 0x00, 0x00, 0x00, 0x00,
    0x00, 0x00, 0x00, 0x00, 0x00, 0x00, 0x00, 0x00, 0x00, 0x00, 0x00, 0x00, 0x00, 0x00, 0x00, 0x00,
    0x00, 0x00, 0x00, 0x00, 0x00, 0x00, 0x00, 0x00, 0xe4, 0xdf, 0xd1, 0x38, 0xe2, 0xde, 0xd3, 0xc4,
    0xe2, 0xde, 0xd3, 0xff, 0xe2, 0xde, 0xd3, 0xff, 0xe2, 0xde, 0xd3, 0xff, 0xe2, 0xde, 0xd3, 0xff,
    0xe2, 0xde, 0xd3, 0xff, 0xe2, 0xde, 0xd3, 0xff, 0xe2, 0xde, 0xd3, 0xff, 0xe2, 0xde, 0xd3, 0xff,
    0xe2, 0xde, 0xd3, 0xc4, 0xe4, 0xdf, 0xd1, 0x38, 0x00, 0x00, 0x00, 0x00, 0x00, 0x00, 0x00, 0x00,
    0x00, 0x00, 0x00, 0x00, 0x00, 0x00, 0x00, 0x00, 0x00, 0x00, 0x00, 0x00, 0x00, 0x00, 0x00, 0x00,
    0x00, 0x00, 0x00, 0x00, 0x00, 0x00, 0x00, 0x00, 0x00, 0x00, 0x00, 0x00, 0x00, 0x00, 0x00, 0x00,
    0x00, 0x00, 0x00, 0x00, 0x00, 0x00, 0x00, 0x00, 0x00, 0x00, 0x00, 0x00, 0x00, 0x00, 0x00, 0x00,
    0x00, 0x00, 0x00, 0x00, 0x00, 0x00, 0x00, 0x00, 0x00, 0x00, 0x00, 0x00, 0x00, 0x00, 0x00, 0x00,
    0x00, 0x00, 0x00, 0x00, 0x00, 0x00, 0x00, 0x00, 0x00, 0x00, 0x00, 0x00, 0x00, 0x00, 0x00, 0x00,
    0x00, 0x00, 0x00, 0x00, 0x00, 0x00, 0x00, 0x00, 0x00, 0x00, 0x00, 0x00, 0x00, 0x00, 0x00, 0x00,
    0x00, 0x00, 0x00, 0x00, 0x00, 0x00, 0x00, 0x00, 0x00, 0x00, 0x00, 0x00, 0x00, 0x00, 0x00, 0x00,
    0xe0, 0xe0, 0xd1, 0x32, 0xe3, 0xdf, 0xd4, 0x76, 0xe2, 0xde, 0xd2, 0xa0, 0xe1, 0xdf, 0xd3, 0xb5,
    0xe1, 0xdf, 0xd3, 0xb5, 0xe2, 0xde, 0xd2, 0xa0, 0xe2, 0xde, 0xd3, 0x74, 0xe0, 0xe0, 0xd1, 0x32,
    0x00, 0x00, 0x00, 0x00, 0x00, 0x00, 0x00, 0x00, 0x00, 0x00, 0x00, 0x00, 0x00, 0x00, 0x00, 0x00,
    0x00, 0x00, 0x00, 0x00, 0x00, 0x00, 0x00, 0x00, 0x00, 0x00, 0x00, 0x00, 0x00, 0x00, 0x00, 0x00,
    0x00, 0x00, 0x00, 0x00, 0x00, 0x00, 0x00, 0x00, 0x00, 0x00, 0x00, 0x00, 0x00, 0x00, 0x00, 0x00,
    0x00, 0x00, 0x00, 0x00, 0x00, 0x00, 0x00, 0x00, 0x00, 0x00, 0x00, 0x00, 0x00, 0x00, 0x00, 0x00,
    0x00, 0x00, 0x00, 0x00, 0x00, 0x00, 0x00, 0x00, 0x00, 0x00, 0x00, 0x00, 0x00, 0x00, 0x00, 0x00,
    0x00, 0x00, 0x00, 0x00, 0x00, 0x00, 0x00, 0x00, 0x00, 0x00, 0x00, 0x00, 0x00, 0x00, 0x00, 0x00,
    0x00, 0x00, 0x00, 0x00, 0x00, 0x00, 0x00, 0x00, 0x00, 0x00, 0x00, 0x00, 0x00, 0x00, 0x00, 0x00,
    0x00, 0x00, 0x00, 0x00, 0x00, 0x00, 0x00, 0x00, 0x00, 0x00, 0x00, 0x00, 0x00, 0x00, 0x00, 0x00,
    0x00, 0x00, 0x00, 0x00, 0x00, 0x00, 0x00, 0x00, 0x00, 0x00, 0x00, 0x00, 0x00, 0x00, 0x00, 0x00,
    0x00, 0x00, 0x00, 0x00, 0x00, 0x00, 0x00, 0x00, 0x00, 0x00, 0x00, 0x00, 0x00, 0x00, 0x00, 0x00,
    0x00, 0x00, 0x00, 0x00, 0x00, 0x00, 0x00, 0x00, 0x00, 0x00, 0x00, 0x00, 0x00, 0x00, 0x00, 0x00,
    0x00, 0x00, 0x00, 0x00, 0x00, 0x00, 0x00, 0x00, 0x00, 0x00, 0x00, 0x00, 0x00, 0x00, 0x00, 0x00,
    0x00, 0x00, 0x00, 0x00, 0x00, 0x00, 0x00, 0x00, 0x00, 0x00, 0x00, 0x00, 0x00, 0x00, 0x00, 0x00,
    0x00, 0x00, 0x00, 0x00, 0x00, 0x00, 0x00, 0x00, 0x00, 0x00, 0x00, 0x00, 0x00, 0x00, 0x00, 0x00,
    0x00, 0x00, 0x00, 0x00, 0x00, 0x00, 0x00, 0x00, 0x00, 0x00, 0x00, 0x00, 0x00, 0x00, 0x00, 0x00,
    0x00, 0x00, 0x00, 0x00, 0x00, 0x00, 0x00, 0x00, 0x00, 0x00, 0x00, 0x00, 0x00, 0x00, 0x00, 0x00,
    0x00, 0x00, 0x00, 0x00, 0x00, 0x00, 0x00, 0x00, 0x00, 0x00, 0x00, 0x00, 0x00, 0x00, 0x00, 0x00,
    0x00, 0x00, 0x00, 0x00, 0x00, 0x00, 0x00, 0x00, 0x00, 0x00, 0x00, 0x00, 0x00, 0x00, 0x00, 0x00,
    0x00, 0x00, 0x00, 0x00, 0x00, 0x00, 0x00, 0x00, 0x00, 0x00, 0x00, 0x00, 0x00, 0x00, 0x00, 0x00,
    0x00, 0x00, 0x00, 0x00, 0x00, 0x00, 0x00, 0x00, 0x00, 0x00, 0x00, 0x00, 0x00, 0x00, 0x00, 0x00,
    0x00, 0x00, 0x00, 0x00, 0x00, 0x00, 0x00, 0x00, 0x00, 0x00, 0x00, 0x00, 0x00, 0x00, 0x00, 0x00,
    0x00, 0x00, 0x00, 0x00, 0x00, 0x00, 0x00, 0x00, 0x00, 0x00, 0x00, 0x00, 0x00, 0x00, 0x00, 0x00,
    0x00, 0x00, 0x00, 0x00, 0x00, 0x00, 0x00, 0x00, 0x00, 0x00, 0x00, 0x00, 0x00, 0x00, 0x00, 0x00,
    0x00, 0x00, 0x00, 0x00, 0x00, 0x00, 0x00, 0x00, 0x00, 0x00, 0x00, 0x00, 0x00, 0x00, 0x00, 0x00,
    0x00, 0x00, 0x00, 0x00, 0x00, 0x00, 0x00, 0x00, 0x00, 0x00, 0x00, 0x00, 0x00, 0x00, 0x00, 0x00,
    0x00, 0x00, 0x00, 0x00, 0x00, 0x00, 0x00, 0x00, 0x00, 0x00, 0x00, 0x00, 0x00, 0x00, 0x00, 0x00,
    0x00, 0x00, 0x00, 0x00, 0x00, 0x00, 0x00, 0x00, 0x00, 0x00, 0x00, 0x00, 0x00, 0x00, 0x00, 0x00,
    0x00, 0x00, 0x00, 0x00, 0x00, 0x00, 0x00, 0x00, 0x00, 0x00, 0x00, 0x00, 0x00, 0x00, 0x00, 0x00,
    0x00, 0x00, 0x00, 0x00, 0x00, 0x00, 0x00, 0x00, 0x00, 0x00, 0x00, 0x00, 0x00, 0x00, 0x00, 0x00,
    0x00, 0x00, 0x00, 0x00, 0x00, 0x00, 0x00, 0x00, 0x00, 0x00, 0x00, 0x00, 0x00, 0x00, 0x00, 0x00,
    0x00, 0x00, 0x00, 0x00, 0x00, 0x00, 0x00, 0x00, 0x00, 0x00, 0x00, 0x00, 0x00, 0x00, 0x00, 0x00,
    0x00, 0x00, 0x00, 0x00, 0x00, 0x00, 0x00, 0x00, 0x00, 0x00, 0x00, 0x00, 0x00, 0x00, 0x00, 0x00,
    0x00, 0x00, 0x00, 0x00, 0x00, 0x00, 0x00, 0x00, 0x00, 0x00, 0x00, 0x00, 0x00, 0x00, 0x00, 0x00,
    0x00, 0x00, 0x00, 0x00, 0x00, 0x00, 0x00, 0x00, 0x00, 0x00, 0x00, 0x00, 0x00, 0x00, 0x00, 0x00,
    0x00, 0x00, 0x00, 0x00, 0x00, 0x00, 0x00, 0x00, 0x00, 0x00, 0x00, 0x00, 0x00, 0x00, 0x00, 0x00,
    0x00, 0x00, 0x00, 0x00, 0x00, 0x00, 0x00, 0x00, 0x00, 0x00, 0x00, 0x00, 0x00, 0x00, 0x00, 0x00,
    0x00, 0x00, 0x00, 0x00, 0x00, 0x00, 0x00, 0x00, 0x00, 0x00, 0x00, 0x00, 0x00, 0x00, 0x00, 0x00,
    0x00, 0x00, 0x00, 0x00, 0x00, 0x00, 0x00, 0x00, 0x00, 0x00, 0x00, 0x00, 0x00, 0x00, 0x00, 0x00,
    0x00, 0x00, 0x00, 0x00, 0x00, 0x00, 0x00, 0x00, 0x00, 0x00, 0x00, 0x00, 0x00, 0x00, 0x00, 0x00,
    0x00, 0x00, 0x00, 0x00, 0x00, 0x00, 0x00, 0x00, 0x00, 0x00, 0x00, 0x00, 0x00, 0x00, 0x00, 0x00,
    0x00, 0x00, 0x00, 0x00, 0x00, 0x00, 0x00, 0x00, 0x00, 0x00, 0x00, 0x00, 0x00, 0x00, 0x00, 0x00,
    0x00, 0x00, 0x00, 0x00, 0x00, 0x00, 0x00, 0x00, 0x00, 0x00, 0x00, 0x00, 0x00, 0x00, 0x00, 0x00,
    0x00, 0x00, 0x00, 0x00, 0x00, 0x00, 0x00, 0x00, 0x00, 0x00, 0x00, 0x00, 0x00, 0x00, 0x00, 0x00,
    0x00, 0x00, 0x00, 0x00, 0x00, 0x00, 0x00, 0x00, 0x00, 0x00, 0x00, 0x00, 0x00, 0x00, 0x00, 0x00,
    0x00, 0x00, 0x00, 0x00, 0x00, 0x00, 0x00, 0x00, 0x00, 0x00, 0x00, 0x00, 0x00, 0x00, 0x00, 0x00,
    0x00, 0x00, 0x00, 0x00, 0x00, 0x00, 0x00, 0x00, 0x00, 0x00, 0x00, 0x00, 0x00, 0x00, 0x00, 0x00,
    0x00, 0x00, 0x00, 0x00, 0x00, 0x00, 0x00, 0x00, 0x00, 0x00, 0x00, 0x00, 0x00, 0x00, 0x00, 0x00,
    0x00, 0x00, 0x00, 0x00, 0x00, 0x00, 0x00, 0x00, 0x00, 0x00, 0x00, 0x00, 0x00, 0x00, 0x00, 0x00,
    0x00, 0x00, 0x00, 0x00, 0x00, 0x00, 0x00, 0x00, 0x00, 0x00, 0x00, 0x00, 0x00, 0x00, 0x00, 0x00,
    0x00, 0x00, 0x00, 0x00, 0x00, 0x00, 0x00, 0x00, 0x00, 0x00, 0x00, 0x00, 0x00, 0x00, 0x00, 0x00,
    0x00, 0x00, 0x00, 0x00, 0x00, 0x00, 0x00, 0x00, 0x00, 0x00, 0x00, 0x00, 0x00, 0x00, 0x00, 0x00,
    0x00, 0x00, 0x00, 0x00, 0x00, 0x00, 0x00, 0x00, 0x00, 0x00, 0x00, 0x00, 0x00, 0x00, 0x00, 0x00,
    0x00, 0x00, 0x00, 0x00, 0x00, 0x00, 0x00, 0x00, 0x00, 0x00, 0x00, 0x00, 0x00, 0x00, 0x00, 0x00,
    0x00, 0x00, 0x00, 0x00, 0x00, 0x00, 0x00, 0x00, 0x00, 0x00, 0x00, 0x00, 0x00, 0x00, 0x00, 0x00,
    0x00, 0x00, 0x00, 0x00, 0x00, 0x00, 0x00, 0x00, 0x00, 0x00, 0x00, 0x00, 0x00, 0x00, 0x00, 0x00,
    0x00, 0x00, 0x00, 0x00, 0x00, 0x00, 0x00, 0x00, 0x00, 0x00, 0x00, 0x00, 0x00, 0x00, 0x00, 0x00,
    0x00, 0x00, 0x00, 0x00, 0x00, 0x00, 0x00, 0x00, 0x00, 0x00, 0x00, 0x00, 0x00, 0x00, 0x00, 0x00,
    0x00, 0x00, 0x00, 0x00, 0x00, 0x00, 0x00, 0x00, 0x00, 0x00, 0x00, 0x00, 0x00, 0x00, 0x00, 0x00,
    0x00, 0x00, 0x00, 0x00, 0x00, 0x00, 0x00, 0x00, 0x00, 0x00, 0x00, 0x00, 0x00, 0x00, 0x00, 0x00,
    0x00, 0x00, 0x00, 0x00, 0x00, 0x00, 0x00, 0x00, 0x00, 0x00, 0x00, 0x00, 0x00, 0x00, 0x00, 0x00,
    0x00, 0x00, 0x00, 0x00, 0x00, 0x00, 0x00, 0x00, 0x00, 0x00, 0x00, 0x00, 0x00, 0x00, 0x00, 0x00,
    0x00, 0x00, 0x00, 0x00, 0x00, 0x00, 0x00, 0x00, 0x00, 0x00, 0x00, 0x00, 0x00, 0x00, 0x00, 0x00,
    0x00, 0x00, 0x00, 0x00, 0x00, 0x00, 0x00, 0x00, 0x00, 0x00, 0x00, 0x00, 0x00, 0x00, 0x00, 0x00,
    0x00, 0x00, 0x00, 0x00, 0x00, 0x00, 0x00, 0x00, 0x00, 0x00, 0x00, 0x00, 0x00, 0x00, 0x00, 0x00,
    0x00, 0x00, 0x00, 0x00, 0x00, 0x00, 0x00, 0x00, 0x00, 0x00, 0x00, 0x00, 0x00, 0x00, 0x00, 0x00,
    0x00, 0x00, 0x00, 0x00, 0x00, 0x00, 0x00, 0x00, 0x00, 0x00, 0x00, 0x00, 0x00, 0x00, 0x00, 0x00,
    0x00, 0x00, 0x00, 0x00, 0x00, 0x00, 0x00, 0x00, 0x00, 0x00, 0x00, 0x00, 0x00, 0x00, 0x00, 0x00,
    0x00, 0x00, 0x00, 0x00, 0x00, 0x00, 0x00, 0x00, 0x00, 0x00, 0x00, 0x00, 0x00, 0x00, 0x00, 0x00,
    0x00, 0x00, 0x00, 0x00, 0x00, 0x00, 0x00, 0x00, 0x00, 0x00, 0x00, 0x00, 0x00, 0x00, 0x00, 0x00,
    0x00, 0x00, 0x00, 0x00, 0x00, 0x00, 0x00, 0x00, 0x00, 0x00, 0x00, 0x00, 0x00, 0x00, 0x00, 0x00,
    0x00, 0x00, 0x00, 0x00, 0x00, 0x00, 0x00, 0x00, 0x00, 0x00, 0x00, 0x00, 0x00, 0x00, 0x00, 0x00,
    0x00, 0x00, 0x00, 0x00, 0x00, 0x00, 0x00, 0x00, 0x00, 0x00, 0x00, 0x00, 0x00, 0x00, 0x00, 0x00,
    0x00, 0x00, 0x00, 0x00, 0x00, 0x00, 0x00, 0x00, 0x00, 0x00, 0x00, 0x00, 0x00, 0x00, 0x00, 0x00,
    0x00, 0x00, 0x00, 0x00, 0x00, 0x00, 0x00, 0x00, 0x00, 0x00, 0x00, 0x00, 0x00, 0x00, 0x00, 0x00,
    0x00, 0x00, 0x00, 0x00, 0x00, 0x00, 0x00, 0x00, 0x00, 0x00, 0x00, 0x00, 0x00, 0x00, 0x00, 0x00,
    0x00, 0x00, 0x00, 0x00, 0x00, 0x00, 0x00, 0x00, 0x00, 0x00, 0x00, 0x00, 0x00, 0x00, 0x00, 0x00,
    0x00, 0x00, 0x00, 0x00, 0x00, 0x00, 0x00, 0x00, 0x00, 0x00, 0x00, 0x00, 0x00, 0x00, 0x00, 0x00,
    0x00, 0x00, 0x00, 0x00, 0x00, 0x00, 0x00, 0x00, 0x00, 0x00, 0x00, 0x00, 0x00, 0x00, 0x00, 0x00,
    0x00, 0x00, 0x00, 0x00, 0x00, 0x00, 0x00, 0x00, 0x00, 0x00, 0x00, 0x00, 0x00, 0x00, 0x00, 0x00,
    0x00, 0x00, 0x00, 0x00, 0x00, 0x00, 0x00, 0x00, 0x00, 0x00, 0x00, 0x00, 0x00, 0x00, 0x00, 0x00,
    0x00, 0x00, 0x00, 0x00, 0x00, 0x00, 0x00, 0x00, 0x00, 0x00, 0x00, 0x00, 0x00, 0x00, 0x00, 0x00,
    0x00, 0x00, 0x00, 0x00, 0x00, 0x00, 0x00, 0x00, 0x00, 0x00, 0x00, 0x00, 0x00, 0x00, 0x00, 0x00,
    0x00, 0x00, 0x00, 0x00, 0x00, 0x00, 0x00, 0x00, 0x00, 0x00, 0x00, 0x00, 0x00, 0x00, 0x00, 0x00,
    0x00, 0x00, 0x00, 0x00, 0x00, 0x00, 0x00, 0x00, 0x00, 0x00, 0x00, 0x00, 0x00, 0x00, 0x00, 0x00,
};

#elif LV_COLOR_DEPTH == 16

/* ============================================================================
 * 16-bit display formats
 * ============================================================================ */

#if LV_COLOR_16_SWAP == 0
/* RGB565A8 - 16-bit color with separate 8-bit alpha channel (standard byte order) */

static const LV_ATTRIBUTE_MEM_ALIGN LV_ATTRIBUTE_LARGE_CONST LV_ATTRIBUTE_IMG_DAY_PARTIAL_CLOUD uint8_t day_partial_cloud_rgb565a8_map[] = {
    /* RGB565 color data (3200 bytes) */
    0x00, 0x00, 0x00, 0x00, 0x00, 0x00, 0x00, 0x00, 0x00, 0x00, 0x00, 0x00, 0x00, 0x00, 0x00, 0x00,
    0x00, 0x00, 0x00, 0x00, 0x00, 0x00, 0x00, 0x00, 0x61, 0xf6, 0xc0, 0xfe, 0x00, 0x00, 0x00, 0x00,
    0x00, 0x00, 0x00, 0x00, 0x00, 0x00, 0x00, 0x00, 0x00, 0x00, 0x00, 0x00, 0x00, 0x00, 0x00, 0x00,
    0x00, 0x00, 0x00, 0x00, 0x00, 0x00, 0x00, 0x00, 0x00, 0x00, 0x00, 0x00, 0x00, 0x00, 0x00, 0x00,
    0x00, 0x00, 0x00, 0x00, 0x00, 0x00, 0x00, 0x00, 0x00, 0x00, 0x00, 0x00, 0x00, 0x00, 0x00, 0x00,
    0x00, 0x00, 0x00, 0x00, 0x00, 0x00, 0x00, 0x00, 0x00, 0x00, 0x61, 0xfe, 0x80, 0xfe, 0x00, 0x00,
    0x00, 0x00, 0x00, 0x00, 0x00, 0x00, 0x00, 0x00, 0x21, 0xf6, 0x61, 0xfe, 0x00, 0x00, 0x00, 0x00,
    0x00, 0x00, 0x00, 0x00, 0x00, 0x00, 0x00, 0x00, 0x00, 0x00, 0x00, 0x00, 0x00, 0x00, 0x00, 0x00,
    0x00, 0x00, 0x00, 0x00, 0x00, 0x00, 0x00, 0x00, 0x00, 0x00, 0x00, 0x00, 0x00, 0x00, 0x00, 0x00,
    0x00, 0x00, 0x00, 0x00, 0x00, 0x00, 0x00, 0x00, 0x00, 0x00, 0x00, 0x00, 0x00, 0x00, 0x00, 0x00,
    0x00, 0x00, 0x00, 0x00, 0x00, 0x00, 0x00, 0x00, 0x00, 0x00, 0x02, 0xf6, 0x21, 0xf6, 0x01, 0xfe,
    0x00, 0x00, 0x00, 0x00, 0x00, 0x00, 0x64, 0xed, 0xa2, 0xed, 0xe2, 0xf5, 0x00, 0x00, 0x00, 0x00,
    0x00, 0x00, 0x00, 0x00, 0x00, 0x00, 0x00, 0x00, 0x00, 0x00, 0x00, 0x00, 0x00, 0x00, 0x00, 0x00,
    0x00, 0x00, 0x00, 0x00, 0x00, 0x00, 0x00, 0x00, 0x00, 0x00, 0x00, 0x00, 0x00, 0x00, 0x00, 0x00,
    0x00, 0x00, 0x00, 0x00, 0x00, 0x00, 0x00, 0x00, 0x00, 0x00, 0x00, 0x00, 0x00, 0x00, 0x00, 0x00,
    0x00, 0x00, 0x00, 0x00, 0x00, 0x00, 0x00, 0x00, 0x00, 0x00, 0xa3, 0xf5, 0x83, 0xed, 0xa3, 0xed,
    0xe4, 0xfd, 0x01, 0xf6, 0x01, 0xf6, 0xe2, 0xf5, 0x43, 0xed, 0x63, 0xed, 0x00, 0x00, 0x00, 0x00,
    0x00, 0x00, 0x00, 0x00, 0x00, 0x00, 0x00, 0x00, 0x00, 0x00, 0x00, 0x00, 0x00, 0x00, 0x00, 0x00,
    0x00, 0x00, 0x00, 0x00, 0x00, 0x00, 0x00, 0x00, 0x00, 0x00, 0x00, 0x00, 0x00, 0x00, 0x00, 0x00,
    0x00, 0x00, 0x00, 0x00, 0x00, 0x00, 0x00, 0x00, 0x00, 0x00, 0x00, 0x00, 0x00, 0x00, 0x00, 0x00,
    0x00, 0x00, 0x00, 0x00, 0x00, 0x00, 0x00, 0x00, 0x00, 0x00, 0x00, 0x00, 0x43, 0xed, 0x01, 0xf6,
    0x41, 0xf6, 0x60, 0xfe, 0x80, 0xfe, 0x80, 0xfe, 0x60, 0xfe, 0x41, 0xf6, 0xe0, 0xff, 0x00, 0x00,
    0x00, 0x00, 0x00, 0x00, 0x00, 0x00, 0x00, 0x00, 0x00, 0x00, 0x00, 0x00, 0x00, 0x00, 0x00, 0x00,
    0x00, 0x00, 0x00, 0x00, 0x00, 0x00, 0x00, 0x00, 0x00, 0x00, 0x00, 0x00, 0x00, 0x00, 0x00, 0x00,
    0x00, 0x00, 0x00, 0x00, 0x00, 0x00, 0x00, 0x00, 0x00, 0x00, 0x00, 0x00, 0x00, 0x00, 0x00, 0x00,
    0x00, 0x00, 0x00, 0x00, 0x00, 0x00, 0x00, 0x00, 0x00, 0x00, 0x41, 0xf6, 0x41, 0xf6, 0x61, 0xfe,
    0x80, 0xfe, 0x80, 0xfe, 0x80, 0xfe, 0x80, 0xfe, 0xa0, 0xfe, 0xa0, 0xfe, 0xa0, 0xfe, 0xc0, 0xfe,
    0x00, 0x00, 0x21, 0xfe, 0x61, 0xfe, 0xa0, 0xfe, 0x00, 0x00, 0x00, 0x00, 0x00, 0x00, 0x00, 0x00,
    0x00, 0x00, 0x00, 0x00, 0x00, 0x00, 0x00, 0x00, 0x00, 0x00, 0x00, 0x00, 0x00, 0x00, 0x00, 0x00,
    0x00, 0x00, 0x00, 0x00, 0x00, 0x00, 0x00, 0x00, 0x00, 0x00, 0x00, 0x00, 0x00, 0x00, 0x00, 0x00,
    0x20, 0xfe, 0xa1, 0xfe, 0xe0, 0xfd, 0x00, 0x00, 0x21, 0xf6, 0x41, 0xf6, 0x41, 0xf6, 0x41, 0xf6,
    0x41, 0xf6, 0x61, 0xfe, 0x61, 0xfe, 0x60, 0xfe, 0x80, 0xfe, 0x80, 0xfe, 0x80, 0xfe, 0xa0, 0xfe,
    0xa2, 0xf5, 0xc2, 0xf5, 0x02, 0xf6, 0x41, 0xf6, 0x00, 0x00, 0x00, 0x00, 0x00, 0x00, 0x00, 0x00,
    0x00, 0x00, 0x00, 0x00, 0x00, 0x00, 0x00, 0x00, 0x00, 0x00, 0x00, 0x00, 0x00, 0x00, 0x00, 0x00,
    0x00, 0x00, 0x00, 0x00, 0x00, 0x00, 0x00, 0x00, 0x00, 0x00, 0x00, 0x00, 0x00, 0x00, 0x00, 0x00,
    0xe2, 0xf5, 0x21, 0xf6, 0x61, 0xfe, 0x80, 0xfe, 0x02, 0xf6, 0x01, 0xf6, 0x21, 0xf6, 0x21, 0xf6,
    0x21, 0xf6, 0x41, 0xf6, 0x41, 0xf6, 0x41, 0xf6, 0x61, 0xf6, 0x61, 0xfe, 0x61, 0xfe, 0x80, 0xfe,
    0x21, 0xf6, 0x63, 0xed, 0x83, 0xed, 0x00, 0x00, 0x00, 0x00, 0x00, 0x00, 0x00, 0x00, 0x00, 0x00,
    0x00, 0x00, 0x00, 0x00, 0x00, 0x00, 0x00, 0x00, 0x00, 0x00, 0x00, 0x00, 0x00, 0x00, 0x00, 0x00,
    0x00, 0x00, 0x00, 0x00, 0x00, 0x00, 0x00, 0x00, 0x00, 0x00, 0x00, 0x00, 0x00, 0x00, 0x00, 0x00,
    0x43, 0xed, 0x63, 0xed, 0xa3, 0xed, 0xe2, 0xf5, 0xe2, 0xf5, 0xe2, 0xf5, 0x02, 0xf6, 0x02, 0xf6,
    0x01, 0xf6, 0x21, 0xf6, 0x21, 0xf6, 0x21, 0xf6, 0x41, 0xf6, 0x41, 0xf6, 0x41, 0xf6, 0x61, 0xf6,
    0x67, 0xee, 0x3a, 0xbe, 0x3a, 0xbe, 0x3a, 0xbe, 0x3a, 0xbe, 0x3a, 0xbe, 0x3a, 0xbe, 0x5a, 0xbe,
    0x00, 0x00, 0x00, 0x00, 0x00, 0x00, 0x00, 0x00, 0x00, 0x00, 0x00, 0x00, 0x00, 0x00, 0x00, 0x00,
    0x00, 0x00, 0x00, 0x00, 0x00, 0x00, 0x00, 0x00, 0x00, 0x00, 0x00, 0x00, 0x00, 0x00, 0x00, 0x00,
    0x00, 0x00, 0x00, 0x00, 0x00, 0x00, 0xc2, 0xed, 0xc2, 0xed, 0xc2, 0xed, 0xe2, 0xf5, 0xe2, 0xf5,
    0xe2, 0xf5, 0x02, 0xf6, 0x02, 0xf6, 0x01, 0xf6, 0x21, 0xf6, 0x21, 0xf6, 0x27, 0xee, 0x34, 0xce,
    0x5a, 0xbe, 0x7a, 0xc6, 0x9b, 0xce, 0x9b, 0xce, 0x9b, 0xce, 0x9b, 0xce, 0x7a, 0xc6, 0x5a, 0xbe,
    0x3a, 0xbe, 0x3a, 0xbe, 0x00, 0x00, 0x00, 0x00, 0x00, 0x00, 0x00, 0x00, 0x00, 0x00, 0x00, 0x00,
    0x00, 0x00, 0x00, 0x00, 0x00, 0x00, 0x00, 0x00, 0x00, 0x00, 0x00, 0x00, 0x00, 0x00, 0x00, 0x00,
    0x00, 0x00, 0x00, 0x00, 0x00, 0x00, 0xa3, 0xed, 0xa3, 0xed, 0xa2, 0xed, 0xc2, 0xed, 0xc2, 0xed,
    0xc2, 0xed, 0xe2, 0xf5, 0xe2, 0xf5, 0xe2, 0xf5, 0x02, 0xf6, 0x31, 0xd6, 0x5a, 0xc6, 0xbb, 0xce,
    0xfc, 0xd6, 0xfc, 0xd6, 0xfc, 0xd6, 0xfc, 0xd6, 0xfc, 0xd6, 0xfc, 0xd6, 0xfc, 0xd6, 0xfc, 0xd6,
    0xbb, 0xce, 0x5a, 0xc6, 0x3a, 0xbe, 0xbb, 0xb5, 0x00, 0x00, 0x00, 0x00, 0x00, 0x00, 0x00, 0x00,
    0x00, 0x00, 0x00, 0x00, 0x00, 0x00, 0x00, 0x00, 0x00, 0x00, 0x00, 0x00, 0x00, 0x00, 0x00, 0x00,
    0x00, 0x00, 0x00, 0x00, 0x00, 0x00, 0x83, 0xed, 0x83, 0xed, 0x83, 0xed, 0xa3, 0xed, 0xa3, 0xed,
    0xa2, 0xed, 0xc2, 0xed, 0xc2, 0xed, 0xc4, 0xed, 0x34, 0xce, 0x9b, 0xce, 0xfc, 0xd6, 0xfc, 0xd6,
    0xfc, 0xd6, 0xfc, 0xd6, 0xfc, 0xd6, 0xfc, 0xd6, 0xfc, 0xd6, 0xfc, 0xd6, 0xfc, 0xd6, 0xfc, 0xd6,
    0xfc, 0xd6, 0xfc, 0xd6, 0x9b, 0xce, 0x3a, 0xbe, 0x3a, 0xbe, 0x00, 0x00, 0x00, 0x00, 0x00, 0x00,
    0x00, 0x00, 0x00, 0x00, 0x00, 0x00, 0x00, 0x00, 0x00, 0x00, 0x00, 0x00, 0x00, 0x00, 0x00, 0x00,
    0x00, 0x00, 0x00, 0x00, 0x00, 0x00, 0x02, 0xed, 0x63, 0xed, 0x63, 0xed, 0x83, 0xed, 0x83, 0xed,
    0x83, 0xed, 0xa3, 0xed, 0xa3, 0xed, 0x12, 0xce, 0xbb, 0xce, 0xfc, 0xd6, 0xfc, 0xd6, 0xfc, 0xd6,
    0xfc, 0xd6, 0xfc, 0xd6, 0xfc, 0xd6, 0xfc, 0xd6, 0xfc, 0xd6, 0xfc, 0xd6, 0xfc, 0xd6, 0xfc, 0xd6,
    0xfc, 0xd6, 0xfc, 0xd6, 0xfc, 0xd6, 0xbb, 0xce, 0x3a, 0xbe, 0xff, 0xff, 0x00, 0x00, 0x00, 0x00,
    0x00, 0x00, 0x00, 0x00, 0x00, 0x00, 0x00, 0x00, 0x00, 0x00, 0x00, 0x00, 0x00, 0x00, 0x00, 0x00,
    0x00, 0x00, 0x40, 0xfd, 0x61, 0xfe, 0xa0, 0xfe, 0x63, 0xe5, 0x44, 0xe5, 0x86, 0xe5, 0x87, 0xe5,
    0x86, 0xe5, 0x83, 0xed, 0xcd, 0xdd, 0xbb, 0xce, 0xfc, 0xd6, 0xfc, 0xd6, 0xfc, 0xd6, 0xfc, 0xd6,
    0xfc, 0xd6, 0xfc, 0xd6, 0xfc, 0xd6, 0xfc, 0xd6, 0xfc, 0xd6, 0xfc, 0xd6, 0xfc, 0xd6, 0xfc, 0xd6,
    0xfc, 0xd6, 0xfc, 0xd6, 0xfc, 0xd6, 0xfc, 0xd6, 0xbb, 0xce, 0x3a, 0xbe, 0x00, 0x00, 0x1a, 0xc6,
    0x3a, 0xc6, 0x5a, 0xc6, 0xff, 0x87, 0x00, 0x00, 0x00, 0x00, 0x00, 0x00, 0x00, 0x00, 0x00, 0x00,
    0x00, 0x00, 0xc2, 0xf5, 0x02, 0xf6, 0x23, 0xf6, 0x35, 0xc6, 0x18, 0xc6, 0x3a, 0xbe, 0x3a, 0xbe,
    0x3a, 0xbe, 0x17, 0xc6, 0x79, 0xce, 0xfc, 0xd6, 0xfc, 0xd6, 0xfc, 0xd6, 0xfc, 0xd6, 0xfc, 0xd6,
    0xfc, 0xd6, 0xfc, 0xd6, 0xdc, 0xd6, 0xdb, 0xce, 0xdb, 0xce, 0xdc, 0xd6, 0xfc, 0xd6, 0xfc, 0xd6,
    0xfc, 0xd6, 0xfc, 0xd6, 0xfc, 0xd6, 0xfc, 0xd6, 0xfc, 0xd6, 0x7b, 0xc6, 0x3a, 0xbe, 0x3a, 0xbe,
    0x3a, 0xbe, 0x3a, 0xbe, 0x3a, 0xbe, 0x3a, 0xbe, 0x5b, 0xb6, 0x00, 0x00, 0x00, 0x00, 0x00, 0x00,
    0x00, 0x00, 0x43, 0xed, 0xa9, 0xe5, 0x38, 0xc6, 0x9b, 0xc6, 0xdb, 0xce, 0xfc, 0xd6, 0xfc, 0xd6,
    0xfc, 0xd6, 0xdb, 0xce, 0xfc, 0xd6, 0xfc, 0xd6, 0xfc, 0xd6, 0xfc, 0xd6, 0xfc, 0xd6, 0xfc, 0xd6,
    0xbb, 0xce, 0x5a, 0xc6, 0x3a, 0xbe, 0x3a, 0xbe, 0x3a, 0xbe, 0x3a, 0xbe, 0x5a, 0xc6, 0xbb, 0xce,
    0xfc, 0xd6, 0xfc, 0xd6, 0xfc, 0xd6, 0xfc, 0xd6, 0xfc, 0xd6, 0xfc, 0xd6, 0xdb, 0xce, 0xfc, 0xd6,
    0xfc, 0xd6, 0xfc, 0xd6, 0xdb, 0xce, 0x9b, 0xc6, 0x3a, 0xbe, 0x3a, 0xbe, 0x00, 0x00, 0x00, 0x00,
    0x00, 0x00, 0x3a, 0xbe, 0x5a, 0xc6, 0xdb, 0xce, 0xfc, 0xd6, 0xfc, 0xd6, 0xfc, 0xd6, 0xfc, 0xd6,
    0xfc, 0xd6, 0xfc, 0xd6, 0xfc, 0xd6, 0xfc, 0xd6, 0xfc, 0xd6, 0xfc, 0xd6, 0xfc, 0xd6, 0x7b, 0xc6,
    0x5a, 0xc6, 0xbb, 0xce, 0xdc, 0xd6, 0xfc, 0xd6, 0xfc, 0xd6, 0xdc, 0xd6, 0xbb, 0xce, 0x5a, 0xc6,
    0x9b, 0xc6, 0xfc, 0xd6, 0xfc, 0xd6, 0xfc, 0xd6, 0xfc, 0xd6, 0xfc, 0xd6, 0xfc, 0xd6, 0xfc, 0xd6,
    0xfc, 0xd6, 0xfc, 0xd6, 0xfc, 0xd6, 0xfc, 0xd6, 0xdb, 0xce, 0x5a, 0xc6, 0x3a, 0xbe, 0x00, 0x00,
    0x00, 0x00, 0x5a, 0xc6, 0xdc, 0xd6, 0xfc, 0xd6, 0xfc, 0xd6, 0xfc, 0xd6, 0xfc, 0xd6, 0xfc, 0xd6,
    0xfc, 0xd6, 0xfc, 0xd6, 0xfc, 0xd6, 0xfc, 0xd6, 0xfc, 0xd6, 0xfc, 0xd6, 0x9b, 0xce, 0x9b, 0xce,
    0xfc, 0xd6, 0xfc, 0xd6, 0xfc, 0xd6, 0xfc, 0xd6, 0xfc, 0xd6, 0xfc, 0xd6, 0xfc, 0xd6, 0xfc, 0xd6,
    0x9b, 0xc6, 0x9b, 0xce, 0xfc, 0xd6, 0xfc, 0xd6, 0xfc, 0xd6, 0xfc, 0xd6, 0xfc, 0xd6, 0xfc, 0xd6,
    0xfc, 0xd6, 0xfc, 0xd6, 0xfc, 0xd6, 0xfc, 0xd6, 0xfc, 0xd6, 0xdc, 0xd6, 0x5a, 0xc6, 0x00, 0x00,
    0x1a, 0xbe, 0xbb, 0xce, 0xfc, 0xd6, 0xfc, 0xd6, 0xfc, 0xd6, 0xfc, 0xd6, 0xfc, 0xd6, 0xfc, 0xd6,
    0xfc, 0xd6, 0xfc, 0xd6, 0x9b, 0xce, 0x7a, 0xc6, 0x5a, 0xc6, 0x7a, 0xc6, 0x7b, 0xc6, 0xfc, 0xd6,
    0xfc, 0xd6, 0xfc, 0xd6, 0xfc, 0xd6, 0xfc, 0xd6, 0xfc, 0xd6, 0xfc, 0xd6, 0xfc, 0xd6, 0xfc, 0xd6,
    0xfc, 0xd6, 0x7a, 0xc6, 0x7a, 0xc6, 0x5a, 0xc6, 0x7a, 0xc6, 0x9b, 0xce, 0xfc, 0xd6, 0xfc, 0xd6,
    0xfc, 0xd6, 0xfc, 0xd6, 0xfc, 0xd6, 0xfc, 0xd6, 0xfc, 0xd6, 0xfc, 0xd6, 0xbb, 0xce, 0x1a, 0xbe,
    0x5a, 0xc6, 0xfc, 0xd6, 0xfc, 0xd6, 0xfc, 0xd6, 0xfc, 0xd6, 0xfc, 0xd6, 0xfc, 0xd6, 0xfc, 0xd6,
    0xfc, 0xd6, 0x5a, 0xc6, 0x7a, 0xc6, 0x9b, 0xce, 0xbb, 0xce, 0x9b, 0xc6, 0xfc, 0xd6, 0xfc, 0xd6,
    0xfc, 0xd6, 0xfc, 0xd6, 0xfc, 0xd6, 0xfc, 0xd6, 0xfc, 0xd6, 0xfc, 0xd6, 0xfc, 0xd6, 0xfc, 0xd6,
    0xfc, 0xd6, 0xfc, 0xd6, 0x9b, 0xc6, 0xbb, 0xce, 0x9b, 0xce, 0x7a, 0xc6, 0x7a, 0xc6, 0xfc, 0xd6,
    0xfc, 0xd6, 0xfc, 0xd6, 0xfc, 0xd6, 0xfc, 0xd6, 0xfc, 0xd6, 0xfc, 0xd6, 0xfc, 0xd6, 0x5a, 0xc6,
    0xdb, 0xce, 0xfc, 0xd6, 0xfc, 0xd6, 0xfc, 0xd6, 0xfc, 0xd6, 0xfc, 0xd6, 0xfc, 0xd6, 0xfc, 0xd6,
    0x7b, 0xc6, 0xbb, 0xce, 0xfc, 0xd6, 0xfc, 0xd6, 0xfc, 0xd6, 0xfc, 0xd6, 0xfc, 0xd6, 0xfc, 0xd6,
    0xfc, 0xd6, 0xfc, 0xd6, 0xfc, 0xd6, 0xfc, 0xd6, 0xfc, 0xd6, 0xfc, 0xd6, 0xfc, 0xd6, 0xfc, 0xd6,
    0xfc, 0xd6, 0xfc, 0xd6, 0xfc, 0xd6, 0xfc, 0xd6, 0xfc, 0xd6, 0xfc, 0xd6, 0xbb, 0xce, 0x9b, 0xc6,
    0xfc, 0xd6, 0xfc, 0xd6, 0xfc, 0xd6, 0xfc, 0xd6, 0xfc, 0xd6, 0xfc, 0xd6, 0xfc, 0xd6, 0xdb, 0xce,
    0xfc, 0xd6, 0xfc, 0xd6, 0xfc, 0xd6, 0xfc, 0xd6, 0xfc, 0xd6, 0xfc, 0xd6, 0xfc, 0xd6, 0xfc, 0xd6,
    0xbb, 0xce, 0xfc, 0xd6, 0xfc, 0xd6, 0xfc, 0xd6, 0xfc, 0xd6, 0xfc, 0xd6, 0xfc, 0xd6, 0xfc, 0xd6,
    0xfc, 0xd6, 0xfc, 0xd6, 0xfc, 0xd6, 0xfc, 0xd6, 0xfc, 0xd6, 0xfc, 0xd6, 0xfc, 0xd6, 0xfc, 0xd6,
    0xfc, 0xd6, 0xfc, 0xd6, 0xfc, 0xd6, 0xfc, 0xd6, 0xfc, 0xd6, 0xfc, 0xd6, 0xfc, 0xd6, 0xbb, 0xce,
    0xfc, 0xd6, 0xfc, 0xd6, 0xfc, 0xd6, 0xfc, 0xd6, 0xfc, 0xd6, 0xfc, 0xd6, 0xfc, 0xd6, 0xfc, 0xd6,
    0xfc, 0xd6, 0xfc, 0xd6, 0xfc, 0xd6, 0xfc, 0xd6, 0xfc, 0xd6, 0xfc, 0xd6, 0xfc, 0xd6, 0xfc, 0xd6,
    0xfc, 0xd6, 0xfc, 0xd6, 0xfc, 0xd6, 0xfc, 0xd6, 0xfc, 0xd6, 0xfc, 0xd6, 0xfc, 0xd6, 0xfc, 0xd6,
    0xfc, 0xd6, 0xfc, 0xd6, 0xfc, 0xd6, 0xfc, 0xd6, 0xfc, 0xd6, 0xfc, 0xd6, 0xfc, 0xd6, 0xfc, 0xd6,
    0xfc, 0xd6, 0xfc, 0xd6, 0xfc, 0xd6, 0xfc, 0xd6, 0xfc, 0xd6, 0xfc, 0xd6, 0xfc, 0xd6, 0xfc, 0xd6,
    0xfc, 0xd6, 0xfc, 0xd6, 0xfc, 0xd6, 0xfc, 0xd6, 0xfc, 0xd6, 0xfc, 0xd6, 0xfc, 0xd6, 0xfc, 0xd6,
    0xfc, 0xd6, 0xfc, 0xd6, 0xfc, 0xd6, 0xfc, 0xd6, 0xfc, 0xd6, 0xfc, 0xd6, 0xfc, 0xd6, 0xfc, 0xd6,
    0xfc, 0xd6, 0xfc, 0xd6, 0xfc, 0xd6, 0xfc, 0xd6, 0xfc, 0xd6, 0xfc, 0xd6, 0xfc, 0xd6, 0xfc, 0xd6,
    0xfc, 0xd6, 0xfc, 0xd6, 0xfc, 0xd6, 0xfc, 0xd6, 0xfc, 0xd6, 0xfc, 0xd6, 0xfc, 0xd6, 0xfc, 0xd6,
    0xfc, 0xd6, 0xfc, 0xd6, 0xfc, 0xd6, 0xfc, 0xd6, 0xfc, 0xd6, 0xfc, 0xd6, 0xfc, 0xd6, 0xfc, 0xd6,
    0xfc, 0xd6, 0xfc, 0xd6, 0xfc, 0xd6, 0xfc, 0xd6, 0xfc, 0xd6, 0xfc, 0xd6, 0xfc, 0xd6, 0xfc, 0xd6,
    0x1c, 0xd7, 0xfc, 0xd6, 0xfc, 0xd6, 0xfc, 0xd6, 0xfc, 0xd6, 0xfc, 0xd6, 0xfc, 0xd6, 0xfc, 0xd6,
    0xfc, 0xd6, 0xfc, 0xd6, 0xfc, 0xd6, 0xfc, 0xd6, 0xfc, 0xd6, 0xfc, 0xd6, 0xfc, 0xd6, 0xfc, 0xd6,
    0xfc, 0xd6, 0xfc, 0xd6, 0xfc, 0xd6, 0xfc, 0xd6, 0xfc, 0xd6, 0xfc, 0xd6, 0xfc, 0xd6, 0xfc, 0xd6,
    0xfc, 0xd6, 0xfc, 0xd6, 0xfc, 0xd6, 0xfc, 0xd6, 0xfc, 0xd6, 0xfc, 0xd6, 0xfc, 0xd6, 0xfc, 0xd6,
    0xfc, 0xd6, 0xfc, 0xd6, 0xfc, 0xd6, 0xfc, 0xd6, 0xfc, 0xd6, 0xfc, 0xd6, 0xfc, 0xd6, 0x1c, 0xd7,
    0x00, 0x00, 0xfc, 0xd6, 0xfc, 0xd6, 0xfc, 0xd6, 0xfc, 0xd6, 0xfc, 0xd6, 0xfc, 0xd6, 0xfc, 0xd6,
    0xfc, 0xd6, 0xfc, 0xd6, 0xfc, 0xd6, 0xfc, 0xd6, 0xfc, 0xd6, 0xfc, 0xd6, 0xfc, 0xd6, 0xfc, 0xd6,
    0xfc, 0xd6, 0xfc, 0xd6, 0xfc, 0xd6, 0xfc, 0xd6, 0xfc, 0xd6, 0xfc, 0xd6, 0xfc, 0xd6, 0xfc, 0xd6,
    0xfc, 0xd6, 0xfc, 0xd6, 0xfc, 0xd6, 0xfc, 0xd6, 0xfc, 0xd6, 0xfc, 0xd6, 0xfc, 0xd6, 0xfc, 0xd6,
    0xfc, 0xd6, 0xfc, 0xd6, 0xfc, 0xd6, 0xfc, 0xd6, 0xfc, 0xd6, 0xfc, 0xd6, 0xfc, 0xd6, 0x00, 0x00,
    0x00, 0x00, 0x3c, 0xd7, 0xfc, 0xd6, 0xfc, 0xd6, 0xfc, 0xd6, 0xfc, 0xd6, 0xfc, 0xd6, 0xfc, 0xd6,
    0xfc, 0xd6, 0xfc, 0xd6, 0xfc, 0xd6, 0xfc, 0xd6, 0xfc, 0xd6, 0xfc, 0xd6, 0xfc, 0xd6, 0xfc, 0xd6,
    0xfc, 0xd6, 0xfc, 0xd6, 0xfc, 0xd6, 0xfc, 0xd6, 0xfc, 0xd6, 0xfc, 0xd6, 0xfc, 0xd6, 0xfc, 0xd6,
    0xfc, 0xd6, 0xfc, 0xd6, 0xfc, 0xd6, 0xfc, 0xd6, 0xfc, 0xd6, 0xfc, 0xd6, 0xfc, 0xd6, 0xfc, 0xd6,
    0xfc, 0xd6, 0xfc, 0xd6, 0xfc, 0xd6, 0xfc, 0xd6, 0xfc, 0xd6, 0xfc, 0xd6, 0x3c, 0xd7, 0x00, 0x00,
    0x00, 0x00, 0x00, 0x00, 0x1c, 0xd7, 0xfc, 0xd6, 0xfc, 0xd6, 0xfc, 0xd6, 0xfc, 0xd6, 0xfc, 0xd6,
    0xfc, 0xd6, 0xfc, 0xd6, 0xfc, 0xd6, 0xfc, 0xd6, 0xfc, 0xd6, 0xfc, 0xd6, 0xfc, 0xd6, 0xfc, 0xd6,
    0xfc, 0xd6, 0xfc, 0xd6, 0xfc, 0xd6, 0xfc, 0xd6, 0xfc, 0xd6, 0xfc, 0xd6, 0xfc, 0xd6, 0xfc, 0xd6,
    0xfc, 0xd6, 0xfc, 0xd6, 0xfc, 0xd6, 0xfc, 0xd6, 0xfc, 0xd6, 0xfc, 0xd6, 0xfc, 0xd6, 0xfc, 0xd6,
    0xfc, 0xd6, 0xfc, 0xd6, 0xfc, 0xd6, 0xfc, 0xd6, 0xfc, 0xd6, 0xfb, 0xce, 0x00, 0x00, 0x00, 0x00,
    0x00, 0x00, 0x00, 0x00, 0x00, 0x00, 0xba, 0xd6, 0x1c, 0xd7, 0xfc, 0xd6, 0xfc, 0xd6, 0xfc, 0xd6,
    0xfc, 0xd6, 0xfc, 0xd6, 0xfc, 0xd6, 0xdc, 0xde, 0xfc, 0xd6, 0xfc, 0xd6, 0xfc, 0xd6, 0xfc, 0xd6,
    0xfc, 0xd6, 0xfc, 0xd6, 0xfc, 0xd6, 0xfc, 0xd6, 0xfc, 0xd6, 0xfc, 0xd6, 0xfc, 0xd6, 0xfc, 0xd6,
    0xfc, 0xd6, 0xfc, 0xd6, 0xfc, 0xd6, 0xfc, 0xd6, 0xdc, 0xde, 0xfc, 0xd6, 0xfc, 0xd6, 0xfc, 0xd6,
    0xfc, 0xd6, 0xfc, 0xd6, 0xfc, 0xd6, 0x1c, 0xd7, 0xba, 0xd6, 0x00, 0x00, 0x00, 0x00, 0x00, 0x00,
    0x00, 0x00, 0x00, 0x00, 0x00, 0x00, 0x00, 0x00, 0x00, 0x00, 0x00, 0x00, 0x00, 0x00, 0x00, 0x00,
    0x00, 0x00, 0x00, 0x00, 0x00, 0x00, 0x00, 0x00, 0xba, 0xd6, 0xfc, 0xd6, 0xfc, 0xd6, 0xfc, 0xd6,
    0xfc, 0xd6, 0xfc, 0xd6, 0xfc, 0xd6, 0xfc, 0xd6, 0xfc, 0xd6, 0xfc, 0xd6, 0xfc, 0xd6, 0xfc, 0xd6,
    0xfc, 0xd6, 0xfc, 0xd6, 0xfc, 0xd6, 0xba, 0xd6, 0x00, 0x00, 0x00, 0x00, 0x00, 0x00, 0x00, 0x00,
    0x00, 0x00, 0x00, 0x00, 0x00, 0x00, 0x00, 0x00, 0x00, 0x00, 0x00, 0x00, 0x00, 0x00, 0x00, 0x00,
    0x00, 0x00, 0x00, 0x00, 0x00, 0x00, 0x00, 0x00, 0x00, 0x00, 0x00, 0x00, 0x00, 0x00, 0x00, 0x00,
    0x00, 0x00, 0x00, 0x00, 0x00, 0x00, 0x00, 0x00, 0x00, 0x00, 0x00, 0x00, 0xfc, 0xd6, 0xfc, 0xd6,
    0xfc, 0xd6, 0xfc, 0xd6, 0xfc, 0xd6, 0xfc, 0xd6, 0xfc, 0xd6, 0xfc, 0xd6, 0xfc, 0xd6, 0xfc, 0xd6,
    0xfc, 0xd6, 0xfc, 0xd6, 0x00, 0x00, 0x00, 0x00, 0x00, 0x00, 0x00, 0x00, 0x00, 0x00, 0x00, 0x00,
    0x00, 0x00, 0x00, 0x00, 0x00, 0x00, 0x00, 0x00, 0x00, 0x00, 0x00, 0x00, 0x00, 0x00, 0x00, 0x00,
    0x00, 0x00, 0x00, 0x00, 0x00, 0x00, 0x00, 0x00, 0x00, 0x00, 0x00, 0x00, 0x00, 0x00, 0x00, 0x00,
    0x00, 0x00, 0x00, 0x00, 0x00, 0x00, 0x00, 0x00, 0x00, 0x00, 0x00, 0x00, 0x00, 0x00, 0x00, 0x00,
    0x1c, 0xd7, 0xfc, 0xd6, 0xfc, 0xd6, 0xfc, 0xd6, 0xfc, 0xd6, 0xfc, 0xd6, 0xfc, 0xd6, 0x1c, 0xd7,
    0x00, 0x00, 0x00, 0x00, 0x00, 0x00, 0x00, 0x00, 0x00, 0x00, 0x00, 0x00, 0x00, 0x00, 0x00, 0x00,
    0x00, 0x00, 0x00, 0x00, 0x00, 0x00, 0x00, 0x00, 0x00, 0x00, 0x00, 0x00, 0x00, 0x00, 0x00, 0x00,
    0x00, 0x00, 0x00, 0x00, 0x00, 0x00, 0x00, 0x00, 0x00, 0x00, 0x00, 0x00, 0x00, 0x00, 0x00, 0x00,
    0x00, 0x00, 0x00, 0x00, 0x00, 0x00, 0x00, 0x00, 0x00, 0x00, 0x00, 0x00, 0x00, 0x00, 0x00, 0x00,
    0x00, 0x00, 0x00, 0x00, 0x00, 0x00, 0x00, 0x00, 0x00, 0x00, 0x00, 0x00, 0x00, 0x00, 0x00, 0x00,
    0x00, 0x00, 0x00, 0x00, 0x00, 0x00, 0x00, 0x00, 0x00, 0x00, 0x00, 0x00, 0x00, 0x00, 0x00, 0x00,
    0x00, 0x00, 0x00, 0x00, 0x00, 0x00, 0x00, 0x00, 0x00, 0x00, 0x00, 0x00, 0x00, 0x00, 0x00, 0x00,
    0x00, 0x00, 0x00, 0x00, 0x00, 0x00, 0x00, 0x00, 0x00, 0x00, 0x00, 0x00, 0x00, 0x00, 0x00, 0x00,
    0x00, 0x00, 0x00, 0x00, 0x00, 0x00, 0x00, 0x00, 0x00, 0x00, 0x00, 0x00, 0x00, 0x00, 0x00, 0x00,
    0x00, 0x00, 0x00, 0x00, 0x00, 0x00, 0x00, 0x00, 0x00, 0x00, 0x00, 0x00, 0x00, 0x00, 0x00, 0x00,
    0x00, 0x00, 0x00, 0x00, 0x00, 0x00, 0x00, 0x00, 0x00, 0x00, 0x00, 0x00, 0x00, 0x00, 0x00, 0x00,
    0x00, 0x00, 0x00, 0x00, 0x00, 0x00, 0x00, 0x00, 0x00, 0x00, 0x00, 0x00, 0x00, 0x00, 0x00, 0x00,
    0x00, 0x00, 0x00, 0x00, 0x00, 0x00, 0x00, 0x00, 0x00, 0x00, 0x00, 0x00, 0x00, 0x00, 0x00, 0x00,
    0x00, 0x00, 0x00, 0x00, 0x00, 0x00, 0x00, 0x00, 0x00, 0x00, 0x00, 0x00, 0x00, 0x00, 0x00, 0x00,
    0x00, 0x00, 0x00, 0x00, 0x00, 0x00, 0x00, 0x00, 0x00, 0x00, 0x00, 0x00, 0x00, 0x00, 0x00, 0x00,
    0x00, 0x00, 0x00, 0x00, 0x00, 0x00, 0x00, 0x00, 0x00, 0x00, 0x00, 0x00, 0x00, 0x00, 0x00, 0x00,
    0x00, 0x00, 0x00, 0x00, 0x00, 0x00, 0x00, 0x00, 0x00, 0x00, 0x00, 0x00, 0x00, 0x00, 0x00, 0x00,
    0x00, 0x00, 0x00, 0x00, 0x00, 0x00, 0x00, 0x00, 0x00, 0x00, 0x00, 0x00, 0x00, 0x00, 0x00, 0x00,
    0x00, 0x00, 0x00, 0x00, 0x00, 0x00, 0x00, 0x00, 0x00, 0x00, 0x00, 0x00, 0x00, 0x00, 0x00, 0x00,
    0x00, 0x00, 0x00, 0x00, 0x00, 0x00, 0x00, 0x00, 0x00, 0x00, 0x00, 0x00, 0x00, 0x00, 0x00, 0x00,
    0x00, 0x00, 0x00, 0x00, 0x00, 0x00, 0x00, 0x00, 0x00, 0x00, 0x00, 0x00, 0x00, 0x00, 0x00, 0x00,
    0x00, 0x00, 0x00, 0x00, 0x00, 0x00, 0x00, 0x00, 0x00, 0x00, 0x00, 0x00, 0x00, 0x00, 0x00, 0x00,
    0x00, 0x00, 0x00, 0x00, 0x00, 0x00, 0x00, 0x00, 0x00, 0x00, 0x00, 0x00, 0x00, 0x00, 0x00, 0x00,
    0x00, 0x00, 0x00, 0x00, 0x00, 0x00, 0x00, 0x00, 0x00, 0x00, 0x00, 0x00, 0x00, 0x00, 0x00, 0x00,
    0x00, 0x00, 0x00, 0x00, 0x00, 0x00, 0x00, 0x00, 0x00, 0x00, 0x00, 0x00, 0x00, 0x00, 0x00, 0x00,
    0x00, 0x00, 0x00, 0x00, 0x00, 0x00, 0x00, 0x00, 0x00, 0x00, 0x00, 0x00, 0x00, 0x00, 0x00, 0x00,
    0x00, 0x00, 0x00, 0x00, 0x00, 0x00, 0x00, 0x00, 0x00, 0x00, 0x00, 0x00, 0x00, 0x00, 0x00, 0x00,
    0x00, 0x00, 0x00, 0x00, 0x00, 0x00, 0x00, 0x00, 0x00, 0x00, 0x00, 0x00, 0x00, 0x00, 0x00, 0x00,
    0x00, 0x00, 0x00, 0x00, 0x00, 0x00, 0x00, 0x00, 0x00, 0x00, 0x00, 0x00, 0x00, 0x00, 0x00, 0x00,
    0x00, 0x00, 0x00, 0x00, 0x00, 0x00, 0x00, 0x00, 0x00, 0x00, 0x00, 0x00, 0x00, 0x00, 0x00, 0x00,
    0x00, 0x00, 0x00, 0x00, 0x00, 0x00, 0x00, 0x00, 0x00, 0x00, 0x00, 0x00, 0x00, 0x00, 0x00, 0x00,
    0x00, 0x00, 0x00, 0x00, 0x00, 0x00, 0x00, 0x00, 0x00, 0x00, 0x00, 0x00, 0x00, 0x00, 0x00, 0x00,
    0x00, 0x00, 0x00, 0x00, 0x00, 0x00, 0x00, 0x00, 0x00, 0x00, 0x00, 0x00, 0x00, 0x00, 0x00, 0x00,
    0x00, 0x00, 0x00, 0x00, 0x00, 0x00, 0x00, 0x00, 0x00, 0x00, 0x00, 0x00, 0x00, 0x00, 0x00, 0x00,
    0x00, 0x00, 0x00, 0x00, 0x00, 0x00, 0x00, 0x00, 0x00, 0x00, 0x00, 0x00, 0x00, 0x00, 0x00, 0x00,
    0x00, 0x00, 0x00, 0x00, 0x00, 0x00, 0x00, 0x00, 0x00, 0x00, 0x00, 0x00, 0x00, 0x00, 0x00, 0x00,
    0x00, 0x00, 0x00, 0x00, 0x00, 0x00, 0x00, 0x00, 0x00, 0x00, 0x00, 0x00, 0x00, 0x00, 0x00, 0x00,
    0x00, 0x00, 0x00, 0x00, 0x00, 0x00, 0x00, 0x00, 0x00, 0x00, 0x00, 0x00, 0x00, 0x00, 0x00, 0x00,
    0x00, 0x00, 0x00, 0x00, 0x00, 0x00, 0x00, 0x00, 0x00, 0x00, 0x00, 0x00, 0x00, 0x00, 0x00, 0x00,
    0x00, 0x00, 0x00, 0x00, 0x00, 0x00, 0x00, 0x00, 0x00, 0x00, 0x00, 0x00, 0x00, 0x00, 0x00, 0x00,
    0x00, 0x00, 0x00, 0x00, 0x00, 0x00, 0x00, 0x00, 0x00, 0x00, 0x00, 0x00, 0x00, 0x00, 0x00, 0x00,
    0x00, 0x00, 0x00, 0x00, 0x00, 0x00, 0x00, 0x00, 0x00, 0x00, 0x00, 0x00, 0x00, 0x00, 0x00, 0x00,
    /* Alpha channel data (1600 bytes) */
    0x00, 0x00, 0x00, 0x00, 0x00, 0x00, 0x00, 0x00, 0x00, 0x00, 0x00, 0x00, 0x20, 0x55, 0x00, 0x00,
    0x00, 0x00, 0x00, 0x00, 0x00, 0x00, 0x00, 0x00, 0x00, 0x00, 0x00, 0x00, 0x00, 0x00, 0x00, 0x00,
    0x00, 0x00, 0x00, 0x00, 0x00, 0x00, 0x00, 0x00, 0x00, 0x00, 0x00, 0x00, 0x00, 0x83, 0x74, 0x00,
    0x00, 0x00, 0x00, 0x00, 0xb1, 0xf0, 0x00, 0x00, 0x00, 0x00, 0x00, 0x00, 0x00, 0x00, 0x00, 0x00,
    0x00, 0x00, 0x00, 0x00, 0x00, 0x00, 0x00, 0x00, 0x00, 0x00, 0x00, 0x00, 0x00, 0x00, 0x00, 0x00,
    0x00, 0x00, 0x00, 0x00, 0x00, 0xb6, 0xf3, 0x22, 0x00, 0x00, 0x00, 0x10, 0xea, 0xb3, 0x00, 0x00,
    0x00, 0x00, 0x00, 0x00, 0x00, 0x00, 0x00, 0x00, 0x00, 0x00, 0x00, 0x00, 0x00, 0x00, 0x00, 0x00,
    0x00, 0x00, 0x00, 0x00, 0x00, 0x00, 0x00, 0x00, 0x00, 0x00, 0x00, 0x00, 0x00, 0x34, 0xf9, 0x5e,
    0x08, 0x2e, 0x3c, 0x30, 0x95, 0x45, 0x00, 0x00, 0x00, 0x00, 0x00, 0x00, 0x00, 0x00, 0x00, 0x00,
    0x00, 0x00, 0x00, 0x00, 0x00, 0x00, 0x00, 0x00, 0x00, 0x00, 0x00, 0x00, 0x00, 0x00, 0x00, 0x00,
    0x00, 0x00, 0x00, 0x00, 0x00, 0x00, 0x3a, 0x89, 0xed, 0xff, 0xff, 0xff, 0xdd, 0x63, 0x02, 0x00,
    0x00, 0x00, 0x00, 0x00, 0x00, 0x00, 0x00, 0x00, 0x00, 0x00, 0x00, 0x00, 0x00, 0x00, 0x00, 0x00,
    0x00, 0x00, 0x00, 0x00, 0x00, 0x00, 0x00, 0x00, 0x00, 0x00, 0x00, 0x00, 0x00, 0x2b, 0xde, 0xff,
    0xff, 0xff, 0xff, 0xff, 0xff, 0xff, 0xca, 0x0e, 0x00, 0x28, 0xa6, 0x67, 0x00, 0x00, 0x00, 0x00,
    0x00, 0x00, 0x00, 0x00, 0x00, 0x00, 0x00, 0x00, 0x00, 0x00, 0x00, 0x00, 0x00, 0x00, 0x00, 0x00,
    0x09, 0x20, 0x04, 0x00, 0x12, 0xdf, 0xff, 0xff, 0xff, 0xff, 0xff, 0xff, 0xff, 0xff, 0xff, 0xb6,
    0x43, 0xf7, 0xf5, 0x7a, 0x00, 0x00, 0x00, 0x00, 0x00, 0x00, 0x00, 0x00, 0x00, 0x00, 0x00, 0x00,
    0x00, 0x00, 0x00, 0x00, 0x00, 0x00, 0x00, 0x00, 0x80, 0xf9, 0xd3, 0x49, 0x8b, 0xff, 0xff, 0xff,
    0xff, 0xff, 0xff, 0xff, 0xff, 0xff, 0xff, 0xff, 0x80, 0x84, 0x2a, 0x00, 0x00, 0x00, 0x00, 0x00,
    0x00, 0x00, 0x00, 0x00, 0x00, 0x00, 0x00, 0x00, 0x00, 0x00, 0x00, 0x00, 0x00, 0x00, 0x00, 0x00,
    0x24, 0x8f, 0xd4, 0x74, 0xf4, 0xff, 0xff, 0xff, 0xff, 0xff, 0xff, 0xff, 0xff, 0xff, 0xff, 0xff,
    0xce, 0x77, 0xa0, 0xb5, 0xb5, 0xa0, 0x74, 0x33, 0x00, 0x00, 0x00, 0x00, 0x00, 0x00, 0x00, 0x00,
    0x00, 0x00, 0x00, 0x00, 0x00, 0x00, 0x00, 0x00, 0x00, 0x00, 0x00, 0x3d, 0xff, 0xff, 0xff, 0xff,
    0xff, 0xff, 0xff, 0xff, 0xff, 0xff, 0xff, 0xff, 0xff, 0xff, 0xff, 0xff, 0xff, 0xff, 0xff, 0xff,
    0xc7, 0x3b, 0x00, 0x00, 0x00, 0x00, 0x00, 0x00, 0x00, 0x00, 0x00, 0x00, 0x00, 0x00, 0x00, 0x00,
    0x00, 0x00, 0x00, 0x4d, 0xff, 0xff, 0xff, 0xff, 0xff, 0xff, 0xff, 0xff, 0xff, 0xff, 0xff, 0xff,
    0xff, 0xff, 0xff, 0xff, 0xff, 0xff, 0xff, 0xff, 0xff, 0xff, 0xa1, 0x07, 0x00, 0x00, 0x00, 0x00,
    0x00, 0x00, 0x00, 0x00, 0x00, 0x00, 0x00, 0x00, 0x00, 0x00, 0x00, 0x3b, 0xff, 0xff, 0xff, 0xff,
    0xff, 0xff, 0xff, 0xff, 0xff, 0xff, 0xff, 0xff, 0xff, 0xff, 0xff, 0xff, 0xff, 0xff, 0xff, 0xff,
    0xff, 0xff, 0xff, 0xb4, 0x12, 0x00, 0x00, 0x00, 0x00, 0x00, 0x00, 0x00, 0x00, 0x00, 0x00, 0x00,
    0x00, 0x00, 0x00, 0x0b, 0xf4, 0xff, 0xff, 0xff, 0xff, 0xff, 0xff, 0xff, 0xff, 0xff, 0xff, 0xff,
    0xff, 0xff, 0xff, 0xff, 0xff, 0xff, 0xff, 0xff, 0xff, 0xff, 0xff, 0xff, 0xac, 0x01, 0x00, 0x00,
    0x00, 0x00, 0x00, 0x00, 0x00, 0x00, 0x00, 0x00, 0x00, 0x03, 0x50, 0x85, 0x87, 0xff, 0xff, 0xff,
    0xff, 0xff, 0xff, 0xff, 0xff, 0xff, 0xff, 0xff, 0xff, 0xff, 0xff, 0xff, 0xff, 0xff, 0xff, 0xff,
    0xff, 0xff, 0xff, 0xff, 0xfe, 0x6c, 0x00, 0x1d, 0x31, 0x21, 0x02, 0x00, 0x00, 0x00, 0x00, 0x00,
    0x00, 0x9e, 0xff, 0xfc, 0x8e, 0xff, 0xff, 0xff, 0xff, 0xff, 0xff, 0xff, 0xff, 0xff, 0xff, 0xff,
    0xff, 0xff, 0xff, 0xff, 0xff, 0xff, 0xff, 0xff, 0xff, 0xff, 0xff, 0xff, 0xff, 0xee, 0xdb, 0xff,
    0xff, 0xff, 0xe7, 0x73, 0x0e, 0x00, 0x00, 0x00, 0x00, 0x7c, 0xb4, 0xf5, 0xff, 0xff, 0xff, 0xff,
    0xff, 0xff, 0xff, 0xff, 0xff, 0xff, 0xff, 0xff, 0xff, 0xff, 0xff, 0xff, 0xff, 0xff, 0xff, 0xff,
    0xff, 0xff, 0xff, 0xff, 0xff, 0xff, 0xff, 0xff, 0xff, 0xff, 0xff, 0xff, 0xdf, 0x28, 0x00, 0x00,
    0x00, 0x24, 0xe7, 0xff, 0xff, 0xff, 0xff, 0xff, 0xff, 0xff, 0xff, 0xff, 0xff, 0xff, 0xff, 0xff,
    0xff, 0xff, 0xff, 0xff, 0xff, 0xff, 0xff, 0xff, 0xff, 0xff, 0xff, 0xff, 0xff, 0xff, 0xff, 0xff,
    0xff, 0xff, 0xff, 0xff, 0xff, 0xe3, 0x24, 0x00, 0x00, 0xab, 0xff, 0xff, 0xff, 0xff, 0xff, 0xff,
    0xff, 0xff, 0xff, 0xff, 0xff, 0xff, 0xff, 0xff, 0xff, 0xff, 0xff, 0xff, 0xff, 0xff, 0xff, 0xff,
    0xff, 0xff, 0xff, 0xff, 0xff, 0xff, 0xff, 0xff, 0xff, 0xff, 0xff, 0xff, 0xff, 0xff, 0xab, 0x00,
    0x22, 0xfa, 0xff, 0xff, 0xff, 0xff, 0xff, 0xff, 0xff, 0xff, 0xff, 0xff, 0xff, 0xff, 0xff, 0xff,
    0xff, 0xff, 0xff, 0xff, 0xff, 0xff, 0xff, 0xff, 0xff, 0xff, 0xff, 0xff, 0xff, 0xff, 0xff, 0xff,
    0xff, 0xff, 0xff, 0xff, 0xff, 0xff, 0xfa, 0x22, 0x74, 0xff, 0xff, 0xff, 0xff, 0xff, 0xff, 0xff,
    0xff, 0xff, 0xff, 0xff, 0xff, 0xff, 0xff, 0xff, 0xff, 0xff, 0xff, 0xff, 0xff, 0xff, 0xff, 0xff,
    0xff, 0xff, 0xff, 0xff, 0xff, 0xff, 0xff, 0xff, 0xff, 0xff, 0xff, 0xff, 0xff, 0xff, 0xff, 0x74,
    0x90, 0xff, 0xff, 0xff, 0xff, 0xff, 0xff, 0xff, 0xff, 0xff, 0xff, 0xff, 0xff, 0xff, 0xff, 0xff,
    0xff, 0xff, 0xff, 0xff, 0xff, 0xff, 0xff, 0xff, 0xff, 0xff, 0xff, 0xff, 0xff, 0xff, 0xff, 0xff,
    0xff, 0xff, 0xff, 0xff, 0xff, 0xff, 0xff, 0x90, 0x92, 0xff, 0xff, 0xff, 0xff, 0xff, 0xff, 0xff,
    0xff, 0xff, 0xff, 0xff, 0xff, 0xff, 0xff, 0xff, 0xff, 0xff, 0xff, 0xff, 0xff, 0xff, 0xff, 0xff,
    0xff, 0xff, 0xff, 0xff, 0xff, 0xff, 0xff, 0xff, 0xff, 0xff, 0xff, 0xff, 0xff, 0xff, 0xff, 0x92,
    0x8d, 0xff, 0xff, 0xff, 0xff, 0xff, 0xff, 0xff, 0xff, 0xff, 0xff, 0xff, 0xff, 0xff, 0xff, 0xff,
    0xff, 0xff, 0xff, 0xff, 0xff, 0xff, 0xff, 0xff, 0xff, 0xff, 0xff, 0xff, 0xff, 0xff, 0xff, 0xff,
    0xff, 0xff, 0xff, 0xff, 0xff, 0xff, 0xff, 0x8d, 0x66, 0xff, 0xff, 0xff, 0xff, 0xff, 0xff, 0xff,
    0xff, 0xff, 0xff, 0xff, 0xff, 0xff, 0xff, 0xff, 0xff, 0xff, 0xff, 0xff, 0xff, 0xff, 0xff, 0xff,
    0xff, 0xff, 0xff, 0xff, 0xff, 0xff, 0xff, 0xff, 0xff, 0xff, 0xff, 0xff, 0xff, 0xff, 0xff, 0x66,
    0x11, 0xf4, 0xff, 0xff, 0xff, 0xff, 0xff, 0xff, 0xff, 0xff, 0xff, 0xff, 0xff, 0xff, 0xff, 0xff,
    0xff, 0xff, 0xff, 0xff, 0xff, 0xff, 0xff, 0xff, 0xff, 0xff, 0xff, 0xff, 0xff, 0xff, 0xff, 0xff,
    0xff, 0xff, 0xff, 0xff, 0xff, 0xff, 0xf4, 0x11, 0x00, 0x8a, 0xff, 0xff, 0xff, 0xff, 0xff, 0xff,
    0xff, 0xff, 0xff, 0xff, 0xff, 0xff, 0xff, 0xff, 0xff, 0xff, 0xff, 0xff, 0xff, 0xff, 0xff, 0xff,
    0xff, 0xff, 0xff, 0xff, 0xff, 0xff, 0xff, 0xff, 0xff, 0xff, 0xff, 0xff, 0xff, 0xff, 0x8a, 0x00,
    0x00, 0x13, 0xcd, 0xff, 0xff, 0xff, 0xff, 0xff, 0xff, 0xff, 0xff, 0xff, 0xff, 0xff, 0xff, 0xff,
    0xff, 0xff, 0xff, 0xff, 0xff, 0xff, 0xff, 0xff, 0xff, 0xff, 0xff, 0xff, 0xff, 0xff, 0xff, 0xff,
    0xff, 0xff, 0xff, 0xff, 0xff, 0xc6, 0x13, 0x00, 0x00, 0x00, 0x12, 0xaf, 0xff, 0xff, 0xff, 0xff,
    0xff, 0xff, 0xfd, 0xe1, 0xff, 0xff, 0xff, 0xff, 0xff, 0xff, 0xff, 0xff, 0xff, 0xff, 0xff, 0xff,
    0xff, 0xff, 0xff, 0xff, 0xe0, 0xfd, 0xff, 0xff, 0xff, 0xff, 0xff, 0xff, 0xaf, 0x0f, 0x00, 0x00,
    0x00, 0x00, 0x00, 0x06, 0x49, 0xa2, 0xd2, 0xe2, 0xce, 0x9a, 0x3c, 0x14, 0xba, 0xff, 0xff, 0xff,
    0xff, 0xff, 0xff, 0xff, 0xff, 0xff, 0xff, 0xff, 0xff, 0xff, 0xff, 0xb0, 0x14, 0x3c, 0x99, 0xce,
    0xe2, 0xd2, 0xa2, 0x49, 0x06, 0x00, 0x00, 0x00, 0x00, 0x00, 0x00, 0x00, 0x00, 0x00, 0x00, 0x00,
    0x00, 0x00, 0x00, 0x00, 0x06, 0x9c, 0xff, 0xff, 0xff, 0xff, 0xff, 0xff, 0xff, 0xff, 0xff, 0xff,
    0xff, 0xff, 0x9c, 0x06, 0x00, 0x00, 0x00, 0x00, 0x00, 0x00, 0x00, 0x00, 0x00, 0x00, 0x00, 0x00,
    0x00, 0x00, 0x00, 0x00, 0x00, 0x00, 0x00, 0x00, 0x00, 0x00, 0x00, 0x00, 0x00, 0x00, 0x38, 0xc4,
    0xff, 0xff, 0xff, 0xff, 0xff, 0xff, 0xff, 0xff, 0xc4, 0x38, 0x00, 0x00, 0x00, 0x00, 0x00, 0x00,
    0x00, 0x00, 0x00, 0x00, 0x00, 0x00, 0x00, 0x00, 0x00, 0x00, 0x00, 0x00, 0x00, 0x00, 0x00, 0x00,
    0x00, 0x00, 0x00, 0x00, 0x00, 0x00, 0x00, 0x00, 0x32, 0x76, 0xa0, 0xb5, 0xb5, 0xa0, 0x74, 0x32,
    0x00, 0x00, 0x00, 0x00, 0x00, 0x00, 0x00, 0x00, 0x00, 0x00, 0x00, 0x00, 0x00, 0x00, 0x00, 0x00,
    0x00, 0x00, 0x00, 0x00, 0x00, 0x00, 0x00, 0x00, 0x00, 0x00, 0x00, 0x00, 0x00, 0x00, 0x00, 0x00,
    0x00, 0x00, 0x00, 0x00, 0x00, 0x00, 0x00, 0x00, 0x00, 0x00, 0x00, 0x00, 0x00, 0x00, 0x00, 0x00,
    0x00, 0x00, 0x00, 0x00, 0x00, 0x00, 0x00, 0x00, 0x00, 0x00, 0x00, 0x00, 0x00, 0x00, 0x00, 0x00,
    0x00, 0x00, 0x00, 0x00, 0x00, 0x00, 0x00, 0x00, 0x00, 0x00, 0x00, 0x00, 0x00, 0x00, 0x00, 0x00,
    0x00, 0x00, 0x00, 0x00, 0x00, 0x00, 0x00, 0x00, 0x00, 0x00, 0x00, 0x00, 0x00, 0x00, 0x00, 0x00,
    0x00, 0x00, 0x00, 0x00, 0x00, 0x00, 0x00, 0x00, 0x00, 0x00, 0x00, 0x00, 0x00, 0x00, 0x00, 0x00,
    0x00, 0x00, 0x00, 0x00, 0x00, 0x00, 0x00, 0x00, 0x00, 0x00, 0x00, 0x00, 0x00, 0x00, 0x00, 0x00,
    0x00, 0x00, 0x00, 0x00, 0x00, 0x00, 0x00, 0x00, 0x00, 0x00, 0x00, 0x00, 0x00, 0x00, 0x00, 0x00,
    0x00, 0x00, 0x00, 0x00, 0x00, 0x00, 0x00, 0x00, 0x00, 0x00, 0x00, 0x00, 0x00, 0x00, 0x00, 0x00,
    0x00, 0x00, 0x00, 0x00, 0x00, 0x00, 0x00, 0x00, 0x00, 0x00, 0x00, 0x00, 0x00, 0x00, 0x00, 0x00,
    0x00, 0x00, 0x00, 0x00, 0x00, 0x00, 0x00, 0x00, 0x00, 0x00, 0x00, 0x00, 0x00, 0x00, 0x00, 0x00,
    0x00, 0x00, 0x00, 0x00, 0x00, 0x00, 0x00, 0x00, 0x00, 0x00, 0x00, 0x00, 0x00, 0x00, 0x00, 0x00,
    0x00, 0x00, 0x00, 0x00, 0x00, 0x00, 0x00, 0x00, 0x00, 0x00, 0x00, 0x00, 0x00, 0x00, 0x00, 0x00,
    0x00, 0x00, 0x00, 0x00, 0x00, 0x00, 0x00, 0x00, 0x00, 0x00, 0x00, 0x00, 0x00, 0x00, 0x00, 0x00,
    0x00, 0x00, 0x00, 0x00, 0x00, 0x00, 0x00, 0x00, 0x00, 0x00, 0x00, 0x00, 0x00, 0x00, 0x00, 0x00,
    0x00, 0x00, 0x00, 0x00, 0x00, 0x00, 0x00, 0x00, 0x00, 0x00, 0x00, 0x00, 0x00, 0x00, 0x00, 0x00,
    0x00, 0x00, 0x00, 0x00, 0x00, 0x00, 0x00, 0x00, 0x00, 0x00, 0x00, 0x00, 0x00, 0x00, 0x00, 0x00,
    0x00, 0x00, 0x00, 0x00, 0x00, 0x00, 0x00, 0x00, 0x00, 0x00, 0x00, 0x00, 0x00, 0x00, 0x00, 0x00,
    0x00, 0x00, 0x00, 0x00, 0x00, 0x00, 0x00, 0x00, 0x00, 0x00, 0x00, 0x00, 0x00, 0x00, 0x00, 0x00,
    0x00, 0x00, 0x00, 0x00, 0x00, 0x00, 0x00, 0x00, 0x00, 0x00, 0x00, 0x00, 0x00, 0x00, 0x00, 0x00,
};
#else
/* RGB565A8 - 16-bit color with separate 8-bit alpha channel (swapped byte order) */

static const LV_ATTRIBUTE_MEM_ALIGN LV_ATTRIBUTE_LARGE_CONST LV_ATTRIBUTE_IMG_DAY_PARTIAL_CLOUD uint8_t day_partial_cloud_rgb565a8_swap_map[] = {
    /* RGB565 color data (3200 bytes, byte-swapped) */
    0x00, 0x00, 0x00, 0x00, 0x00, 0x00, 0x00, 0x00, 0x00, 0x00, 0x00, 0x00, 0x00, 0x00, 0x00, 0x00,
    0x00, 0x00, 0x00, 0x00, 0x00, 0x00, 0x00, 0x00, 0xf6, 0x61, 0xfe, 0xc0, 0x00, 0x00, 0x00, 0x00,
    0x00, 0x00, 0x00, 0x00, 0x00, 0x00, 0x00, 0x00, 0x00, 0x00, 0x00, 0x00, 0x00, 0x00, 0x00, 0x00,
    0x00, 0x00, 0x00, 0x00, 0x00, 0x00, 0x00, 0x00, 0x00, 0x00, 0x00, 0x00, 0x00, 0x00, 0x00, 0x00,
    0x00, 0x00, 0x00, 0x00, 0x00, 0x00, 0x00, 0x00, 0x00, 0x00, 0x00, 0x00, 0x00, 0x00, 0x00, 0x00,
    0x00, 0x00, 0x00, 0x00, 0x00, 0x00, 0x00, 0x00, 0x00, 0x00, 0xfe, 0x61, 0xfe, 0x80, 0x00, 0x00,
    0x00, 0x00, 0x00, 0x00, 0x00, 0x00, 0x00, 0x00, 0xf6, 0x21, 0xfe, 0x61, 0x00, 0x00, 0x00, 0x00,
    0x00, 0x00, 0x00, 0x00, 0x00, 0x00, 0x00, 0x00, 0x00, 0x00, 0x00, 0x00, 0x00, 0x00, 0x00, 0x00,
    0x00, 0x00, 0x00, 0x00, 0x00, 0x00, 0x00, 0x00, 0x00, 0x00, 0x00, 0x00, 0x00, 0x00, 0x00, 0x00,
    0x00, 0x00, 0x00, 0x00, 0x00, 0x00, 0x00, 0x00, 0x00, 0x00, 0x00, 0x00, 0x00, 0x00, 0x00, 0x00,
    0x00, 0x00, 0x00, 0x00, 0x00, 0x00, 0x00, 0x00, 0x00, 0x00, 0xf6, 0x02, 0xf6, 0x21, 0xfe, 0x01,
    0x00, 0x00, 0x00, 0x00, 0x00, 0x00, 0xed, 0x64, 0xed, 0xa2, 0xf5, 0xe2, 0x00, 0x00, 0x00, 0x00,
    0x00, 0x00, 0x00, 0x00, 0x00, 0x00, 0x00, 0x00, 0x00, 0x00, 0x00, 0x00, 0x00, 0x00, 0x00, 0x00,
    0x00, 0x00, 0x00, 0x00, 0x00, 0x00, 0x00, 0x00, 0x00, 0x00, 0x00, 0x00, 0x00, 0x00, 0x00, 0x00,
    0x00, 0x00, 0x00, 0x00, 0x00, 0x00, 0x00, 0x00, 0x00, 0x00, 0x00, 0x00, 0x00, 0x00, 0x00, 0x00,
    0x00, 0x00, 0x00, 0x00, 0x00, 0x00, 0x00, 0x00, 0x00, 0x00, 0xf5, 0xa3, 0xed, 0x83, 0xed, 0xa3,
    0xfd, 0xe4, 0xf6, 0x01, 0xf6, 0x01, 0xf5, 0xe2, 0xed, 0x43, 0xed, 0x63, 0x00, 0x00, 0x00, 0x00,
    0x00, 0x00, 0x00, 0x00, 0x00, 0x00, 0x00, 0x00, 0x00, 0x00, 0x00, 0x00, 0x00, 0x00, 0x00, 0x00,
    0x00, 0x00, 0x00, 0x00, 0x00, 0x00, 0x00, 0x00, 0x00, 0x00, 0x00, 0x00, 0x00, 0x00, 0x00, 0x00,
    0x00, 0x00, 0x00, 0x00, 0x00, 0x00, 0x00, 0x00, 0x00, 0x00, 0x00, 0x00, 0x00, 0x00, 0x00, 0x00,
    0x00, 0x00, 0x00, 0x00, 0x00, 0x00, 0x00, 0x00, 0x00, 0x00, 0x00, 0x00, 0xed, 0x43, 0xf6, 0x01,
    0xf6, 0x41, 0xfe, 0x60, 0xfe, 0x80, 0xfe, 0x80, 0xfe, 0x60, 0xf6, 0x41, 0xff, 0xe0, 0x00, 0x00,
    0x00, 0x00, 0x00, 0x00, 0x00, 0x00, 0x00, 0x00, 0x00, 0x00, 0x00, 0x00, 0x00, 0x00, 0x00, 0x00,
    0x00, 0x00, 0x00, 0x00, 0x00, 0x00, 0x00, 0x00, 0x00, 0x00, 0x00, 0x00, 0x00, 0x00, 0x00, 0x00,
    0x00, 0x00, 0x00, 0x00, 0x00, 0x00, 0x00, 0x00, 0x00, 0x00, 0x00, 0x00, 0x00, 0x00, 0x00, 0x00,
    0x00, 0x00, 0x00, 0x00, 0x00, 0x00, 0x00, 0x00, 0x00, 0x00, 0xf6, 0x41, 0xf6, 0x41, 0xfe, 0x61,
    0xfe, 0x80, 0xfe, 0x80, 0xfe, 0x80, 0xfe, 0x80, 0xfe, 0xa0, 0xfe, 0xa0, 0xfe, 0xa0, 0xfe, 0xc0,
    0x00, 0x00, 0xfe, 0x21, 0xfe, 0x61, 0xfe, 0xa0, 0x00, 0x00, 0x00, 0x00, 0x00, 0x00, 0x00, 0x00,
    0x00, 0x00, 0x00, 0x00, 0x00, 0x00, 0x00, 0x00, 0x00, 0x00, 0x00, 0x00, 0x00, 0x00, 0x00, 0x00,
    0x00, 0x00, 0x00, 0x00, 0x00, 0x00, 0x00, 0x00, 0x00, 0x00, 0x00, 0x00, 0x00, 0x00, 0x00, 0x00,
    0xfe, 0x20, 0xfe, 0xa1, 0xfd, 0xe0, 0x00, 0x00, 0xf6, 0x21, 0xf6, 0x41, 0xf6, 0x41, 0xf6, 0x41,
    0xf6, 0x41, 0xfe, 0x61, 0xfe, 0x61, 0xfe, 0x60, 0xfe, 0x80, 0xfe, 0x80, 0xfe, 0x80, 0xfe, 0xa0,
    0xf5, 0xa2, 0xf5, 0xc2, 0xf6, 0x02, 0xf6, 0x41, 0x00, 0x00, 0x00, 0x00, 0x00, 0x00, 0x00, 0x00,
    0x00, 0x00, 0x00, 0x00, 0x00, 0x00, 0x00, 0x00, 0x00, 0x00, 0x00, 0x00, 0x00, 0x00, 0x00, 0x00,
    0x00, 0x00, 0x00, 0x00, 0x00, 0x00, 0x00, 0x00, 0x00, 0x00, 0x00, 0x00, 0x00, 0x00, 0x00, 0x00,
    0xf5, 0xe2, 0xf6, 0x21, 0xfe, 0x61, 0xfe, 0x80, 0xf6, 0x02, 0xf6, 0x01, 0xf6, 0x21, 0xf6, 0x21,
    0xf6, 0x21, 0xf6, 0x41, 0xf6, 0x41, 0xf6, 0x41, 0xf6, 0x61, 0xfe, 0x61, 0xfe, 0x61, 0xfe, 0x80,
    0xf6, 0x21, 0xed, 0x63, 0xed, 0x83, 0x00, 0x00, 0x00, 0x00, 0x00, 0x00, 0x00, 0x00, 0x00, 0x00,
    0x00, 0x00, 0x00, 0x00, 0x00, 0x00, 0x00, 0x00, 0x00, 0x00, 0x00, 0x00, 0x00, 0x00, 0x00, 0x00,
    0x00, 0x00, 0x00, 0x00, 0x00, 0x00, 0x00, 0x00, 0x00, 0x00, 0x00, 0x00, 0x00, 0x00, 0x00, 0x00,
    0xed, 0x43, 0xed, 0x63, 0xed, 0xa3, 0xf5, 0xe2, 0xf5, 0xe2, 0xf5, 0xe2, 0xf6, 0x02, 0xf6, 0x02,
    0xf6, 0x01, 0xf6, 0x21, 0xf6, 0x21, 0xf6, 0x21, 0xf6, 0x41, 0xf6, 0x41, 0xf6, 0x41, 0xf6, 0x61,
    0xee, 0x67, 0xbe, 0x3a, 0xbe, 0x3a, 0xbe, 0x3a, 0xbe, 0x3a, 0xbe, 0x3a, 0xbe, 0x3a, 0xbe, 0x5a,
    0x00, 0x00, 0x00, 0x00, 0x00, 0x00, 0x00, 0x00, 0x00, 0x00, 0x00, 0x00, 0x00, 0x00, 0x00, 0x00,
    0x00, 0x00, 0x00, 0x00, 0x00, 0x00, 0x00, 0x00, 0x00, 0x00, 0x00, 0x00, 0x00, 0x00, 0x00, 0x00,
    0x00, 0x00, 0x00, 0x00, 0x00, 0x00, 0xed, 0xc2, 0xed, 0xc2, 0xed, 0xc2, 0xf5, 0xe2, 0xf5, 0xe2,
    0xf5, 0xe2, 0xf6, 0x02, 0xf6, 0x02, 0xf6, 0x01, 0xf6, 0x21, 0xf6, 0x21, 0xee, 0x27, 0xce, 0x34,
    0xbe, 0x5a, 0xc6, 0x7a, 0xce, 0x9b, 0xce, 0x9b, 0xce, 0x9b, 0xce, 0x9b, 0xc6, 0x7a, 0xbe, 0x5a,
    0xbe, 0x3a, 0xbe, 0x3a, 0x00, 0x00, 0x00, 0x00, 0x00, 0x00, 0x00, 0x00, 0x00, 0x00, 0x00, 0x00,
    0x00, 0x00, 0x00, 0x00, 0x00, 0x00, 0x00, 0x00, 0x00, 0x00, 0x00, 0x00, 0x00, 0x00, 0x00, 0x00,
    0x00, 0x00, 0x00, 0x00, 0x00, 0x00, 0xed, 0xa3, 0xed, 0xa3, 0xed, 0xa2, 0xed, 0xc2, 0xed, 0xc2,
    0xed, 0xc2, 0xf5, 0xe2, 0xf5, 0xe2, 0xf5, 0xe2, 0xf6, 0x02, 0xd6, 0x31, 0xc6, 0x5a, 0xce, 0xbb,
    0xd6, 0xfc, 0xd6, 0xfc, 0xd6, 0xfc, 0xd6, 0xfc, 0xd6, 0xfc, 0xd6, 0xfc, 0xd6, 0xfc, 0xd6, 0xfc,
    0xce, 0xbb, 0xc6, 0x5a, 0xbe, 0x3a, 0xb5, 0xbb, 0x00, 0x00, 0x00, 0x00, 0x00, 0x00, 0x00, 0x00,
    0x00, 0x00, 0x00, 0x00, 0x00, 0x00, 0x00, 0x00, 0x00, 0x00, 0x00, 0x00, 0x00, 0x00, 0x00, 0x00,
    0x00, 0x00, 0x00, 0x00, 0x00, 0x00, 0xed, 0x83, 0xed, 0x83, 0xed, 0x83, 0xed, 0xa3, 0xed, 0xa3,
    0xed, 0xa2, 0xed, 0xc2, 0xed, 0xc2, 0xed, 0xc4, 0xce, 0x34, 0xce, 0x9b, 0xd6, 0xfc, 0xd6, 0xfc,
    0xd6, 0xfc, 0xd6, 0xfc, 0xd6, 0xfc, 0xd6, 0xfc, 0xd6, 0xfc, 0xd6, 0xfc, 0xd6, 0xfc, 0xd6, 0xfc,
    0xd6, 0xfc, 0xd6, 0xfc, 0xce, 0x9b, 0xbe, 0x3a, 0xbe, 0x3a, 0x00, 0x00, 0x00, 0x00, 0x00, 0x00,
    0x00, 0x00, 0x00, 0x00, 0x00, 0x00, 0x00, 0x00, 0x00, 0x00, 0x00, 0x00, 0x00, 0x00, 0x00, 0x00,
    0x00, 0x00, 0x00, 0x00, 0x00, 0x00, 0xed, 0x02, 0xed, 0x63, 0xed, 0x63, 0xed, 0x83, 0xed, 0x83,
    0xed, 0x83, 0xed, 0xa3, 0xed, 0xa3, 0xce, 0x12, 0xce, 0xbb, 0xd6, 0xfc, 0xd6, 0xfc, 0xd6, 0xfc,
    0xd6, 0xfc, 0xd6, 0xfc, 0xd6, 0xfc, 0xd6, 0xfc, 0xd6, 0xfc, 0xd6, 0xfc, 0xd6, 0xfc, 0xd6, 0xfc,
    0xd6, 0xfc, 0xd6, 0xfc, 0xd6, 0xfc, 0xce, 0xbb, 0xbe, 0x3a, 0xff, 0xff, 0x00, 0x00, 0x00, 0x00,
    0x00, 0x00, 0x00, 0x00, 0x00, 0x00, 0x00, 0x00, 0x00, 0x00, 0x00, 0x00, 0x00, 0x00, 0x00, 0x00,
    0x00, 0x00, 0xfd, 0x40, 0xfe, 0x61, 0xfe, 0xa0, 0xe5, 0x63, 0xe5, 0x44, 0xe5, 0x86, 0xe5, 0x87,
    0xe5, 0x86, 0xed, 0x83, 0xdd, 0xcd, 0xce, 0xbb, 0xd6, 0xfc, 0xd6, 0xfc, 0xd6, 0xfc, 0xd6, 0xfc,
    0xd6, 0xfc, 0xd6, 0xfc, 0xd6, 0xfc, 0xd6, 0xfc, 0xd6, 0xfc, 0xd6, 0xfc, 0xd6, 0xfc, 0xd6, 0xfc,
    0xd6, 0xfc, 0xd6, 0xfc, 0xd6, 0xfc, 0xd6, 0xfc, 0xce, 0xbb, 0xbe, 0x3a, 0x00, 0x00, 0xc6, 0x1a,
    0xc6, 0x3a, 0xc6, 0x5a, 0x87, 0xff, 0x00, 0x00, 0x00, 0x00, 0x00, 0x00, 0x00, 0x00, 0x00, 0x00,
    0x00, 0x00, 0xf5, 0xc2, 0xf6, 0x02, 0xf6, 0x23, 0xc6, 0x35, 0xc6, 0x18, 0xbe, 0x3a, 0xbe, 0x3a,
    0xbe, 0x3a, 0xc6, 0x17, 0xce, 0x79, 0xd6, 0xfc, 0xd6, 0xfc, 0xd6, 0xfc, 0xd6, 0xfc, 0xd6, 0xfc,
    0xd6, 0xfc, 0xd6, 0xfc, 0xd6, 0xdc, 0xce, 0xdb, 0xce, 0xdb, 0xd6, 0xdc, 0xd6, 0xfc, 0xd6, 0xfc,
    0xd6, 0xfc, 0xd6, 0xfc, 0xd6, 0xfc, 0xd6, 0xfc, 0xd6, 0xfc, 0xc6, 0x7b, 0xbe, 0x3a, 0xbe, 0x3a,
    0xbe, 0x3a, 0xbe, 0x3a, 0xbe, 0x3a, 0xbe, 0x3a, 0xb6, 0x5b, 0x00, 0x00, 0x00, 0x00, 0x00, 0x00,
    0x00, 0x00, 0xed, 0x43, 0xe5, 0xa9, 0xc6, 0x38, 0xc6, 0x9b, 0xce, 0xdb, 0xd6, 0xfc, 0xd6, 0xfc,
    0xd6, 0xfc, 0xce, 0xdb, 0xd6, 0xfc, 0xd6, 0xfc, 0xd6, 0xfc, 0xd6, 0xfc, 0xd6, 0xfc, 0xd6, 0xfc,
    0xce, 0xbb, 0xc6, 0x5a, 0xbe, 0x3a, 0xbe, 0x3a, 0xbe, 0x3a, 0xbe, 0x3a, 0xc6, 0x5a, 0xce, 0xbb,
    0xd6, 0xfc, 0xd6, 0xfc, 0xd6, 0xfc, 0xd6, 0xfc, 0xd6, 0xfc, 0xd6, 0xfc, 0xce, 0xdb, 0xd6, 0xfc,
    0xd6, 0xfc, 0xd6, 0xfc, 0xce, 0xdb, 0xc6, 0x9b, 0xbe, 0x3a, 0xbe, 0x3a, 0x00, 0x00, 0x00, 0x00,
    0x00, 0x00, 0xbe, 0x3a, 0xc6, 0x5a, 0xce, 0xdb, 0xd6, 0xfc, 0xd6, 0xfc, 0xd6, 0xfc, 0xd6, 0xfc,
    0xd6, 0xfc, 0xd6, 0xfc, 0xd6, 0xfc, 0xd6, 0xfc, 0xd6, 0xfc, 0xd6, 0xfc, 0xd6, 0xfc, 0xc6, 0x7b,
    0xc6, 0x5a, 0xce, 0xbb, 0xd6, 0xdc, 0xd6, 0xfc, 0xd6, 0xfc, 0xd6, 0xdc, 0xce, 0xbb, 0xc6, 0x5a,
    0xc6, 0x9b, 0xd6, 0xfc, 0xd6, 0xfc, 0xd6, 0xfc, 0xd6, 0xfc, 0xd6, 0xfc, 0xd6, 0xfc, 0xd6, 0xfc,
    0xd6, 0xfc, 0xd6, 0xfc, 0xd6, 0xfc, 0xd6, 0xfc, 0xce, 0xdb, 0xc6, 0x5a, 0xbe, 0x3a, 0x00, 0x00,
    0x00, 0x00, 0xc6, 0x5a, 0xd6, 0xdc, 0xd6, 0xfc, 0xd6, 0xfc, 0xd6, 0xfc, 0xd6, 0xfc, 0xd6, 0xfc,
    0xd6, 0xfc, 0xd6, 0xfc, 0xd6, 0xfc, 0xd6, 0xfc, 0xd6, 0xfc, 0xd6, 0xfc, 0xce, 0x9b, 0xce, 0x9b,
    0xd6, 0xfc, 0xd6, 0xfc, 0xd6, 0xfc, 0xd6, 0xfc, 0xd6, 0xfc, 0xd6, 0xfc, 0xd6, 0xfc, 0xd6, 0xfc,
    0xc6, 0x9b, 0xce, 0x9b, 0xd6, 0xfc, 0xd6, 0xfc, 0xd6, 0xfc, 0xd6, 0xfc, 0xd6, 0xfc, 0xd6, 0xfc,
    0xd6, 0xfc, 0xd6, 0xfc, 0xd6, 0xfc, 0xd6, 0xfc, 0xd6, 0xfc, 0xd6, 0xdc, 0xc6, 0x5a, 0x00, 0x00,
    0xbe, 0x1a, 0xce, 0xbb, 0xd6, 0xfc, 0xd6, 0xfc, 0xd6, 0xfc, 0xd6, 0xfc, 0xd6, 0xfc, 0xd6, 0xfc,
    0xd6, 0xfc, 0xd6, 0xfc, 0xce, 0x9b, 0xc6, 0x7a, 0xc6, 0x5a, 0xc6, 0x7a, 0xc6, 0x7b, 0xd6, 0xfc,
    0xd6, 0xfc, 0xd6, 0xfc, 0xd6, 0xfc, 0xd6, 0xfc, 0xd6, 0xfc, 0xd6, 0xfc, 0xd6, 0xfc, 0xd6, 0xfc,
    0xd6, 0xfc, 0xc6, 0x7a, 0xc6, 0x7a, 0xc6, 0x5a, 0xc6, 0x7a, 0xce, 0x9b, 0xd6, 0xfc, 0xd6, 0xfc,
    0xd6, 0xfc, 0xd6, 0xfc, 0xd6, 0xfc, 0xd6, 0xfc, 0xd6, 0xfc, 0xd6, 0xfc, 0xce, 0xbb, 0xbe, 0x1a,
    0xc6, 0x5a, 0xd6, 0xfc, 0xd6, 0xfc, 0xd6, 0xfc, 0xd6, 0xfc, 0xd6, 0xfc, 0xd6, 0xfc, 0xd6, 0xfc,
    0xd6, 0xfc, 0xc6, 0x5a, 0xc6, 0x7a, 0xce, 0x9b, 0xce, 0xbb, 0xc6, 0x9b, 0xd6, 0xfc, 0xd6, 0xfc,
    0xd6, 0xfc, 0xd6, 0xfc, 0xd6, 0xfc, 0xd6, 0xfc, 0xd6, 0xfc, 0xd6, 0xfc, 0xd6, 0xfc, 0xd6, 0xfc,
    0xd6, 0xfc, 0xd6, 0xfc, 0xc6, 0x9b, 0xce, 0xbb, 0xce, 0x9b, 0xc6, 0x7a, 0xc6, 0x7a, 0xd6, 0xfc,
    0xd6, 0xfc, 0xd6, 0xfc, 0xd6, 0xfc, 0xd6, 0xfc, 0xd6, 0xfc, 0xd6, 0xfc, 0xd6, 0xfc, 0xc6, 0x5a,
    0xce, 0xdb, 0xd6, 0xfc, 0xd6, 0xfc, 0xd6, 0xfc, 0xd6, 0xfc, 0xd6, 0xfc, 0xd6, 0xfc, 0xd6, 0xfc,
    0xc6, 0x7b, 0xce, 0xbb, 0xd6, 0xfc, 0xd6, 0xfc, 0xd6, 0xfc, 0xd6, 0xfc, 0xd6, 0xfc, 0xd6, 0xfc,
    0xd6, 0xfc, 0xd6, 0xfc, 0xd6, 0xfc, 0xd6, 0xfc, 0xd6, 0xfc, 0xd6, 0xfc, 0xd6, 0xfc, 0xd6, 0xfc,
    0xd6, 0xfc, 0xd6, 0xfc, 0xd6, 0xfc, 0xd6, 0xfc, 0xd6, 0xfc, 0xd6, 0xfc, 0xce, 0xbb, 0xc6, 0x9b,
    0xd6, 0xfc, 0xd6, 0xfc, 0xd6, 0xfc, 0xd6, 0xfc, 0xd6, 0xfc, 0xd6, 0xfc, 0xd6, 0xfc, 0xce, 0xdb,
    0xd6, 0xfc, 0xd6, 0xfc, 0xd6, 0xfc, 0xd6, 0xfc, 0xd6, 0xfc, 0xd6, 0xfc, 0xd6, 0xfc, 0xd6, 0xfc,
    0xce, 0xbb, 0xd6, 0xfc, 0xd6, 0xfc, 0xd6, 0xfc, 0xd6, 0xfc, 0xd6, 0xfc, 0xd6, 0xfc, 0xd6, 0xfc,
    0xd6, 0xfc, 0xd6, 0xfc, 0xd6, 0xfc, 0xd6, 0xfc, 0xd6, 0xfc, 0xd6, 0xfc, 0xd6, 0xfc, 0xd6, 0xfc,
    0xd6, 0xfc, 0xd6, 0xfc, 0xd6, 0xfc, 0xd6, 0xfc, 0xd6, 0xfc, 0xd6, 0xfc, 0xd6, 0xfc, 0xce, 0xbb,
    0xd6, 0xfc, 0xd6, 0xfc, 0xd6, 0xfc, 0xd6, 0xfc, 0xd6, 0xfc, 0xd6, 0xfc, 0xd6, 0xfc, 0xd6, 0xfc,
    0xd6, 0xfc, 0xd6, 0xfc, 0xd6, 0xfc, 0xd6, 0xfc, 0xd6, 0xfc, 0xd6, 0xfc, 0xd6, 0xfc, 0xd6, 0xfc,
    0xd6, 0xfc, 0xd6, 0xfc, 0xd6, 0xfc, 0xd6, 0xfc, 0xd6, 0xfc, 0xd6, 0xfc, 0xd6, 0xfc, 0xd6, 0xfc,
    0xd6, 0xfc, 0xd6, 0xfc, 0xd6, 0xfc, 0xd6, 0xfc, 0xd6, 0xfc, 0xd6, 0xfc, 0xd6, 0xfc, 0xd6, 0xfc,
    0xd6, 0xfc, 0xd6, 0xfc, 0xd6, 0xfc, 0xd6, 0xfc, 0xd6, 0xfc, 0xd6, 0xfc, 0xd6, 0xfc, 0xd6, 0xfc,
    0xd6, 0xfc, 0xd6, 0xfc, 0xd6, 0xfc, 0xd6, 0xfc, 0xd6, 0xfc, 0xd6, 0xfc, 0xd6, 0xfc, 0xd6, 0xfc,
    0xd6, 0xfc, 0xd6, 0xfc, 0xd6, 0xfc, 0xd6, 0xfc, 0xd6, 0xfc, 0xd6, 0xfc, 0xd6, 0xfc, 0xd6, 0xfc,
    0xd6, 0xfc, 0xd6, 0xfc, 0xd6, 0xfc, 0xd6, 0xfc, 0xd6, 0xfc, 0xd6, 0xfc, 0xd6, 0xfc, 0xd6, 0xfc,
    0xd6, 0xfc, 0xd6, 0xfc, 0xd6, 0xfc, 0xd6, 0xfc, 0xd6, 0xfc, 0xd6, 0xfc, 0xd6, 0xfc, 0xd6, 0xfc,
    0xd6, 0xfc, 0xd6, 0xfc, 0xd6, 0xfc, 0xd6, 0xfc, 0xd6, 0xfc, 0xd6, 0xfc, 0xd6, 0xfc, 0xd6, 0xfc,
    0xd6, 0xfc, 0xd6, 0xfc, 0xd6, 0xfc, 0xd6, 0xfc, 0xd6, 0xfc, 0xd6, 0xfc, 0xd6, 0xfc, 0xd6, 0xfc,
    0xd7, 0x1c, 0xd6, 0xfc, 0xd6, 0xfc, 0xd6, 0xfc, 0xd6, 0xfc, 0xd6, 0xfc, 0xd6, 0xfc, 0xd6, 0xfc,
    0xd6, 0xfc, 0xd6, 0xfc, 0xd6, 0xfc, 0xd6, 0xfc, 0xd6, 0xfc, 0xd6, 0xfc, 0xd6, 0xfc, 0xd6, 0xfc,
    0xd6, 0xfc, 0xd6, 0xfc, 0xd6, 0xfc, 0xd6, 0xfc, 0xd6, 0xfc, 0xd6, 0xfc, 0xd6, 0xfc, 0xd6, 0xfc,
    0xd6, 0xfc, 0xd6, 0xfc, 0xd6, 0xfc, 0xd6, 0xfc, 0xd6, 0xfc, 0xd6, 0xfc, 0xd6, 0xfc, 0xd6, 0xfc,
    0xd6, 0xfc, 0xd6, 0xfc, 0xd6, 0xfc, 0xd6, 0xfc, 0xd6, 0xfc, 0xd6, 0xfc, 0xd6, 0xfc, 0xd7, 0x1c,
    0x00, 0x00, 0xd6, 0xfc, 0xd6, 0xfc, 0xd6, 0xfc, 0xd6, 0xfc, 0xd6, 0xfc, 0xd6, 0xfc, 0xd6, 0xfc,
    0xd6, 0xfc, 0xd6, 0xfc, 0xd6, 0xfc, 0xd6, 0xfc, 0xd6, 0xfc, 0xd6, 0xfc, 0xd6, 0xfc, 0xd6, 0xfc,
    0xd6, 0xfc, 0xd6, 0xfc, 0xd6, 0xfc, 0xd6, 0xfc, 0xd6, 0xfc, 0xd6, 0xfc, 0xd6, 0xfc, 0xd6, 0xfc,
    0xd6, 0xfc, 0xd6, 0xfc, 0xd6, 0xfc, 0xd6, 0xfc, 0xd6, 0xfc, 0xd6, 0xfc, 0xd6, 0xfc, 0xd6, 0xfc,
    0xd6, 0xfc, 0xd6, 0xfc, 0xd6, 0xfc, 0xd6, 0xfc, 0xd6, 0xfc, 0xd6, 0xfc, 0xd6, 0xfc, 0x00, 0x00,
    0x00, 0x00, 0xd7, 0x3c, 0xd6, 0xfc, 0xd6, 0xfc, 0xd6, 0xfc, 0xd6, 0xfc, 0xd6, 0xfc, 0xd6, 0xfc,
    0xd6, 0xfc, 0xd6, 0xfc, 0xd6, 0xfc, 0xd6, 0xfc, 0xd6, 0xfc, 0xd6, 0xfc, 0xd6, 0xfc, 0xd6, 0xfc,
    0xd6, 0xfc, 0xd6, 0xfc, 0xd6, 0xfc, 0xd6, 0xfc, 0xd6, 0xfc, 0xd6, 0xfc, 0xd6, 0xfc, 0xd6, 0xfc,
    0xd6, 0xfc, 0xd6, 0xfc, 0xd6, 0xfc, 0xd6, 0xfc, 0xd6, 0xfc, 0xd6, 0xfc, 0xd6, 0xfc, 0xd6, 0xfc,
    0xd6, 0xfc, 0xd6, 0xfc, 0xd6, 0xfc, 0xd6, 0xfc, 0xd6, 0xfc, 0xd6, 0xfc, 0xd7, 0x3c, 0x00, 0x00,
    0x00, 0x00, 0x00, 0x00, 0xd7, 0x1c, 0xd6, 0xfc, 0xd6, 0xfc, 0xd6, 0xfc, 0xd6, 0xfc, 0xd6, 0xfc,
    0xd6, 0xfc, 0xd6, 0xfc, 0xd6, 0xfc, 0xd6, 0xfc, 0xd6, 0xfc, 0xd6, 0xfc, 0xd6, 0xfc, 0xd6, 0xfc,
    0xd6, 0xfc, 0xd6, 0xfc, 0xd6, 0xfc, 0xd6, 0xfc, 0xd6, 0xfc, 0xd6, 0xfc, 0xd6, 0xfc, 0xd6, 0xfc,
    0xd6, 0xfc, 0xd6, 0xfc, 0xd6, 0xfc, 0xd6, 0xfc, 0xd6, 0xfc, 0xd6, 0xfc, 0xd6, 0xfc, 0xd6, 0xfc,
    0xd6, 0xfc, 0xd6, 0xfc, 0xd6, 0xfc, 0xd6, 0xfc, 0xd6, 0xfc, 0xce, 0xfb, 0x00, 0x00, 0x00, 0x00,
    0x00, 0x00, 0x00, 0x00, 0x00, 0x00, 0xd6, 0xba, 0xd7, 0x1c, 0xd6, 0xfc, 0xd6, 0xfc, 0xd6, 0xfc,
    0xd6, 0xfc, 0xd6, 0xfc, 0xd6, 0xfc, 0xde, 0xdc, 0xd6, 0xfc, 0xd6, 0xfc, 0xd6, 0xfc, 0xd6, 0xfc,
    0xd6, 0xfc, 0xd6, 0xfc, 0xd6, 0xfc, 0xd6, 0xfc, 0xd6, 0xfc, 0xd6, 0xfc, 0xd6, 0xfc, 0xd6, 0xfc,
    0xd6, 0xfc, 0xd6, 0xfc, 0xd6, 0xfc, 0xd6, 0xfc, 0xde, 0xdc, 0xd6, 0xfc, 0xd6, 0xfc, 0xd6, 0xfc,
    0xd6, 0xfc, 0xd6, 0xfc, 0xd6, 0xfc, 0xd7, 0x1c, 0xd6, 0xba, 0x00, 0x00, 0x00, 0x00, 0x00, 0x00,
    0x00, 0x00, 0x00, 0x00, 0x00, 0x00, 0x00, 0x00, 0x00, 0x00, 0x00, 0x00, 0x00, 0x00, 0x00, 0x00,
    0x00, 0x00, 0x00, 0x00, 0x00, 0x00, 0x00, 0x00, 0xd6, 0xba, 0xd6, 0xfc, 0xd6, 0xfc, 0xd6, 0xfc,
    0xd6, 0xfc, 0xd6, 0xfc, 0xd6, 0xfc, 0xd6, 0xfc, 0xd6, 0xfc, 0xd6, 0xfc, 0xd6, 0xfc, 0xd6, 0xfc,
    0xd6, 0xfc, 0xd6, 0xfc, 0xd6, 0xfc, 0xd6, 0xba, 0x00, 0x00, 0x00, 0x00, 0x00, 0x00, 0x00, 0x00,
    0x00, 0x00, 0x00, 0x00, 0x00, 0x00, 0x00, 0x00, 0x00, 0x00, 0x00, 0x00, 0x00, 0x00, 0x00, 0x00,
    0x00, 0x00, 0x00, 0x00, 0x00, 0x00, 0x00, 0x00, 0x00, 0x00, 0x00, 0x00, 0x00, 0x00, 0x00, 0x00,
    0x00, 0x00, 0x00, 0x00, 0x00, 0x00, 0x00, 0x00, 0x00, 0x00, 0x00, 0x00, 0xd6, 0xfc, 0xd6, 0xfc,
    0xd6, 0xfc, 0xd6, 0xfc, 0xd6, 0xfc, 0xd6, 0xfc, 0xd6, 0xfc, 0xd6, 0xfc, 0xd6, 0xfc, 0xd6, 0xfc,
    0xd6, 0xfc, 0xd6, 0xfc, 0x00, 0x00, 0x00, 0x00, 0x00, 0x00, 0x00, 0x00, 0x00, 0x00, 0x00, 0x00,
    0x00, 0x00, 0x00, 0x00, 0x00, 0x00, 0x00, 0x00, 0x00, 0x00, 0x00, 0x00, 0x00, 0x00, 0x00, 0x00,
    0x00, 0x00, 0x00, 0x00, 0x00, 0x00, 0x00, 0x00, 0x00, 0x00, 0x00, 0x00, 0x00, 0x00, 0x00, 0x00,
    0x00, 0x00, 0x00, 0x00, 0x00, 0x00, 0x00, 0x00, 0x00, 0x00, 0x00, 0x00, 0x00, 0x00, 0x00, 0x00,
    0xd7, 0x1c, 0xd6, 0xfc, 0xd6, 0xfc, 0xd6, 0xfc, 0xd6, 0xfc, 0xd6, 0xfc, 0xd6, 0xfc, 0xd7, 0x1c,
    0x00, 0x00, 0x00, 0x00, 0x00, 0x00, 0x00, 0x00, 0x00, 0x00, 0x00, 0x00, 0x00, 0x00, 0x00, 0x00,
    0x00, 0x00, 0x00, 0x00, 0x00, 0x00, 0x00, 0x00, 0x00, 0x00, 0x00, 0x00, 0x00, 0x00, 0x00, 0x00,
    0x00, 0x00, 0x00, 0x00, 0x00, 0x00, 0x00, 0x00, 0x00, 0x00, 0x00, 0x00, 0x00, 0x00, 0x00, 0x00,
    0x00, 0x00, 0x00, 0x00, 0x00, 0x00, 0x00, 0x00, 0x00, 0x00, 0x00, 0x00, 0x00, 0x00, 0x00, 0x00,
    0x00, 0x00, 0x00, 0x00, 0x00, 0x00, 0x00, 0x00, 0x00, 0x00, 0x00, 0x00, 0x00, 0x00, 0x00, 0x00,
    0x00, 0x00, 0x00, 0x00, 0x00, 0x00, 0x00, 0x00, 0x00, 0x00, 0x00, 0x00, 0x00, 0x00, 0x00, 0x00,
    0x00, 0x00, 0x00, 0x00, 0x00, 0x00, 0x00, 0x00, 0x00, 0x00, 0x00, 0x00, 0x00, 0x00, 0x00, 0x00,
    0x00, 0x00, 0x00, 0x00, 0x00, 0x00, 0x00, 0x00, 0x00, 0x00, 0x00, 0x00, 0x00, 0x00, 0x00, 0x00,
    0x00, 0x00, 0x00, 0x00, 0x00, 0x00, 0x00, 0x00, 0x00, 0x00, 0x00, 0x00, 0x00, 0x00, 0x00, 0x00,
    0x00, 0x00, 0x00, 0x00, 0x00, 0x00, 0x00, 0x00, 0x00, 0x00, 0x00, 0x00, 0x00, 0x00, 0x00, 0x00,
    0x00, 0x00, 0x00, 0x00, 0x00, 0x00, 0x00, 0x00, 0x00, 0x00, 0x00, 0x00, 0x00, 0x00, 0x00, 0x00,
    0x00, 0x00, 0x00, 0x00, 0x00, 0x00, 0x00, 0x00, 0x00, 0x00, 0x00, 0x00, 0x00, 0x00, 0x00, 0x00,
    0x00, 0x00, 0x00, 0x00, 0x00, 0x00, 0x00, 0x00, 0x00, 0x00, 0x00, 0x00, 0x00, 0x00, 0x00, 0x00,
    0x00, 0x00, 0x00, 0x00, 0x00, 0x00, 0x00, 0x00, 0x00, 0x00, 0x00, 0x00, 0x00, 0x00, 0x00, 0x00,
    0x00, 0x00, 0x00, 0x00, 0x00, 0x00, 0x00, 0x00, 0x00, 0x00, 0x00, 0x00, 0x00, 0x00, 0x00, 0x00,
    0x00, 0x00, 0x00, 0x00, 0x00, 0x00, 0x00, 0x00, 0x00, 0x00, 0x00, 0x00, 0x00, 0x00, 0x00, 0x00,
    0x00, 0x00, 0x00, 0x00, 0x00, 0x00, 0x00, 0x00, 0x00, 0x00, 0x00, 0x00, 0x00, 0x00, 0x00, 0x00,
    0x00, 0x00, 0x00, 0x00, 0x00, 0x00, 0x00, 0x00, 0x00, 0x00, 0x00, 0x00, 0x00, 0x00, 0x00, 0x00,
    0x00, 0x00, 0x00, 0x00, 0x00, 0x00, 0x00, 0x00, 0x00, 0x00, 0x00, 0x00, 0x00, 0x00, 0x00, 0x00,
    0x00, 0x00, 0x00, 0x00, 0x00, 0x00, 0x00, 0x00, 0x00, 0x00, 0x00, 0x00, 0x00, 0x00, 0x00, 0x00,
    0x00, 0x00, 0x00, 0x00, 0x00, 0x00, 0x00, 0x00, 0x00, 0x00, 0x00, 0x00, 0x00, 0x00, 0x00, 0x00,
    0x00, 0x00, 0x00, 0x00, 0x00, 0x00, 0x00, 0x00, 0x00, 0x00, 0x00, 0x00, 0x00, 0x00, 0x00, 0x00,
    0x00, 0x00, 0x00, 0x00, 0x00, 0x00, 0x00, 0x00, 0x00, 0x00, 0x00, 0x00, 0x00, 0x00, 0x00, 0x00,
    0x00, 0x00, 0x00, 0x00, 0x00, 0x00, 0x00, 0x00, 0x00, 0x00, 0x00, 0x00, 0x00, 0x00, 0x00, 0x00,
    0x00, 0x00, 0x00, 0x00, 0x00, 0x00, 0x00, 0x00, 0x00, 0x00, 0x00, 0x00, 0x00, 0x00, 0x00, 0x00,
    0x00, 0x00, 0x00, 0x00, 0x00, 0x00, 0x00, 0x00, 0x00, 0x00, 0x00, 0x00, 0x00, 0x00, 0x00, 0x00,
    0x00, 0x00, 0x00, 0x00, 0x00, 0x00, 0x00, 0x00, 0x00, 0x00, 0x00, 0x00, 0x00, 0x00, 0x00, 0x00,
    0x00, 0x00, 0x00, 0x00, 0x00, 0x00, 0x00, 0x00, 0x00, 0x00, 0x00, 0x00, 0x00, 0x00, 0x00, 0x00,
    0x00, 0x00, 0x00, 0x00, 0x00, 0x00, 0x00, 0x00, 0x00, 0x00, 0x00, 0x00, 0x00, 0x00, 0x00, 0x00,
    0x00, 0x00, 0x00, 0x00, 0x00, 0x00, 0x00, 0x00, 0x00, 0x00, 0x00, 0x00, 0x00, 0x00, 0x00, 0x00,
    0x00, 0x00, 0x00, 0x00, 0x00, 0x00, 0x00, 0x00, 0x00, 0x00, 0x00, 0x00, 0x00, 0x00, 0x00, 0x00,
    0x00, 0x00, 0x00, 0x00, 0x00, 0x00, 0x00, 0x00, 0x00, 0x00, 0x00, 0x00, 0x00, 0x00, 0x00, 0x00,
    0x00, 0x00, 0x00, 0x00, 0x00, 0x00, 0x00, 0x00, 0x00, 0x00, 0x00, 0x00, 0x00, 0x00, 0x00, 0x00,
    0x00, 0x00, 0x00, 0x00, 0x00, 0x00, 0x00, 0x00, 0x00, 0x00, 0x00, 0x00, 0x00, 0x00, 0x00, 0x00,
    0x00, 0x00, 0x00, 0x00, 0x00, 0x00, 0x00, 0x00, 0x00, 0x00, 0x00, 0x00, 0x00, 0x00, 0x00, 0x00,
    0x00, 0x00, 0x00, 0x00, 0x00, 0x00, 0x00, 0x00, 0x00, 0x00, 0x00, 0x00, 0x00, 0x00, 0x00, 0x00,
    0x00, 0x00, 0x00, 0x00, 0x00, 0x00, 0x00, 0x00, 0x00, 0x00, 0x00, 0x00, 0x00, 0x00, 0x00, 0x00,
    0x00, 0x00, 0x00, 0x00, 0x00, 0x00, 0x00, 0x00, 0x00, 0x00, 0x00, 0x00, 0x00, 0x00, 0x00, 0x00,
    0x00, 0x00, 0x00, 0x00, 0x00, 0x00, 0x00, 0x00, 0x00, 0x00, 0x00, 0x00, 0x00, 0x00, 0x00, 0x00,
    0x00, 0x00, 0x00, 0x00, 0x00, 0x00, 0x00, 0x00, 0x00, 0x00, 0x00, 0x00, 0x00, 0x00, 0x00, 0x00,
    0x00, 0x00, 0x00, 0x00, 0x00, 0x00, 0x00, 0x00, 0x00, 0x00, 0x00, 0x00, 0x00, 0x00, 0x00, 0x00,
    0x00, 0x00, 0x00, 0x00, 0x00, 0x00, 0x00, 0x00, 0x00, 0x00, 0x00, 0x00, 0x00, 0x00, 0x00, 0x00,
    /* Alpha channel data (1600 bytes) */
    0x00, 0x00, 0x00, 0x00, 0x00, 0x00, 0x00, 0x00, 0x00, 0x00, 0x00, 0x00, 0x20, 0x55, 0x00, 0x00,
    0x00, 0x00, 0x00, 0x00, 0x00, 0x00, 0x00, 0x00, 0x00, 0x00, 0x00, 0x00, 0x00, 0x00, 0x00, 0x00,
    0x00, 0x00, 0x00, 0x00, 0x00, 0x00, 0x00, 0x00, 0x00, 0x00, 0x00, 0x00, 0x00, 0x83, 0x74, 0x00,
    0x00, 0x00, 0x00, 0x00, 0xb1, 0xf0, 0x00, 0x00, 0x00, 0x00, 0x00, 0x00, 0x00, 0x00, 0x00, 0x00,
    0x00, 0x00, 0x00, 0x00, 0x00, 0x00, 0x00, 0x00, 0x00, 0x00, 0x00, 0x00, 0x00, 0x00, 0x00, 0x00,
    0x00, 0x00, 0x00, 0x00, 0x00, 0xb6, 0xf3, 0x22, 0x00, 0x00, 0x00, 0x10, 0xea, 0xb3, 0x00, 0x00,
    0x00, 0x00, 0x00, 0x00, 0x00, 0x00, 0x00, 0x00, 0x00, 0x00, 0x00, 0x00, 0x00, 0x00, 0x00, 0x00,
    0x00, 0x00, 0x00, 0x00, 0x00, 0x00, 0x00, 0x00, 0x00, 0x00, 0x00, 0x00, 0x00, 0x34, 0xf9, 0x5e,
    0x08, 0x2e, 0x3c, 0x30, 0x95, 0x45, 0x00, 0x00, 0x00, 0x00, 0x00, 0x00, 0x00, 0x00, 0x00, 0x00,
    0x00, 0x00, 0x00, 0x00, 0x00, 0x00, 0x00, 0x00, 0x00, 0x00, 0x00, 0x00, 0x00, 0x00, 0x00, 0x00,
    0x00, 0x00, 0x00, 0x00, 0x00, 0x00, 0x3a, 0x89, 0xed, 0xff, 0xff, 0xff, 0xdd, 0x63, 0x02, 0x00,
    0x00, 0x00, 0x00, 0x00, 0x00, 0x00, 0x00, 0x00, 0x00, 0x00, 0x00, 0x00, 0x00, 0x00, 0x00, 0x00,
    0x00, 0x00, 0x00, 0x00, 0x00, 0x00, 0x00, 0x00, 0x00, 0x00, 0x00, 0x00, 0x00, 0x2b, 0xde, 0xff,
    0xff, 0xff, 0xff, 0xff, 0xff, 0xff, 0xca, 0x0e, 0x00, 0x28, 0xa6, 0x67, 0x00, 0x00, 0x00, 0x00,
    0x00, 0x00, 0x00, 0x00, 0x00, 0x00, 0x00, 0x00, 0x00, 0x00, 0x00, 0x00, 0x00, 0x00, 0x00, 0x00,
    0x09, 0x20, 0x04, 0x00, 0x12, 0xdf, 0xff, 0xff, 0xff, 0xff, 0xff, 0xff, 0xff, 0xff, 0xff, 0xb6,
    0x43, 0xf7, 0xf5, 0x7a, 0x00, 0x00, 0x00, 0x00, 0x00, 0x00, 0x00, 0x00, 0x00, 0x00, 0x00, 0x00,
    0x00, 0x00, 0x00, 0x00, 0x00, 0x00, 0x00, 0x00, 0x80, 0xf9, 0xd3, 0x49, 0x8b, 0xff, 0xff, 0xff,
    0xff, 0xff, 0xff, 0xff, 0xff, 0xff, 0xff, 0xff, 0x80, 0x84, 0x2a, 0x00, 0x00, 0x00, 0x00, 0x00,
    0x00, 0x00, 0x00, 0x00, 0x00, 0x00, 0x00, 0x00, 0x00, 0x00, 0x00, 0x00, 0x00, 0x00, 0x00, 0x00,
    0x24, 0x8f, 0xd4, 0x74, 0xf4, 0xff, 0xff, 0xff, 0xff, 0xff, 0xff, 0xff, 0xff, 0xff, 0xff, 0xff,
    0xce, 0x77, 0xa0, 0xb5, 0xb5, 0xa0, 0x74, 0x33, 0x00, 0x00, 0x00, 0x00, 0x00, 0x00, 0x00, 0x00,
    0x00, 0x00, 0x00, 0x00, 0x00, 0x00, 0x00, 0x00, 0x00, 0x00, 0x00, 0x3d, 0xff, 0xff, 0xff, 0xff,
    0xff, 0xff, 0xff, 0xff, 0xff, 0xff, 0xff, 0xff, 0xff, 0xff, 0xff, 0xff, 0xff, 0xff, 0xff, 0xff,
    0xc7, 0x3b, 0x00, 0x00, 0x00, 0x00, 0x00, 0x00, 0x00, 0x00, 0x00, 0x00, 0x00, 0x00, 0x00, 0x00,
    0x00, 0x00, 0x00, 0x4d, 0xff, 0xff, 0xff, 0xff, 0xff, 0xff, 0xff, 0xff, 0xff, 0xff, 0xff, 0xff,
    0xff, 0xff, 0xff, 0xff, 0xff, 0xff, 0xff, 0xff, 0xff, 0xff, 0xa1, 0x07, 0x00, 0x00, 0x00, 0x00,
    0x00, 0x00, 0x00, 0x00, 0x00, 0x00, 0x00, 0x00, 0x00, 0x00, 0x00, 0x3b, 0xff, 0xff, 0xff, 0xff,
    0xff, 0xff, 0xff, 0xff, 0xff, 0xff, 0xff, 0xff, 0xff, 0xff, 0xff, 0xff, 0xff, 0xff, 0xff, 0xff,
    0xff, 0xff, 0xff, 0xb4, 0x12, 0x00, 0x00, 0x00, 0x00, 0x00, 0x00, 0x00, 0x00, 0x00, 0x00, 0x00,
    0x00, 0x00, 0x00, 0x0b, 0xf4, 0xff, 0xff, 0xff, 0xff, 0xff, 0xff, 0xff, 0xff, 0xff, 0xff, 0xff,
    0xff, 0xff, 0xff, 0xff, 0xff, 0xff, 0xff, 0xff, 0xff, 0xff, 0xff, 0xff, 0xac, 0x01, 0x00, 0x00,
    0x00, 0x00, 0x00, 0x00, 0x00, 0x00, 0x00, 0x00, 0x00, 0x03, 0x50, 0x85, 0x87, 0xff, 0xff, 0xff,
    0xff, 0xff, 0xff, 0xff, 0xff, 0xff, 0xff, 0xff, 0xff, 0xff, 0xff, 0xff, 0xff, 0xff, 0xff, 0xff,
    0xff, 0xff, 0xff, 0xff, 0xfe, 0x6c, 0x00, 0x1d, 0x31, 0x21, 0x02, 0x00, 0x00, 0x00, 0x00, 0x00,
    0x00, 0x9e, 0xff, 0xfc, 0x8e, 0xff, 0xff, 0xff, 0xff, 0xff, 0xff, 0xff, 0xff, 0xff, 0xff, 0xff,
    0xff, 0xff, 0xff, 0xff, 0xff, 0xff, 0xff, 0xff, 0xff, 0xff, 0xff, 0xff, 0xff, 0xee, 0xdb, 0xff,
    0xff, 0xff, 0xe7, 0x73, 0x0e, 0x00, 0x00, 0x00, 0x00, 0x7c, 0xb4, 0xf5, 0xff, 0xff, 0xff, 0xff,
    0xff, 0xff, 0xff, 0xff, 0xff, 0xff, 0xff, 0xff, 0xff, 0xff, 0xff, 0xff, 0xff, 0xff, 0xff, 0xff,
    0xff, 0xff, 0xff, 0xff, 0xff, 0xff, 0xff, 0xff, 0xff, 0xff, 0xff, 0xff, 0xdf, 0x28, 0x00, 0x00,
    0x00, 0x24, 0xe7, 0xff, 0xff, 0xff, 0xff, 0xff, 0xff, 0xff, 0xff, 0xff, 0xff, 0xff, 0xff, 0xff,
    0xff, 0xff, 0xff, 0xff, 0xff, 0xff, 0xff, 0xff, 0xff, 0xff, 0xff, 0xff, 0xff, 0xff, 0xff, 0xff,
    0xff, 0xff, 0xff, 0xff, 0xff, 0xe3, 0x24, 0x00, 0x00, 0xab, 0xff, 0xff, 0xff, 0xff, 0xff, 0xff,
    0xff, 0xff, 0xff, 0xff, 0xff, 0xff, 0xff, 0xff, 0xff, 0xff, 0xff, 0xff, 0xff, 0xff, 0xff, 0xff,
    0xff, 0xff, 0xff, 0xff, 0xff, 0xff, 0xff, 0xff, 0xff, 0xff, 0xff, 0xff, 0xff, 0xff, 0xab, 0x00,
    0x22, 0xfa, 0xff, 0xff, 0xff, 0xff, 0xff, 0xff, 0xff, 0xff, 0xff, 0xff, 0xff, 0xff, 0xff, 0xff,
    0xff, 0xff, 0xff, 0xff, 0xff, 0xff, 0xff, 0xff, 0xff, 0xff, 0xff, 0xff, 0xff, 0xff, 0xff, 0xff,
    0xff, 0xff, 0xff, 0xff, 0xff, 0xff, 0xfa, 0x22, 0x74, 0xff, 0xff, 0xff, 0xff, 0xff, 0xff, 0xff,
    0xff, 0xff, 0xff, 0xff, 0xff, 0xff, 0xff, 0xff, 0xff, 0xff, 0xff, 0xff, 0xff, 0xff, 0xff, 0xff,
    0xff, 0xff, 0xff, 0xff, 0xff, 0xff, 0xff, 0xff, 0xff, 0xff, 0xff, 0xff, 0xff, 0xff, 0xff, 0x74,
    0x90, 0xff, 0xff, 0xff, 0xff, 0xff, 0xff, 0xff, 0xff, 0xff, 0xff, 0xff, 0xff, 0xff, 0xff, 0xff,
    0xff, 0xff, 0xff, 0xff, 0xff, 0xff, 0xff, 0xff, 0xff, 0xff, 0xff, 0xff, 0xff, 0xff, 0xff, 0xff,
    0xff, 0xff, 0xff, 0xff, 0xff, 0xff, 0xff, 0x90, 0x92, 0xff, 0xff, 0xff, 0xff, 0xff, 0xff, 0xff,
    0xff, 0xff, 0xff, 0xff, 0xff, 0xff, 0xff, 0xff, 0xff, 0xff, 0xff, 0xff, 0xff, 0xff, 0xff, 0xff,
    0xff, 0xff, 0xff, 0xff, 0xff, 0xff, 0xff, 0xff, 0xff, 0xff, 0xff, 0xff, 0xff, 0xff, 0xff, 0x92,
    0x8d, 0xff, 0xff, 0xff, 0xff, 0xff, 0xff, 0xff, 0xff, 0xff, 0xff, 0xff, 0xff, 0xff, 0xff, 0xff,
    0xff, 0xff, 0xff, 0xff, 0xff, 0xff, 0xff, 0xff, 0xff, 0xff, 0xff, 0xff, 0xff, 0xff, 0xff, 0xff,
    0xff, 0xff, 0xff, 0xff, 0xff, 0xff, 0xff, 0x8d, 0x66, 0xff, 0xff, 0xff, 0xff, 0xff, 0xff, 0xff,
    0xff, 0xff, 0xff, 0xff, 0xff, 0xff, 0xff, 0xff, 0xff, 0xff, 0xff, 0xff, 0xff, 0xff, 0xff, 0xff,
    0xff, 0xff, 0xff, 0xff, 0xff, 0xff, 0xff, 0xff, 0xff, 0xff, 0xff, 0xff, 0xff, 0xff, 0xff, 0x66,
    0x11, 0xf4, 0xff, 0xff, 0xff, 0xff, 0xff, 0xff, 0xff, 0xff, 0xff, 0xff, 0xff, 0xff, 0xff, 0xff,
    0xff, 0xff, 0xff, 0xff, 0xff, 0xff, 0xff, 0xff, 0xff, 0xff, 0xff, 0xff, 0xff, 0xff, 0xff, 0xff,
    0xff, 0xff, 0xff, 0xff, 0xff, 0xff, 0xf4, 0x11, 0x00, 0x8a, 0xff, 0xff, 0xff, 0xff, 0xff, 0xff,
    0xff, 0xff, 0xff, 0xff, 0xff, 0xff, 0xff, 0xff, 0xff, 0xff, 0xff, 0xff, 0xff, 0xff, 0xff, 0xff,
    0xff, 0xff, 0xff, 0xff, 0xff, 0xff, 0xff, 0xff, 0xff, 0xff, 0xff, 0xff, 0xff, 0xff, 0x8a, 0x00,
    0x00, 0x13, 0xcd, 0xff, 0xff, 0xff, 0xff, 0xff, 0xff, 0xff, 0xff, 0xff, 0xff, 0xff, 0xff, 0xff,
    0xff, 0xff, 0xff, 0xff, 0xff, 0xff, 0xff, 0xff, 0xff, 0xff, 0xff, 0xff, 0xff, 0xff, 0xff, 0xff,
    0xff, 0xff, 0xff, 0xff, 0xff, 0xc6, 0x13, 0x00, 0x00, 0x00, 0x12, 0xaf, 0xff, 0xff, 0xff, 0xff,
    0xff, 0xff, 0xfd, 0xe1, 0xff, 0xff, 0xff, 0xff, 0xff, 0xff, 0xff, 0xff, 0xff, 0xff, 0xff, 0xff,
    0xff, 0xff, 0xff, 0xff, 0xe0, 0xfd, 0xff, 0xff, 0xff, 0xff, 0xff, 0xff, 0xaf, 0x0f, 0x00, 0x00,
    0x00, 0x00, 0x00, 0x06, 0x49, 0xa2, 0xd2, 0xe2, 0xce, 0x9a, 0x3c, 0x14, 0xba, 0xff, 0xff, 0xff,
    0xff, 0xff, 0xff, 0xff, 0xff, 0xff, 0xff, 0xff, 0xff, 0xff, 0xff, 0xb0, 0x14, 0x3c, 0x99, 0xce,
    0xe2, 0xd2, 0xa2, 0x49, 0x06, 0x00, 0x00, 0x00, 0x00, 0x00, 0x00, 0x00, 0x00, 0x00, 0x00, 0x00,
    0x00, 0x00, 0x00, 0x00, 0x06, 0x9c, 0xff, 0xff, 0xff, 0xff, 0xff, 0xff, 0xff, 0xff, 0xff, 0xff,
    0xff, 0xff, 0x9c, 0x06, 0x00, 0x00, 0x00, 0x00, 0x00, 0x00, 0x00, 0x00, 0x00, 0x00, 0x00, 0x00,
    0x00, 0x00, 0x00, 0x00, 0x00, 0x00, 0x00, 0x00, 0x00, 0x00, 0x00, 0x00, 0x00, 0x00, 0x38, 0xc4,
    0xff, 0xff, 0xff, 0xff, 0xff, 0xff, 0xff, 0xff, 0xc4, 0x38, 0x00, 0x00, 0x00, 0x00, 0x00, 0x00,
    0x00, 0x00, 0x00, 0x00, 0x00, 0x00, 0x00, 0x00, 0x00, 0x00, 0x00, 0x00, 0x00, 0x00, 0x00, 0x00,
    0x00, 0x00, 0x00, 0x00, 0x00, 0x00, 0x00, 0x00, 0x32, 0x76, 0xa0, 0xb5, 0xb5, 0xa0, 0x74, 0x32,
    0x00, 0x00, 0x00, 0x00, 0x00, 0x00, 0x00, 0x00, 0x00, 0x00, 0x00, 0x00, 0x00, 0x00, 0x00, 0x00,
    0x00, 0x00, 0x00, 0x00, 0x00, 0x00, 0x00, 0x00, 0x00, 0x00, 0x00, 0x00, 0x00, 0x00, 0x00, 0x00,
    0x00, 0x00, 0x00, 0x00, 0x00, 0x00, 0x00, 0x00, 0x00, 0x00, 0x00, 0x00, 0x00, 0x00, 0x00, 0x00,
    0x00, 0x00, 0x00, 0x00, 0x00, 0x00, 0x00, 0x00, 0x00, 0x00, 0x00, 0x00, 0x00, 0x00, 0x00, 0x00,
    0x00, 0x00, 0x00, 0x00, 0x00, 0x00, 0x00, 0x00, 0x00, 0x00, 0x00, 0x00, 0x00, 0x00, 0x00, 0x00,
    0x00, 0x00, 0x00, 0x00, 0x00, 0x00, 0x00, 0x00, 0x00, 0x00, 0x00, 0x00, 0x00, 0x00, 0x00, 0x00,
    0x00, 0x00, 0x00, 0x00, 0x00, 0x00, 0x00, 0x00, 0x00, 0x00, 0x00, 0x00, 0x00, 0x00, 0x00, 0x00,
    0x00, 0x00, 0x00, 0x00, 0x00, 0x00, 0x00, 0x00, 0x00, 0x00, 0x00, 0x00, 0x00, 0x00, 0x00, 0x00,
    0x00, 0x00, 0x00, 0x00, 0x00, 0x00, 0x00, 0x00, 0x00, 0x00, 0x00, 0x00, 0x00, 0x00, 0x00, 0x00,
    0x00, 0x00, 0x00, 0x00, 0x00, 0x00, 0x00, 0x00, 0x00, 0x00, 0x00, 0x00, 0x00, 0x00, 0x00, 0x00,
    0x00, 0x00, 0x00, 0x00, 0x00, 0x00, 0x00, 0x00, 0x00, 0x00, 0x00, 0x00, 0x00, 0x00, 0x00, 0x00,
    0x00, 0x00, 0x00, 0x00, 0x00, 0x00, 0x00, 0x00, 0x00, 0x00, 0x00, 0x00, 0x00, 0x00, 0x00, 0x00,
    0x00, 0x00, 0x00, 0x00, 0x00, 0x00, 0x00, 0x00, 0x00, 0x00, 0x00, 0x00, 0x00, 0x00, 0x00, 0x00,
    0x00, 0x00, 0x00, 0x00, 0x00, 0x00, 0x00, 0x00, 0x00, 0x00, 0x00, 0x00, 0x00, 0x00, 0x00, 0x00,
    0x00, 0x00, 0x00, 0x00, 0x00, 0x00, 0x00, 0x00, 0x00, 0x00, 0x00, 0x00, 0x00, 0x00, 0x00, 0x00,
    0x00, 0x00, 0x00, 0x00, 0x00, 0x00, 0x00, 0x00, 0x00, 0x00, 0x00, 0x00, 0x00, 0x00, 0x00, 0x00,
    0x00, 0x00, 0x00, 0x00, 0x00, 0x00, 0x00, 0x00, 0x00, 0x00, 0x00, 0x00, 0x00, 0x00, 0x00, 0x00,
    0x00, 0x00, 0x00, 0x00, 0x00, 0x00, 0x00, 0x00, 0x00, 0x00, 0x00, 0x00, 0x00, 0x00, 0x00, 0x00,
    0x00, 0x00, 0x00, 0x00, 0x00, 0x00, 0x00, 0x00, 0x00, 0x00, 0x00, 0x00, 0x00, 0x00, 0x00, 0x00,
    0x00, 0x00, 0x00, 0x00, 0x00, 0x00, 0x00, 0x00, 0x00, 0x00, 0x00, 0x00, 0x00, 0x00, 0x00, 0x00,
    0x00, 0x00, 0x00, 0x00, 0x00, 0x00, 0x00, 0x00, 0x00, 0x00, 0x00, 0x00, 0x00, 0x00, 0x00, 0x00,
};
#endif


#elif LV_COLOR_DEPTH == 8

#error "8-bit color depth (LV_COLOR_DEPTH == 8) is not yet supported for image export. Use 16 or 32-bit."

#else
#error "Unsupported LV_COLOR_DEPTH. Please use 16 or 32."
#endif

const lv_img_dsc_t day_partial_cloud = {
#if LV_COLOR_DEPTH == 32
    .header.cf = LV_IMG_CF_TRUE_COLOR_ALPHA,
    .header.always_zero = 0,
    .header.reserved = 0,
    .header.w = 40,
    .header.h = 40,
    .data_size = 6400,
    .data = day_partial_cloud_argb8888_map,
#elif LV_COLOR_DEPTH == 16
    .header.cf = LV_IMG_CF_RGB565A8,
    .header.always_zero = 0,
    .header.reserved = 0,
    .header.w = 40,
    .header.h = 40,
    .data_size = 4800, /* RGB565 (3200) + Alpha (1600) */
#if LV_COLOR_16_SWAP == 0
    .data = day_partial_cloud_rgb565a8_map,
#else
    .data = day_partial_cloud_rgb565a8_swap_map,
#endif
#endif
};
