/**
 * @file day_clear.c
 * @brief LVGL image asset with multi-format support
 *
 * Generated by PicoPixel.io — https://picopixel.io
 *
 * Image: day_clear
 * Size: 40 x 40 pixels
 * Has transparency: Yes
 *
 * Color format is selected at compile time based on LV_COLOR_DEPTH:
 * - LV_COLOR_DEPTH == 32: ARGB8888 (best quality, full alpha)
 * - LV_COLOR_DEPTH == 16 with alpha: RGB565A8 (16-bit color + 8-bit alpha)
 * - LV_COLOR_DEPTH == 16 without alpha: RGB565
 */

#include "../screens.h"

#ifndef LV_ATTRIBUTE_MEM_ALIGN
#define LV_ATTRIBUTE_MEM_ALIGN
#endif

#ifndef LV_ATTRIBUTE_LARGE_CONST
#define LV_ATTRIBUTE_LARGE_CONST
#endif

#ifndef LV_ATTRIBUTE_IMG_DAY_CLEAR
#define LV_ATTRIBUTE_IMG_DAY_CLEAR
#endif

#ifndef LV_COLOR_16_SWAP
#define LV_COLOR_16_SWAP 0
#endif

/* ============================================================================
 * TRUE_COLOR_ALPHA (ARGB8888) - 32-bit displays with full alpha support
 * ============================================================================ */
#if LV_COLOR_DEPTH == 32

static const LV_ATTRIBUTE_MEM_ALIGN LV_ATTRIBUTE_LARGE_CONST LV_ATTRIBUTE_IMG_DAY_CLEAR uint8_t day_clear_argb8888_map[] = {
    0x00, 0x00, 0x00, 0x00, 0x00, 0x00, 0x00, 0x00, 0x00, 0x00, 0x00, 0x00, 0x00, 0x00, 0x00, 0x00,
    0x00, 0x00, 0x00, 0x00, 0x00, 0x00, 0x00, 0x00, 0x00, 0x00, 0x00, 0x00, 0x00, 0x00, 0x00, 0x00,
    0x00, 0x00, 0x00, 0x00, 0x00, 0x00, 0x00, 0x00, 0x00, 0x00, 0x00, 0x00, 0x00, 0x00, 0x00, 0x00,
    0x00, 0x00, 0x00, 0x00, 0x00, 0x00, 0x00, 0x00, 0x00, 0x00, 0x00, 0x00, 0x00, 0x00, 0x00, 0x00,
    0x00, 0x00, 0x00, 0x00, 0x00, 0x00, 0x00, 0x00, 0x00, 0x00, 0x00, 0x00, 0x00, 0x00, 0x00, 0x00,
    0x00, 0x00, 0x00, 0x00, 0x00, 0x00, 0x00, 0x00, 0x00, 0x00, 0x00, 0x00, 0x00, 0x00, 0x00, 0x00,
    0x00, 0xd2, 0xff, 0x22, 0x02, 0xd5, 0xfb, 0x8d, 0x00, 0xd8, 0xfb, 0x42, 0x00, 0x00, 0x00, 0x00,
    0x00, 0x00, 0x00, 0x00, 0x00, 0x00, 0x00, 0x00, 0x00, 0x00, 0x00, 0x00, 0x00, 0x00, 0x00, 0x00,
    0x00, 0x00, 0x00, 0x00, 0x00, 0x00, 0x00, 0x00, 0x00, 0x00, 0x00, 0x00, 0x00, 0x00, 0x00, 0x00,
    0x00, 0x00, 0x00, 0x00, 0x00, 0x00, 0x00, 0x00, 0x00, 0x00, 0x00, 0x00, 0x00, 0x00, 0x00, 0x00,
    0x00, 0x00, 0x00, 0x00, 0x00, 0x00, 0x00, 0x00, 0x00, 0x00, 0x00, 0x00, 0x00, 0x00, 0x00, 0x00,
    0x00, 0x00, 0x00, 0x00, 0x00, 0x00, 0x00, 0x00, 0x00, 0x00, 0x00, 0x00, 0x00, 0x00, 0x00, 0x00,
    0x00, 0x00, 0x00, 0x00, 0x00, 0x00, 0x00, 0x00, 0x00, 0xd1, 0xff, 0x1c, 0x00, 0xd9, 0xff, 0x35,
    0x00, 0xcc, 0xff, 0x05, 0x00, 0x00, 0x00, 0x00, 0x00, 0x00, 0x00, 0x00, 0x00, 0x00, 0x00, 0x00,
    0x00, 0x00, 0x00, 0x00, 0x00, 0x00, 0x00, 0x00, 0x00, 0x00, 0x00, 0x00, 0x00, 0x00, 0x00, 0x00,
    0x00, 0x00, 0x00, 0x00, 0x00, 0x00, 0x00, 0x00, 0x00, 0x00, 0x00, 0x00, 0x00, 0xcc, 0xff, 0x05,
    0x08, 0xcd, 0xf8, 0xd8, 0x06, 0xd0, 0xf9, 0xff, 0x05, 0xd2, 0xfa, 0xed, 0x00, 0xce, 0xff, 0x15,
    0x00, 0x00, 0x00, 0x00, 0x00, 0x00, 0x00, 0x00, 0x00, 0x00, 0x00, 0x00, 0x00, 0x00, 0x00, 0x00,
    0x00, 0x00, 0x00, 0x00, 0x00, 0x00, 0x00, 0x00, 0x00, 0x00, 0x00, 0x00, 0x00, 0x00, 0x00, 0x00,
    0x00, 0x00, 0x00, 0x00, 0x00, 0x00, 0x00, 0x00, 0x00, 0x00, 0x00, 0x00, 0x00, 0x00, 0x00, 0x00,
    0x00, 0x00, 0x00, 0x00, 0x00, 0x00, 0x00, 0x00, 0x00, 0x00, 0x00, 0x00, 0x00, 0x00, 0x00, 0x00,
    0x00, 0x00, 0x00, 0x00, 0x00, 0x00, 0x00, 0x00, 0x00, 0x00, 0x00, 0x00, 0x00, 0x00, 0x00, 0x00,
    0x00, 0x00, 0x00, 0x00, 0x09, 0xc6, 0xf6, 0x1b, 0x07, 0xcf, 0xf9, 0xef, 0x05, 0xd2, 0xfa, 0xfe,
    0x04, 0xd3, 0xfb, 0x91, 0x00, 0xff, 0xff, 0x01, 0x00, 0x00, 0x00, 0x00, 0x00, 0x00, 0x00, 0x00,
    0x00, 0x00, 0x00, 0x00, 0x00, 0x00, 0x00, 0x00, 0x00, 0x00, 0x00, 0x00, 0x00, 0x00, 0x00, 0x00,
    0x00, 0x00, 0x00, 0x00, 0x00, 0x00, 0x00, 0x00, 0x00, 0x00, 0x00, 0x00, 0x11, 0xc4, 0xf2, 0x3d,
    0x0e, 0xc5, 0xf5, 0xff, 0x0c, 0xc8, 0xf6, 0xff, 0x0a, 0xca, 0xf7, 0xf4, 0x0a, 0xce, 0xf5, 0x1a,
    0x00, 0x00, 0x00, 0x00, 0x00, 0x00, 0x00, 0x00, 0x00, 0x00, 0x00, 0x00, 0x00, 0x00, 0x00, 0x00,
    0x00, 0x00, 0x00, 0x00, 0x00, 0x00, 0x00, 0x00, 0x00, 0x00, 0x00, 0x00, 0x00, 0x00, 0x00, 0x00,
    0x00, 0x00, 0x00, 0x00, 0x00, 0x00, 0x00, 0x00, 0x00, 0x00, 0x00, 0x00, 0x00, 0x00, 0x00, 0x00,
    0x00, 0x00, 0x00, 0x00, 0x00, 0x00, 0x00, 0x00, 0x00, 0x00, 0x00, 0x00, 0x00, 0x00, 0x00, 0x00,
    0x00, 0x00, 0x00, 0x00, 0x00, 0x00, 0x00, 0x00, 0x00, 0x00, 0x00, 0x00, 0x00, 0x00, 0x00, 0x00,
    0x00, 0x00, 0x00, 0x00, 0x10, 0xc3, 0xf3, 0x40, 0x0d, 0xc6, 0xf5, 0xff, 0x0b, 0xc9, 0xf6, 0xff,
    0x09, 0xcb, 0xf7, 0xf7, 0x0b, 0xca, 0xfa, 0x30, 0x00, 0x00, 0x00, 0x00, 0x00, 0x00, 0x00, 0x00,
    0x00, 0x00, 0x00, 0x00, 0x00, 0x00, 0x00, 0x00, 0x00, 0x00, 0x00, 0x00, 0x00, 0x00, 0x00, 0x00,
    0x00, 0x00, 0x00, 0x00, 0x00, 0x00, 0x00, 0x00, 0x00, 0x00, 0x00, 0x00, 0x13, 0xbc, 0xf0, 0x85,
    0x13, 0xbd, 0xf1, 0xff, 0x11, 0xc0, 0xf2, 0xff, 0x0f, 0xc2, 0xf4, 0xc8, 0x00, 0xff, 0xff, 0x02,
    0x00, 0x00, 0x00, 0x00, 0x00, 0x00, 0x00, 0x00, 0x00, 0x00, 0x00, 0x00, 0x00, 0x00, 0x00, 0x00,
    0x00, 0x00, 0x00, 0x00, 0x00, 0x00, 0x00, 0x00, 0x00, 0x00, 0x00, 0x00, 0x00, 0x00, 0x00, 0x00,
    0x00, 0x00, 0x00, 0x00, 0x00, 0x00, 0x00, 0x00, 0x00, 0x00, 0x00, 0x00, 0x00, 0x00, 0x00, 0x00,
    0x00, 0x00, 0x00, 0x00, 0x00, 0x00, 0x00, 0x00, 0x00, 0x00, 0x00, 0x00, 0x00, 0x00, 0x00, 0x00,
    0x00, 0x00, 0x00, 0x00, 0x00, 0x00, 0x00, 0x00, 0x00, 0x00, 0x00, 0x00, 0x00, 0x00, 0x00, 0x00,
    0x00, 0x00, 0x00, 0x00, 0x24, 0xb6, 0xff, 0x07, 0x13, 0xbd, 0xf1, 0xe7, 0x11, 0xbf, 0xf2, 0xff,
    0x0f, 0xc2, 0xf4, 0xff, 0x0e, 0xc4, 0xf4, 0x9f, 0x00, 0x00, 0x00, 0x00, 0x00, 0x00, 0x00, 0x00,
    0x00, 0x00, 0x00, 0x00, 0x00, 0x00, 0x00, 0x00, 0x00, 0x00, 0x00, 0x00, 0x00, 0x00, 0x00, 0x00,
    0x00, 0x00, 0x00, 0x00, 0x00, 0x00, 0x00, 0x00, 0x00, 0xff, 0xff, 0x01, 0x1b, 0xb2, 0xed, 0xca,
    0x18, 0xb5, 0xee, 0xff, 0x16, 0xb8, 0xef, 0xff, 0x16, 0xb8, 0xef, 0x82, 0x00, 0x00, 0x00, 0x00,
    0x00, 0x00, 0x00, 0x00, 0x00, 0x00, 0x00, 0x00, 0x00, 0x00, 0x00, 0x00, 0x00, 0x00, 0x00, 0x00,
    0x00, 0x00, 0x00, 0x00, 0x00, 0x00, 0x00, 0x00, 0x00, 0x00, 0x00, 0x00, 0x00, 0x00, 0x00, 0x00,
    0x00, 0x00, 0x00, 0x00, 0x00, 0x00, 0x00, 0x00, 0x00, 0x00, 0x00, 0x00, 0x00, 0x00, 0x00, 0x00,
    0x00, 0x00, 0x00, 0x00, 0x00, 0x00, 0x00, 0x00, 0x00, 0x00, 0x00, 0x00, 0x00, 0x00, 0x00, 0x00,
    0x00, 0x00, 0x00, 0x00, 0x00, 0x00, 0x00, 0x00, 0x00, 0x00, 0x00, 0x00, 0x00, 0x00, 0x00, 0x00,
    0x00, 0x00, 0x00, 0x00, 0x00, 0x00, 0x00, 0x00, 0x18, 0xb4, 0xee, 0x69, 0x18, 0xb5, 0xee, 0xff,
    0x16, 0xb8, 0xef, 0xff, 0x14, 0xbb, 0xf1, 0xfb, 0x14, 0xb7, 0xf2, 0x27, 0x00, 0x00, 0x00, 0x00,
    0x00, 0x00, 0x00, 0x00, 0x00, 0x00, 0x00, 0x00, 0x00, 0x00, 0x00, 0x00, 0x00, 0x00, 0x00, 0x00,
    0x00, 0x00, 0x00, 0x00, 0x00, 0x00, 0x00, 0x00, 0x00, 0xff, 0xff, 0x01, 0x20, 0xaa, 0xea, 0xca,
    0x1d, 0xac, 0xea, 0xff, 0x1c, 0xaf, 0xeb, 0xff, 0x19, 0xb1, 0xeb, 0x34, 0x00, 0x00, 0x00, 0x00,
    0x00, 0x00, 0x00, 0x00, 0x00, 0x00, 0x00, 0x00, 0x00, 0x00, 0x00, 0x00, 0x00, 0x00, 0x00, 0x00,
    0x00, 0x00, 0x00, 0x00, 0x00, 0x00, 0x00, 0x00, 0x00, 0x00, 0x00, 0x00, 0x00, 0x00, 0x00, 0x00,
    0x00, 0x00, 0x00, 0x00, 0x00, 0x00, 0x00, 0x00, 0x00, 0x00, 0x00, 0x00, 0x00, 0x00, 0x00, 0x00,
    0x00, 0x00, 0x00, 0x00, 0x00, 0x00, 0x00, 0x00, 0x00, 0x00, 0x00, 0x00, 0x00, 0x00, 0x00, 0x00,
    0x00, 0x00, 0x00, 0x00, 0x00, 0x00, 0x00, 0x00, 0x00, 0x00, 0x00, 0x00, 0x00, 0x00, 0x00, 0x00,
    0x00, 0x00, 0x00, 0x00, 0x00, 0x00, 0x00, 0x00, 0x00, 0xaa, 0xff, 0x03, 0x1e, 0xac, 0xea, 0xcf,
    0x1c, 0xaf, 0xeb, 0xff, 0x1a, 0xb2, 0xed, 0xfd, 0x17, 0xb6, 0xed, 0x38, 0x00, 0x00, 0x00, 0x00,
    0x00, 0xff, 0xff, 0x01, 0x11, 0xbb, 0xee, 0x0f, 0x0f, 0xc1, 0xf0, 0x21, 0x0b, 0xbc, 0xee, 0x2e,
    0x0b, 0xbe, 0xef, 0x2f, 0x0f, 0xbd, 0xf0, 0x23, 0x11, 0xbb, 0xee, 0x0f, 0x24, 0xa3, 0xe5, 0x32,
    0x22, 0xa8, 0xe9, 0x95, 0x21, 0xa9, 0xe9, 0x5c, 0x00, 0x00, 0x00, 0x00, 0x00, 0x00, 0x00, 0x00,
    0x00, 0x00, 0x00, 0x00, 0x00, 0x00, 0x00, 0x00, 0x00, 0x00, 0x00, 0x00, 0x00, 0x00, 0x00, 0x00,
    0x00, 0x00, 0x00, 0x00, 0x00, 0x00, 0x00, 0x00, 0x00, 0x00, 0x00, 0x00, 0x00, 0x00, 0x00, 0x00,
    0x00, 0x00, 0x00, 0x00, 0x00, 0x00, 0x00, 0x00, 0x00, 0x00, 0x00, 0x00, 0x00, 0x00, 0x00, 0x00,
    0x00, 0x00, 0x00, 0x00, 0x00, 0x00, 0x00, 0x00, 0x00, 0x00, 0x00, 0x00, 0x00, 0x00, 0x00, 0x00,
    0x00, 0x00, 0x00, 0x00, 0x00, 0x00, 0x00, 0x00, 0x00, 0x00, 0x00, 0x00, 0x00, 0x00, 0x00, 0x00,
    0x00, 0x00, 0x00, 0x00, 0x00, 0x00, 0x00, 0x00, 0x00, 0x00, 0x00, 0x00, 0x1e, 0xa4, 0xe7, 0x2a,
    0x21, 0xa6, 0xe8, 0xa4, 0x1e, 0xaa, 0xe8, 0x66, 0x14, 0xb1, 0xeb, 0x0d, 0x0c, 0xc0, 0xf0, 0x69,
    0x0b, 0xc2, 0xf3, 0xbf, 0x0a, 0xc4, 0xf3, 0xe9, 0x09, 0xc6, 0xf4, 0xfa, 0x09, 0xc8, 0xf5, 0xff,
    0x09, 0xc8, 0xf5, 0xff, 0x08, 0xc8, 0xf5, 0xfa, 0x09, 0xc7, 0xf5, 0xea, 0x09, 0xc5, 0xf4, 0xc2,
    0x09, 0xc2, 0xf3, 0x6d, 0x12, 0xb6, 0xed, 0x0e, 0x00, 0x00, 0x00, 0x00, 0x00, 0x00, 0x00, 0x00,
    0x00, 0x00, 0x00, 0x00, 0x00, 0x00, 0x00, 0x00, 0x00, 0x00, 0x00, 0x00, 0x00, 0x00, 0x00, 0x00,
    0x00, 0x00, 0x00, 0x00, 0x00, 0x00, 0x00, 0x00, 0x00, 0x00, 0x00, 0x00, 0x00, 0x00, 0x00, 0x00,
    0x00, 0x00, 0x00, 0x00, 0x00, 0x00, 0x00, 0x00, 0x00, 0x00, 0x00, 0x00, 0x00, 0x00, 0x00, 0x00,
    0x00, 0x00, 0x00, 0x00, 0x00, 0x00, 0x00, 0x00, 0x00, 0x00, 0x00, 0x00, 0x00, 0x00, 0x00, 0x00,
    0x00, 0x00, 0x00, 0x00, 0x00, 0x00, 0x00, 0x00, 0x00, 0x00, 0x00, 0x00, 0x00, 0x00, 0x00, 0x00,
    0x00, 0x00, 0x00, 0x00, 0x00, 0x00, 0x00, 0x00, 0x00, 0x00, 0x00, 0x00, 0x00, 0x00, 0x00, 0x00,
    0x1c, 0xaa, 0xe3, 0x09, 0x0f, 0xbb, 0xf0, 0x78, 0x0c, 0xc3, 0xf3, 0xe2, 0x09, 0xca, 0xf6, 0xff,
    0x06, 0xce, 0xf8, 0xff, 0x05, 0xd1, 0xf9, 0xff, 0x04, 0xd3, 0xfa, 0xff, 0x03, 0xd4, 0xfb, 0xff,
    0x03, 0xd5, 0xfb, 0xff, 0x03, 0xd5, 0xfb, 0xff, 0x03, 0xd5, 0xfb, 0xff, 0x03, 0xd4, 0xfb, 0xff,
    0x04, 0xd2, 0xfa, 0xff, 0x06, 0xcc, 0xf8, 0xe3, 0x08, 0xca, 0xf6, 0x78, 0x00, 0xbf, 0xff, 0x08,
    0x00, 0x00, 0x00, 0x00, 0x00, 0x00, 0x00, 0x00, 0x00, 0x00, 0x00, 0x00, 0x00, 0x00, 0x00, 0x00,
    0x00, 0x00, 0x00, 0x00, 0x00, 0x00, 0x00, 0x00, 0x00, 0x00, 0x00, 0x00, 0x00, 0x00, 0x00, 0x00,
    0x00, 0x00, 0x00, 0x00, 0x00, 0x00, 0x00, 0x00, 0x00, 0x00, 0x00, 0x00, 0x00, 0x00, 0x00, 0x00,
    0x00, 0x00, 0x00, 0x00, 0x00, 0x00, 0x00, 0x00, 0x00, 0x00, 0x00, 0x00, 0x00, 0x00, 0x00, 0x00,
    0x00, 0x00, 0x00, 0x00, 0x00, 0x00, 0x00, 0x00, 0x00, 0x00, 0x00, 0x00, 0x00, 0x00, 0x00, 0x00,
    0x00, 0x00, 0x00, 0x00, 0x00, 0x00, 0x00, 0x00, 0x00, 0x00, 0x00, 0x00, 0x10, 0xb7, 0xef, 0x20,
    0x0e, 0xc2, 0xf1, 0xce, 0x09, 0xca, 0xf6, 0xff, 0x07, 0xcf, 0xf8, 0xff, 0x06, 0xcf, 0xf9, 0xff,
    0x06, 0xd0, 0xf9, 0xff, 0x06, 0xd1, 0xf9, 0xff, 0x05, 0xd1, 0xfa, 0xff, 0x05, 0xd2, 0xfa, 0xff,
    0x04, 0xd3, 0xfa, 0xff, 0x04, 0xd3, 0xfa, 0xff, 0x03, 0xd4, 0xfb, 0xff, 0x03, 0xd5, 0xfb, 0xff,
    0x02, 0xd5, 0xfb, 0xff, 0x02, 0xd6, 0xfc, 0xff, 0x02, 0xd6, 0xfc, 0xff, 0x04, 0xd2, 0xfa, 0xc5,
    0x00, 0xd7, 0xf7, 0x20, 0x00, 0x00, 0x00, 0x00, 0x00, 0x00, 0x00, 0x00, 0x00, 0x00, 0x00, 0x00,
    0x00, 0x00, 0x00, 0x00, 0x00, 0x00, 0x00, 0x00, 0x00, 0x00, 0x00, 0x00, 0x00, 0xdb, 0xff, 0x07,
    0x04, 0xd7, 0xfb, 0x40, 0x00, 0xdc, 0xff, 0x16, 0x00, 0x00, 0x00, 0x00, 0x00, 0x00, 0x00, 0x00,
    0x00, 0x00, 0x00, 0x00, 0x00, 0x00, 0x00, 0x00, 0x00, 0x00, 0x00, 0x00, 0x00, 0x00, 0x00, 0x00,
    0x00, 0x00, 0x00, 0x00, 0x00, 0x00, 0x00, 0x00, 0x00, 0x00, 0x00, 0x00, 0x00, 0x00, 0x00, 0x00,
    0x00, 0x00, 0x00, 0x00, 0x00, 0x00, 0x00, 0x00, 0x0b, 0xc9, 0xfa, 0x2f, 0x0a, 0xc9, 0xf5, 0xe4,
    0x09, 0xcb, 0xf7, 0xff, 0x09, 0xcc, 0xf7, 0xff, 0x08, 0xcc, 0xf7, 0xff, 0x08, 0xcd, 0xf7, 0xff,
    0x07, 0xce, 0xf8, 0xff, 0x07, 0xcf, 0xf8, 0xff, 0x07, 0xcf, 0xf8, 0xff, 0x06, 0xd0, 0xf9, 0xff,
    0x06, 0xd0, 0xf9, 0xff, 0x05, 0xd1, 0xf9, 0xff, 0x05, 0xd2, 0xfa, 0xff, 0x04, 0xd2, 0xfa, 0xff,
    0x04, 0xd3, 0xfa, 0xff, 0x04, 0xd4, 0xfa, 0xff, 0x03, 0xd4, 0xfb, 0xff, 0x03, 0xd5, 0xfb, 0xff,
    0x02, 0xd6, 0xfc, 0xe7, 0x00, 0xd7, 0xfa, 0x33, 0x00, 0x00, 0x00, 0x00, 0x00, 0x00, 0x00, 0x00,
    0x00, 0x00, 0x00, 0x00, 0x00, 0xaa, 0xff, 0x03, 0x0c, 0xc7, 0xf5, 0x69, 0x08, 0xcd, 0xf8, 0xe7,
    0x06, 0xd0, 0xf9, 0xff, 0x04, 0xd3, 0xfb, 0xee, 0x09, 0xd1, 0xf6, 0x1c, 0x00, 0x00, 0x00, 0x00,
    0x00, 0x00, 0x00, 0x00, 0x00, 0x00, 0x00, 0x00, 0x00, 0x00, 0x00, 0x00, 0x00, 0x00, 0x00, 0x00,
    0x00, 0x00, 0x00, 0x00, 0x00, 0x00, 0x00, 0x00, 0x00, 0x00, 0x00, 0x00, 0x00, 0x00, 0x00, 0x00,
    0x00, 0x00, 0x00, 0x00, 0x09, 0xc8, 0xf6, 0x1c, 0x0b, 0xc8, 0xf5, 0xe3, 0x0b, 0xc8, 0xf5, 0xff,
    0x0a, 0xc9, 0xf6, 0xff, 0x0a, 0xca, 0xf6, 0xff, 0x0a, 0xca, 0xf6, 0xff, 0x09, 0xcb, 0xf7, 0xff,
    0x09, 0xcc, 0xf7, 0xff, 0x08, 0xcc, 0xf7, 0xff, 0x08, 0xcd, 0xf7, 0xff, 0x07, 0xce, 0xf8, 0xff,
    0x07, 0xce, 0xf8, 0xff, 0x07, 0xcf, 0xf8, 0xff, 0x06, 0xd0, 0xf9, 0xff, 0x06, 0xd0, 0xf9, 0xff,
    0x05, 0xd1, 0xf9, 0xff, 0x05, 0xd2, 0xfa, 0xff, 0x04, 0xd2, 0xfa, 0xff, 0x04, 0xd3, 0xfa, 0xff,
    0x04, 0xd4, 0xfb, 0xff, 0x03, 0xd4, 0xfb, 0xe6, 0x00, 0xd7, 0xf7, 0x20, 0x00, 0x00, 0x00, 0x00,
    0x14, 0xba, 0xf0, 0x34, 0x12, 0xbc, 0xf1, 0xcf, 0x10, 0xc1, 0xf3, 0xff, 0x0e, 0xc4, 0xf4, 0xff,
    0x0d, 0xc6, 0xf5, 0xff, 0x0b, 0xca, 0xf7, 0xfe, 0x0a, 0xca, 0xf5, 0x35, 0x00, 0x00, 0x00, 0x00,
    0x00, 0x00, 0x00, 0x00, 0x00, 0xce, 0xff, 0x15, 0x00, 0xd8, 0xff, 0x1a, 0x00, 0xff, 0xff, 0x02,
    0x00, 0x00, 0x00, 0x00, 0x00, 0x00, 0x00, 0x00, 0x00, 0x00, 0x00, 0x00, 0x00, 0x00, 0x00, 0x00,
    0x00, 0xd4, 0xff, 0x06, 0x0d, 0xc5, 0xf3, 0xc6, 0x0d, 0xc6, 0xf4, 0xff, 0x0c, 0xc6, 0xf4, 0xff,
    0x0c, 0xc7, 0xf5, 0xff, 0x0b, 0xc7, 0xf5, 0xff, 0x0b, 0xc8, 0xf5, 0xff, 0x0b, 0xc9, 0xf5, 0xff,
    0x0a, 0xca, 0xf6, 0xff, 0x0a, 0xca, 0xf6, 0xff, 0x09, 0xcb, 0xf6, 0xff, 0x09, 0xcc, 0xf7, 0xff,
    0x08, 0xcc, 0xf7, 0xff, 0x08, 0xcd, 0xf7, 0xff, 0x08, 0xce, 0xf8, 0xff, 0x07, 0xce, 0xf8, 0xff,
    0x07, 0xcf, 0xf8, 0xff, 0x06, 0xcf, 0xf9, 0xff, 0x06, 0xd0, 0xf9, 0xff, 0x06, 0xd1, 0xf9, 0xff,
    0x05, 0xd1, 0xfa, 0xff, 0x05, 0xd2, 0xfa, 0xff, 0x04, 0xd2, 0xfa, 0xcd, 0x00, 0xdf, 0xff, 0x08,
    0x1b, 0xb1, 0xeb, 0xb6, 0x19, 0xb4, 0xed, 0xff, 0x17, 0xb7, 0xef, 0xff, 0x15, 0xba, 0xf0, 0xff,
    0x13, 0xbd, 0xf1, 0xf7, 0x0f, 0xc1, 0xf4, 0x87, 0x00, 0xcc, 0xff, 0x05, 0x00, 0x00, 0x00, 0x00,
    0x0f, 0xc1, 0xf3, 0x42, 0x0a, 0xca, 0xf7, 0xed, 0x07, 0xcf, 0xf9, 0xf4, 0x05, 0xd2, 0xfa, 0xc8,
    0x04, 0xd6, 0xfb, 0x82, 0x00, 0xd8, 0xfa, 0x34, 0x00, 0x00, 0x00, 0x00, 0x00, 0x00, 0x00, 0x00,
    0x0e, 0xc2, 0xf1, 0x6c, 0x0e, 0xc3, 0xf3, 0xff, 0x0e, 0xc4, 0xf3, 0xff, 0x0d, 0xc4, 0xf3, 0xff,
    0x0d, 0xc5, 0xf4, 0xff, 0x0d, 0xc6, 0xf4, 0xff, 0x0c, 0xc6, 0xf4, 0xff, 0x0c, 0xc7, 0xf5, 0xff,
    0x0b, 0xc7, 0xf5, 0xff, 0x0b, 0xc8, 0xf5, 0xff, 0x0a, 0xc9, 0xf5, 0xff, 0x0a, 0xc9, 0xf6, 0xff,
    0x0a, 0xca, 0xf6, 0xff, 0x09, 0xcb, 0xf6, 0xff, 0x09, 0xcb, 0xf7, 0xff, 0x08, 0xcc, 0xf7, 0xff,
    0x08, 0xcd, 0xf7, 0xff, 0x08, 0xcd, 0xf8, 0xff, 0x07, 0xce, 0xf8, 0xff, 0x07, 0xcf, 0xf8, 0xff,
    0x06, 0xcf, 0xf9, 0xff, 0x06, 0xd0, 0xf9, 0xff, 0x06, 0xd1, 0xf9, 0xff, 0x04, 0xd0, 0xf8, 0x73,
    0x20, 0xaa, 0xea, 0x78, 0x1f, 0xab, 0xe9, 0xfd, 0x1d, 0xae, 0xeb, 0xfb, 0x1a, 0xb2, 0xed, 0x9f,
    0x15, 0xb5, 0xef, 0x30, 0x00, 0xff, 0xff, 0x01, 0x00, 0x00, 0x00, 0x00, 0x00, 0x00, 0x00, 0x00,
    0x18, 0xb7, 0xef, 0x8d, 0x15, 0xba, 0xf0, 0xff, 0x11, 0xbf, 0xf2, 0xff, 0x0e, 0xc4, 0xf5, 0xff,
    0x0b, 0xc9, 0xf7, 0xff, 0x07, 0xcf, 0xf9, 0xff, 0x06, 0xd0, 0xf9, 0x5c, 0x20, 0xbf, 0xff, 0x08,
    0x10, 0xc0, 0xf1, 0xda, 0x10, 0xc1, 0xf2, 0xff, 0x0f, 0xc1, 0xf2, 0xff, 0x0f, 0xc2, 0xf2, 0xff,
    0x0e, 0xc3, 0xf3, 0xff, 0x0e, 0xc3, 0xf3, 0xff, 0x0d, 0xc4, 0xf3, 0xff, 0x0d, 0xc5, 0xf4, 0xff,
    0x0d, 0xc5, 0xf4, 0xff, 0x0c, 0xc6, 0xf4, 0xff, 0x0c, 0xc7, 0xf5, 0xff, 0x0b, 0xc7, 0xf5, 0xff,
    0x0b, 0xc8, 0xf5, 0xff, 0x0b, 0xc9, 0xf5, 0xff, 0x0a, 0xc9, 0xf6, 0xff, 0x0a, 0xca, 0xf6, 0xff,
    0x09, 0xcb, 0xf6, 0xff, 0x09, 0xcb, 0xf7, 0xff, 0x08, 0xcc, 0xf7, 0xff, 0x08, 0xcd, 0xf7, 0xff,
    0x08, 0xcd, 0xf8, 0xff, 0x07, 0xce, 0xf8, 0xff, 0x07, 0xcf, 0xf8, 0xff, 0x07, 0xcf, 0xf9, 0xdf,
    0x00, 0xd1, 0xff, 0x0b, 0x24, 0xa4, 0xe8, 0x38, 0x21, 0xaa, 0xe5, 0x27, 0x00, 0x00, 0x00, 0x00,
    0x00, 0x00, 0x00, 0x00, 0x00, 0x00, 0x00, 0x00, 0x00, 0x00, 0x00, 0x00, 0x00, 0x00, 0x00, 0x00,
    0x1e, 0xac, 0xe8, 0x22, 0x1f, 0xab, 0xe9, 0xd8, 0x1c, 0xae, 0xeb, 0xff, 0x19, 0xb3, 0xed, 0xff,
    0x16, 0xb9, 0xef, 0xff, 0x12, 0xbe, 0xf2, 0xff, 0x0f, 0xc1, 0xf5, 0x95, 0x12, 0xbd, 0xf0, 0x55,
    0x12, 0xbe, 0xf0, 0xff, 0x11, 0xbf, 0xf1, 0xff, 0x11, 0xbf, 0xf1, 0xff, 0x10, 0xc0, 0xf1, 0xff,
    0x10, 0xc1, 0xf2, 0xff, 0x0f, 0xc1, 0xf2, 0xff, 0x0f, 0xc2, 0xf2, 0xff, 0x0f, 0xc3, 0xf3, 0xff,
    0x0e, 0xc3, 0xf3, 0xff, 0x0e, 0xc4, 0xf3, 0xff, 0x0d, 0xc5, 0xf3, 0xff, 0x0d, 0xc5, 0xf4, 0xff,
    0x0c, 0xc6, 0xf4, 0xff, 0x0c, 0xc7, 0xf4, 0xff, 0x0c, 0xc7, 0xf5, 0xff, 0x0b, 0xc8, 0xf5, 0xff,
    0x0b, 0xc9, 0xf5, 0xff, 0x0a, 0xc9, 0xf6, 0xff, 0x0a, 0xca, 0xf6, 0xff, 0x09, 0xca, 0xf6, 0xff,
    0x09, 0xcb, 0xf7, 0xff, 0x09, 0xcc, 0xf7, 0xff, 0x08, 0xcc, 0xf7, 0xff, 0x08, 0xcd, 0xf7, 0xff,
    0x07, 0xcd, 0xf8, 0x4c, 0x00, 0x00, 0x00, 0x00, 0x00, 0x00, 0x00, 0x00, 0x00, 0x00, 0x00, 0x00,
    0x00, 0x00, 0x00, 0x00, 0x00, 0x00, 0x00, 0x00, 0x00, 0x00, 0x00, 0x00, 0x00, 0x00, 0x00, 0x00,
    0x00, 0x00, 0x00, 0x00, 0x33, 0x99, 0xff, 0x05, 0x21, 0xa7, 0xe6, 0x3d, 0x21, 0xa9, 0xe8, 0x85,
    0x20, 0xaa, 0xea, 0xca, 0x1b, 0xaf, 0xec, 0xca, 0x15, 0xb6, 0xef, 0x31, 0x13, 0xbb, 0xef, 0xb1,
    0x13, 0xbc, 0xef, 0xff, 0x12, 0xbd, 0xf0, 0xff, 0x12, 0xbd, 0xf0, 0xff, 0x12, 0xbe, 0xf0, 0xff,
    0x11, 0xbf, 0xf1, 0xff, 0x11, 0xbf, 0xf1, 0xff, 0x10, 0xc0, 0xf1, 0xff, 0x10, 0xc1, 0xf2, 0xff,
    0x10, 0xc1, 0xf2, 0xff, 0x0f, 0xc2, 0xf2, 0xff, 0x0f, 0xc2, 0xf3, 0xff, 0x0e, 0xc3, 0xf3, 0xff,
    0x0e, 0xc4, 0xf3, 0xff, 0x0d, 0xc4, 0xf3, 0xff, 0x0d, 0xc5, 0xf4, 0xff, 0x0c, 0xc6, 0xf4, 0xff,
    0x0c, 0xc6, 0xf4, 0xff, 0x0c, 0xc7, 0xf5, 0xff, 0x0b, 0xc8, 0xf5, 0xff, 0x0b, 0xc8, 0xf5, 0xff,
    0x0a, 0xc9, 0xf6, 0xff, 0x0a, 0xca, 0xf6, 0xff, 0x0a, 0xca, 0xf6, 0xff, 0x09, 0xcb, 0xf6, 0xff,
    0x09, 0xcb, 0xf7, 0xa7, 0x00, 0x00, 0x00, 0x00, 0x00, 0x00, 0x00, 0x00, 0x00, 0x00, 0x00, 0x00,
    0x00, 0x00, 0x00, 0x00, 0x00, 0x00, 0x00, 0x00, 0x00, 0x00, 0x00, 0x00, 0x00, 0x00, 0x00, 0x00,
    0x00, 0x00, 0x00, 0x00, 0x00, 0x00, 0x00, 0x00, 0x00, 0x00, 0x00, 0x00, 0x00, 0x00, 0x00, 0x00,
    0x00, 0xff, 0xff, 0x01, 0x00, 0xff, 0xff, 0x01, 0x24, 0xb6, 0xff, 0x07, 0x16, 0xb9, 0xee, 0xe1,
    0x14, 0xba, 0xee, 0xff, 0x14, 0xba, 0xef, 0xff, 0x13, 0xbb, 0xef, 0xff, 0x13, 0xbc, 0xef, 0xff,
    0x13, 0xbc, 0xf0, 0xff, 0x12, 0xbd, 0xf0, 0xff, 0x12, 0xbe, 0xf0, 0xff, 0x11, 0xbe, 0xf1, 0xff,
    0x11, 0xbf, 0xf1, 0xff, 0x11, 0xc0, 0xf1, 0xff, 0x10, 0xc0, 0xf1, 0xff, 0x10, 0xc1, 0xf2, 0xff,
    0x0f, 0xc2, 0xf2, 0xff, 0x0f, 0xc2, 0xf2, 0xff, 0x0e, 0xc3, 0xf3, 0xff, 0x0e, 0xc4, 0xf3, 0xff,
    0x0d, 0xc4, 0xf3, 0xff, 0x0d, 0xc5, 0xf4, 0xff, 0x0d, 0xc6, 0xf4, 0xff, 0x0c, 0xc6, 0xf4, 0xff,
    0x0c, 0xc7, 0xf5, 0xff, 0x0b, 0xc7, 0xf5, 0xff, 0x0b, 0xc8, 0xf5, 0xff, 0x0b, 0xc9, 0xf5, 0xff,
    0x0a, 0xc9, 0xf6, 0xe4, 0x00, 0xd1, 0xff, 0x0b, 0x00, 0x00, 0x00, 0x00, 0x00, 0x00, 0x00, 0x00,
    0x00, 0x00, 0x00, 0x00, 0x00, 0x00, 0x00, 0x00, 0x00, 0x00, 0x00, 0x00, 0x00, 0x00, 0x00, 0x00,
    0x00, 0x00, 0x00, 0x00, 0x00, 0x00, 0x00, 0x00, 0x00, 0x00, 0x00, 0x00, 0x00, 0x00, 0x00, 0x00,
    0x00, 0x00, 0x00, 0x00, 0x00, 0x00, 0x00, 0x00, 0x15, 0xb5, 0xea, 0x18, 0x16, 0xb7, 0xed, 0xf2,
    0x15, 0xb8, 0xee, 0xff, 0x15, 0xb8, 0xee, 0xff, 0x15, 0xb9, 0xee, 0xff, 0x14, 0xba, 0xee, 0xff,
    0x14, 0xba, 0xef, 0xff, 0x13, 0xbb, 0xef, 0xff, 0x13, 0xbc, 0xef, 0xff, 0x13, 0xbc, 0xf0, 0xff,
    0x12, 0xbd, 0xf0, 0xff, 0x12, 0xbe, 0xf0, 0xff, 0x11, 0xbe, 0xf1, 0xff, 0x11, 0xbf, 0xf1, 0xff,
    0x10, 0xc0, 0xf1, 0xff, 0x10, 0xc0, 0xf1, 0xff, 0x10, 0xc1, 0xf2, 0xff, 0x0f, 0xc2, 0xf2, 0xff,
    0x0f, 0xc2, 0xf2, 0xff, 0x0e, 0xc3, 0xf3, 0xff, 0x0e, 0xc3, 0xf3, 0xff, 0x0d, 0xc4, 0xf3, 0xff,
    0x0d, 0xc5, 0xf4, 0xff, 0x0d, 0xc6, 0xf4, 0xff, 0x0c, 0xc6, 0xf4, 0xff, 0x0c, 0xc7, 0xf5, 0xff,
    0x0b, 0xc7, 0xf5, 0xf6, 0x09, 0xc6, 0xf6, 0x1b, 0x00, 0x00, 0x00, 0x00, 0x00, 0x00, 0x00, 0x00,
    0x00, 0x00, 0x00, 0x00, 0x00, 0x00, 0x00, 0x00, 0x00, 0x00, 0x00, 0x00, 0x00, 0x00, 0x00, 0x00,
    0x00, 0x00, 0x00, 0x00, 0x00, 0x00, 0x00, 0x00, 0x00, 0x00, 0x00, 0x00, 0x00, 0x00, 0x00, 0x00,
    0x00, 0x00, 0x00, 0x00, 0x00, 0x00, 0x00, 0x00, 0x18, 0xb7, 0xef, 0x20, 0x17, 0xb5, 0xec, 0xfa,
    0x17, 0xb6, 0xed, 0xff, 0x16, 0xb6, 0xed, 0xff, 0x16, 0xb7, 0xed, 0xff, 0x15, 0xb7, 0xed, 0xff,
    0x15, 0xb8, 0xee, 0xff, 0x15, 0xb9, 0xee, 0xff, 0x14, 0xba, 0xee, 0xff, 0x14, 0xba, 0xef, 0xff,
    0x13, 0xbb, 0xef, 0xff, 0x13, 0xbb, 0xef, 0xff, 0x12, 0xbc, 0xf0, 0xff, 0x12, 0xbd, 0xf0, 0xff,
    0x12, 0xbd, 0xf0, 0xff, 0x11, 0xbe, 0xf1, 0xff, 0x11, 0xbf, 0xf1, 0xff, 0x10, 0xc0, 0xf1, 0xff,
    0x10, 0xc0, 0xf1, 0xff, 0x10, 0xc1, 0xf2, 0xff, 0x0f, 0xc1, 0xf2, 0xff, 0x0f, 0xc2, 0xf2, 0xff,
    0x0e, 0xc3, 0xf3, 0xff, 0x0e, 0xc3, 0xf3, 0xff, 0x0d, 0xc4, 0xf3, 0xff, 0x0d, 0xc5, 0xf4, 0xff,
    0x0d, 0xc5, 0xf4, 0xfe, 0x0f, 0xc5, 0xf0, 0x23, 0x00, 0x00, 0x00, 0x00, 0x00, 0x00, 0x00, 0x00,
    0x00, 0x00, 0x00, 0x00, 0x00, 0x00, 0x00, 0x00, 0x00, 0x00, 0x00, 0x00, 0x00, 0x00, 0x00, 0x00,
    0x00, 0x00, 0x00, 0x00, 0x00, 0x00, 0x00, 0x00, 0x00, 0x00, 0x00, 0x00, 0x00, 0x00, 0x00, 0x00,
    0x00, 0x00, 0x00, 0x00, 0x00, 0x00, 0x00, 0x00, 0x19, 0xb5, 0xef, 0x1f, 0x1a, 0xb2, 0xeb, 0xfa,
    0x18, 0xb3, 0xec, 0xff, 0x18, 0xb4, 0xec, 0xff, 0x18, 0xb5, 0xec, 0xff, 0x17, 0xb5, 0xec, 0xff,
    0x16, 0xb6, 0xed, 0xff, 0x16, 0xb7, 0xed, 0xff, 0x16, 0xb7, 0xed, 0xff, 0x15, 0xb8, 0xee, 0xff,
    0x15, 0xb9, 0xee, 0xff, 0x14, 0xb9, 0xee, 0xff, 0x14, 0xba, 0xef, 0xff, 0x14, 0xbb, 0xef, 0xff,
    0x13, 0xbb, 0xef, 0xff, 0x13, 0xbc, 0xef, 0xff, 0x12, 0xbd, 0xf0, 0xff, 0x12, 0xbd, 0xf0, 0xff,
    0x12, 0xbe, 0xf0, 0xff, 0x11, 0xbf, 0xf1, 0xff, 0x11, 0xbf, 0xf1, 0xff, 0x10, 0xc0, 0xf1, 0xff,
    0x10, 0xc1, 0xf2, 0xff, 0x0f, 0xc1, 0xf2, 0xff, 0x0f, 0xc2, 0xf2, 0xff, 0x0f, 0xc3, 0xf3, 0xff,
    0x0e, 0xc3, 0xf3, 0xfe, 0x0f, 0xc5, 0xf0, 0x23, 0x00, 0x00, 0x00, 0x00, 0x00, 0x00, 0x00, 0x00,
    0x00, 0x00, 0x00, 0x00, 0x00, 0x00, 0x00, 0x00, 0x00, 0x00, 0x00, 0x00, 0x00, 0x00, 0x00, 0x00,
    0x00, 0x00, 0x00, 0x00, 0x00, 0x00, 0x00, 0x00, 0x00, 0x00, 0x00, 0x00, 0x00, 0x00, 0x00, 0x00,
    0x00, 0x00, 0x00, 0x00, 0x00, 0x00, 0x00, 0x00, 0x17, 0xae, 0xe8, 0x16, 0x1a, 0xb1, 0xea, 0xf1,
    0x1a, 0xb1, 0xeb, 0xff, 0x19, 0xb2, 0xeb, 0xff, 0x19, 0xb3, 0xeb, 0xff, 0x18, 0xb3, 0xeb, 0xff,
    0x18, 0xb4, 0xec, 0xff, 0x17, 0xb5, 0xec, 0xff, 0x17, 0xb5, 0xec, 0xff, 0x17, 0xb6, 0xed, 0xff,
    0x16, 0xb7, 0xed, 0xff, 0x16, 0xb7, 0xed, 0xff, 0x15, 0xb8, 0xee, 0xff, 0x15, 0xb9, 0xee, 0xff,
    0x14, 0xb9, 0xee, 0xff, 0x14, 0xba, 0xee, 0xff, 0x14, 0xbb, 0xef, 0xff, 0x13, 0xbb, 0xef, 0xff,
    0x13, 0xbc, 0xef, 0xff, 0x12, 0xbc, 0xf0, 0xff, 0x12, 0xbd, 0xf0, 0xff, 0x11, 0xbe, 0xf0, 0xff,
    0x11, 0xbf, 0xf1, 0xff, 0x11, 0xbf, 0xf1, 0xff, 0x10, 0xc0, 0xf1, 0xff, 0x10, 0xc1, 0xf2, 0xff,
    0x0f, 0xc1, 0xf3, 0xf5, 0x14, 0xc4, 0xf5, 0x1a, 0x00, 0x00, 0x00, 0x00, 0x00, 0x00, 0x00, 0x00,
    0x00, 0x00, 0x00, 0x00, 0x00, 0x00, 0x00, 0x00, 0x00, 0x00, 0x00, 0x00, 0x00, 0x00, 0x00, 0x00,
    0x00, 0x00, 0x00, 0x00, 0x00, 0x00, 0x00, 0x00, 0x00, 0x00, 0x00, 0x00, 0x00, 0x00, 0x00, 0x00,
    0x00, 0x00, 0x00, 0x00, 0x00, 0x00, 0x00, 0x00, 0x33, 0x99, 0xff, 0x05, 0x1b, 0xae, 0xe9, 0xdd,
    0x1b, 0xaf, 0xea, 0xff, 0x1b, 0xb0, 0xea, 0xff, 0x1a, 0xb0, 0xea, 0xff, 0x1a, 0xb1, 0xea, 0xff,
    0x19, 0xb2, 0xeb, 0xff, 0x19, 0xb3, 0xeb, 0xff, 0x18, 0xb3, 0xeb, 0xff, 0x18, 0xb4, 0xec, 0xff,
    0x18, 0xb5, 0xec, 0xff, 0x17, 0xb5, 0xec, 0xff, 0x17, 0xb6, 0xed, 0xff, 0x16, 0xb6, 0xed, 0xff,
    0x16, 0xb7, 0xed, 0xff, 0x15, 0xb8, 0xed, 0xff, 0x15, 0xb8, 0xee, 0xff, 0x15, 0xb9, 0xee, 0xff,
    0x14, 0xba, 0xee, 0xff, 0x14, 0xba, 0xef, 0xff, 0x13, 0xbb, 0xef, 0xff, 0x13, 0xbc, 0xef, 0xff,
    0x13, 0xbc, 0xf0, 0xff, 0x12, 0xbd, 0xf0, 0xff, 0x12, 0xbe, 0xf0, 0xff, 0x11, 0xbe, 0xf1, 0xff,
    0x11, 0xc0, 0xf1, 0xe1, 0x20, 0xbf, 0xff, 0x08, 0x00, 0xff, 0xff, 0x01, 0x00, 0xff, 0xff, 0x01,
    0x00, 0x00, 0x00, 0x00, 0x00, 0x00, 0x00, 0x00, 0x00, 0x00, 0x00, 0x00, 0x00, 0x00, 0x00, 0x00,
    0x00, 0x00, 0x00, 0x00, 0x00, 0x00, 0x00, 0x00, 0x00, 0x00, 0x00, 0x00, 0x00, 0x00, 0x00, 0x00,
    0x00, 0x00, 0x00, 0x00, 0x00, 0x00, 0x00, 0x00, 0x00, 0x00, 0x00, 0x00, 0x1d, 0xad, 0xe9, 0xaa,
    0x1c, 0xad, 0xe9, 0xff, 0x1c, 0xae, 0xe9, 0xff, 0x1b, 0xae, 0xe9, 0xff, 0x1b, 0xaf, 0xe9, 0xff,
    0x1b, 0xb0, 0xea, 0xff, 0x1a, 0xb0, 0xea, 0xff, 0x1a, 0xb1, 0xea, 0xff, 0x19, 0xb2, 0xeb, 0xff,
    0x19, 0xb2, 0xeb, 0xff, 0x19, 0xb3, 0xeb, 0xff, 0x18, 0xb4, 0xec, 0xff, 0x18, 0xb4, 0xec, 0xff,
    0x17, 0xb5, 0xec, 0xff, 0x17, 0xb6, 0xec, 0xff, 0x16, 0xb6, 0xed, 0xff, 0x16, 0xb7, 0xed, 0xff,
    0x15, 0xb8, 0xed, 0xff, 0x15, 0xb8, 0xee, 0xff, 0x15, 0xb9, 0xee, 0xff, 0x14, 0xba, 0xee, 0xff,
    0x14, 0xba, 0xef, 0xff, 0x13, 0xbb, 0xef, 0xff, 0x13, 0xbc, 0xef, 0xff, 0x13, 0xbc, 0xf0, 0xff,
    0x12, 0xbd, 0xf0, 0x9e, 0x0b, 0xc5, 0xf4, 0x30, 0x08, 0xcd, 0xf7, 0xca, 0x05, 0xd2, 0xfa, 0xca,
    0x04, 0xd5, 0xfb, 0x85, 0x00, 0xd7, 0xfb, 0x3a, 0x00, 0xcc, 0xff, 0x05, 0x00, 0x00, 0x00, 0x00,
    0x00, 0x00, 0x00, 0x00, 0x00, 0x00, 0x00, 0x00, 0x00, 0x00, 0x00, 0x00, 0x00, 0x00, 0x00, 0x00,
    0x00, 0x00, 0x00, 0x00, 0x00, 0x00, 0x00, 0x00, 0x00, 0x00, 0x00, 0x00, 0x1f, 0xaa, 0xe7, 0x4b,
    0x1d, 0xab, 0xe8, 0xfe, 0x1d, 0xac, 0xe8, 0xff, 0x1d, 0xac, 0xe8, 0xff, 0x1c, 0xad, 0xe9, 0xff,
    0x1c, 0xae, 0xe9, 0xff, 0x1b, 0xae, 0xe9, 0xff, 0x1b, 0xaf, 0xea, 0xff, 0x1b, 0xb0, 0xea, 0xff,
    0x1a, 0xb0, 0xea, 0xff, 0x1a, 0xb1, 0xea, 0xff, 0x19, 0xb2, 0xeb, 0xff, 0x19, 0xb2, 0xeb, 0xff,
    0x18, 0xb3, 0xeb, 0xff, 0x18, 0xb4, 0xec, 0xff, 0x18, 0xb4, 0xec, 0xff, 0x17, 0xb5, 0xec, 0xff,
    0x17, 0xb6, 0xed, 0xff, 0x16, 0xb6, 0xed, 0xff, 0x16, 0xb7, 0xed, 0xff, 0x16, 0xb8, 0xed, 0xff,
    0x15, 0xb8, 0xee, 0xff, 0x15, 0xb9, 0xee, 0xff, 0x14, 0xb9, 0xee, 0xff, 0x14, 0xba, 0xef, 0xfe,
    0x13, 0xbc, 0xf0, 0x44, 0x15, 0xbc, 0xf1, 0x94, 0x11, 0xbf, 0xf2, 0xff, 0x0e, 0xc4, 0xf5, 0xff,
    0x0b, 0xc9, 0xf7, 0xff, 0x07, 0xcf, 0xf9, 0xff, 0x05, 0xd3, 0xfa, 0xda, 0x07, 0xd3, 0xf8, 0x23,
    0x00, 0x00, 0x00, 0x00, 0x00, 0x00, 0x00, 0x00, 0x00, 0x00, 0x00, 0x00, 0x00, 0x00, 0x00, 0x00,
    0x00, 0x00, 0x00, 0x00, 0x00, 0xd2, 0xff, 0x28, 0x00, 0xd5, 0xfa, 0x37, 0x2a, 0xaa, 0xd4, 0x06,
    0x20, 0xa9, 0xe7, 0xd2, 0x1f, 0xaa, 0xe7, 0xff, 0x1e, 0xaa, 0xe7, 0xff, 0x1e, 0xab, 0xe7, 0xff,
    0x1d, 0xac, 0xe8, 0xff, 0x1d, 0xac, 0xe8, 0xff, 0x1c, 0xad, 0xe8, 0xff, 0x1c, 0xad, 0xe9, 0xff,
    0x1c, 0xae, 0xe9, 0xff, 0x1b, 0xaf, 0xe9, 0xff, 0x1b, 0xaf, 0xea, 0xff, 0x1a, 0xb0, 0xea, 0xff,
    0x1a, 0xb1, 0xea, 0xff, 0x1a, 0xb1, 0xea, 0xff, 0x19, 0xb2, 0xeb, 0xff, 0x19, 0xb3, 0xeb, 0xff,
    0x18, 0xb3, 0xeb, 0xff, 0x18, 0xb4, 0xec, 0xff, 0x18, 0xb5, 0xec, 0xff, 0x17, 0xb5, 0xec, 0xff,
    0x16, 0xb6, 0xed, 0xff, 0x16, 0xb7, 0xed, 0xff, 0x16, 0xb7, 0xed, 0xff, 0x15, 0xb8, 0xee, 0xd7,
    0x20, 0xbf, 0xdf, 0x08, 0x1d, 0xac, 0xeb, 0x59, 0x1c, 0xae, 0xeb, 0xff, 0x19, 0xb3, 0xed, 0xff,
    0x16, 0xb8, 0xef, 0xff, 0x12, 0xbe, 0xf2, 0xff, 0x0f, 0xc3, 0xf4, 0xff, 0x0d, 0xc6, 0xf4, 0x8e,
    0x00, 0x00, 0x00, 0x00, 0x00, 0x00, 0x00, 0x00, 0x00, 0xff, 0xff, 0x01, 0x0b, 0xc5, 0xf4, 0x30,
    0x0a, 0xca, 0xf7, 0xa0, 0x07, 0xcf, 0xf9, 0xfb, 0x05, 0xd2, 0xfa, 0xfd, 0x05, 0xd4, 0xfa, 0x64,
    0x20, 0xa9, 0xe7, 0x5f, 0x20, 0xa7, 0xe6, 0xff, 0x1f, 0xa8, 0xe6, 0xff, 0x1f, 0xa9, 0xe7, 0xff,
    0x1e, 0xa9, 0xe7, 0xff, 0x1e, 0xaa, 0xe7, 0xff, 0x1e, 0xab, 0xe8, 0xff, 0x1d, 0xab, 0xe8, 0xff,
    0x1d, 0xac, 0xe8, 0xff, 0x1c, 0xad, 0xe8, 0xff, 0x1c, 0xad, 0xe9, 0xff, 0x1c, 0xae, 0xe9, 0xff,
    0x1b, 0xaf, 0xe9, 0xff, 0x1b, 0xaf, 0xea, 0xff, 0x1a, 0xb0, 0xea, 0xff, 0x1a, 0xb1, 0xea, 0xff,
    0x1a, 0xb1, 0xeb, 0xff, 0x19, 0xb2, 0xeb, 0xff, 0x19, 0xb3, 0xeb, 0xff, 0x18, 0xb3, 0xec, 0xff,
    0x18, 0xb4, 0xec, 0xff, 0x17, 0xb5, 0xec, 0xff, 0x17, 0xb5, 0xec, 0xff, 0x16, 0xb7, 0xee, 0x67,
    0x00, 0x00, 0x00, 0x00, 0x00, 0x00, 0x00, 0x00, 0x23, 0xa5, 0xe6, 0x33, 0x20, 0xa8, 0xe7, 0x81,
    0x1f, 0xaa, 0xe9, 0xc7, 0x1c, 0xae, 0xeb, 0xf5, 0x19, 0xb3, 0xed, 0xee, 0x16, 0xbc, 0xf0, 0x44,
    0x00, 0x00, 0x00, 0x00, 0x2a, 0xaa, 0xff, 0x06, 0x15, 0xbc, 0xf1, 0xa1, 0x11, 0xbf, 0xf2, 0xf7,
    0x10, 0xc2, 0xf4, 0xff, 0x0d, 0xc5, 0xf5, 0xff, 0x0b, 0xc9, 0xf6, 0xff, 0x0a, 0xcb, 0xf7, 0xa1,
    0x00, 0xaa, 0xff, 0x03, 0x21, 0xa6, 0xe6, 0xab, 0x21, 0xa6, 0xe5, 0xff, 0x20, 0xa7, 0xe5, 0xff,
    0x20, 0xa7, 0xe6, 0xff, 0x1f, 0xa8, 0xe6, 0xff, 0x1f, 0xa9, 0xe6, 0xff, 0x1f, 0xa9, 0xe7, 0xff,
    0x1e, 0xaa, 0xe7, 0xff, 0x1e, 0xab, 0xe7, 0xff, 0x1d, 0xab, 0xe8, 0xff, 0x1d, 0xac, 0xe8, 0xff,
    0x1d, 0xac, 0xe8, 0xff, 0x1c, 0xad, 0xe9, 0xff, 0x1c, 0xae, 0xe9, 0xff, 0x1b, 0xae, 0xe9, 0xff,
    0x1b, 0xaf, 0xea, 0xff, 0x1b, 0xb0, 0xea, 0xff, 0x1a, 0xb0, 0xea, 0xff, 0x1a, 0xb1, 0xea, 0xff,
    0x19, 0xb2, 0xeb, 0xff, 0x19, 0xb2, 0xeb, 0xff, 0x18, 0xb3, 0xeb, 0xb2, 0x00, 0xbf, 0xff, 0x04,
    0x00, 0x00, 0x00, 0x00, 0x00, 0x00, 0x00, 0x00, 0x00, 0x00, 0x00, 0x00, 0x00, 0x00, 0x00, 0x00,
    0x00, 0x80, 0xff, 0x02, 0x26, 0xa1, 0xe3, 0x1b, 0x24, 0xaa, 0xe7, 0x15, 0x00, 0x00, 0x00, 0x00,
    0x00, 0x00, 0x00, 0x00, 0x1c, 0xaf, 0xec, 0x36, 0x19, 0xb3, 0xed, 0xfe, 0x17, 0xb6, 0xee, 0xff,
    0x16, 0xb9, 0xf0, 0xff, 0x14, 0xbc, 0xf1, 0xff, 0x11, 0xc0, 0xf1, 0xcf, 0x0c, 0xc2, 0xf3, 0x2a,
    0x00, 0x00, 0x00, 0x00, 0x26, 0xa6, 0xe6, 0x14, 0x22, 0xa4, 0xe4, 0xd8, 0x22, 0xa4, 0xe5, 0xff,
    0x21, 0xa5, 0xe5, 0xff, 0x21, 0xa6, 0xe5, 0xff, 0x20, 0xa6, 0xe5, 0xff, 0x20, 0xa7, 0xe6, 0xff,
    0x20, 0xa8, 0xe6, 0xff, 0x1f, 0xa8, 0xe6, 0xff, 0x1f, 0xa9, 0xe7, 0xff, 0x1e, 0xaa, 0xe7, 0xff,
    0x1e, 0xaa, 0xe7, 0xff, 0x1e, 0xab, 0xe8, 0xff, 0x1d, 0xac, 0xe8, 0xff, 0x1d, 0xac, 0xe8, 0xff,
    0x1c, 0xad, 0xe9, 0xff, 0x1c, 0xae, 0xe9, 0xff, 0x1b, 0xae, 0xe9, 0xff, 0x1b, 0xaf, 0xe9, 0xff,
    0x1b, 0xb0, 0xea, 0xff, 0x1a, 0xb1, 0xea, 0xdc, 0x16, 0xb1, 0xe9, 0x17, 0x00, 0x00, 0x00, 0x00,
    0x00, 0x00, 0x00, 0x00, 0x00, 0x00, 0x00, 0x00, 0x00, 0x00, 0x00, 0x00, 0x00, 0x00, 0x00, 0x00,
    0x00, 0x00, 0x00, 0x00, 0x00, 0x00, 0x00, 0x00, 0x00, 0x00, 0x00, 0x00, 0x00, 0x00, 0x00, 0x00,
    0x00, 0x00, 0x00, 0x00, 0x23, 0xa7, 0xe5, 0x1d, 0x1f, 0xaa, 0xe9, 0xef, 0x1e, 0xac, 0xea, 0xff,
    0x1b, 0xb0, 0xec, 0xe5, 0x19, 0xb5, 0xee, 0x67, 0x00, 0xaa, 0xff, 0x03, 0x00, 0x00, 0x00, 0x00,
    0x00, 0x00, 0x00, 0x00, 0x00, 0x00, 0x00, 0x00, 0x21, 0xa5, 0xe6, 0x1f, 0x23, 0xa3, 0xe4, 0xd8,
    0x23, 0xa3, 0xe4, 0xff, 0x22, 0xa4, 0xe4, 0xff, 0x22, 0xa4, 0xe5, 0xff, 0x21, 0xa5, 0xe5, 0xff,
    0x21, 0xa6, 0xe5, 0xff, 0x21, 0xa7, 0xe5, 0xff, 0x20, 0xa7, 0xe6, 0xff, 0x20, 0xa8, 0xe6, 0xff,
    0x1f, 0xa8, 0xe6, 0xff, 0x1f, 0xa9, 0xe7, 0xff, 0x1e, 0xaa, 0xe7, 0xff, 0x1e, 0xaa, 0xe7, 0xff,
    0x1d, 0xab, 0xe8, 0xff, 0x1d, 0xac, 0xe8, 0xff, 0x1d, 0xac, 0xe8, 0xff, 0x1c, 0xac, 0xe8, 0xff,
    0x1d, 0xa8, 0xe7, 0xdb, 0x1c, 0xb1, 0xea, 0x24, 0x00, 0x00, 0x00, 0x00, 0x00, 0x00, 0x00, 0x00,
    0x00, 0x00, 0x00, 0x00, 0x00, 0x00, 0x00, 0x00, 0x00, 0x00, 0x00, 0x00, 0x00, 0x00, 0x00, 0x00,
    0x00, 0x00, 0x00, 0x00, 0x00, 0x00, 0x00, 0x00, 0x00, 0x00, 0x00, 0x00, 0x00, 0x00, 0x00, 0x00,
    0x00, 0x00, 0x00, 0x00, 0x00, 0x00, 0x00, 0x00, 0x27, 0xa7, 0xeb, 0x1a, 0x21, 0xa5, 0xe6, 0x3e,
    0x2a, 0xaa, 0xd4, 0x06, 0x00, 0x00, 0x00, 0x00, 0x00, 0x00, 0x00, 0x00, 0x00, 0x00, 0x00, 0x00,
    0x00, 0x00, 0x00, 0x00, 0x00, 0x00, 0x00, 0x00, 0x00, 0x00, 0x00, 0x00, 0x28, 0xa1, 0xe4, 0x13,
    0x25, 0x9b, 0xe1, 0xb3, 0x24, 0x9e, 0xe2, 0xff, 0x23, 0xa2, 0xe3, 0xff, 0x23, 0xa3, 0xe4, 0xff,
    0x22, 0xa4, 0xe4, 0xff, 0x22, 0xa4, 0xe4, 0xff, 0x22, 0xa5, 0xe5, 0xff, 0x21, 0xa6, 0xe5, 0xff,
    0x21, 0xa6, 0xe5, 0xff, 0x20, 0xa7, 0xe6, 0xff, 0x20, 0xa7, 0xe6, 0xff, 0x1f, 0xa8, 0xe6, 0xff,
    0x1f, 0xa9, 0xe7, 0xff, 0x1f, 0xa8, 0xe6, 0xff, 0x21, 0xa0, 0xe3, 0xff, 0x23, 0x99, 0xdf, 0xaf,
    0x23, 0x97, 0xdc, 0x16, 0x00, 0x00, 0x00, 0x00, 0x00, 0x00, 0x00, 0x00, 0x00, 0x00, 0x00, 0x00,
    0x00, 0x00, 0x00, 0x00, 0x00, 0x00, 0x00, 0x00, 0x00, 0x00, 0x00, 0x00, 0x00, 0x00, 0x00, 0x00,
    0x00, 0x00, 0x00, 0x00, 0x00, 0x00, 0x00, 0x00, 0x00, 0x00, 0x00, 0x00, 0x00, 0x00, 0x00, 0x00,
    0x00, 0x00, 0x00, 0x00, 0x00, 0x00, 0x00, 0x00, 0x00, 0x00, 0x00, 0x00, 0x00, 0x00, 0x00, 0x00,
    0x00, 0x00, 0x00, 0x00, 0x00, 0x00, 0x00, 0x00, 0x00, 0x00, 0x00, 0x00, 0x00, 0x00, 0x00, 0x00,
    0x00, 0x00, 0x00, 0x00, 0x00, 0x00, 0x00, 0x00, 0x00, 0x00, 0x00, 0x00, 0x00, 0x00, 0x00, 0x00,
    0x00, 0xaa, 0xff, 0x03, 0x27, 0x93, 0xde, 0x5c, 0x26, 0x94, 0xde, 0xcf, 0x25, 0x98, 0xdf, 0xfd,
    0x24, 0x9c, 0xe1, 0xff, 0x24, 0x9f, 0xe2, 0xff, 0x23, 0xa1, 0xe3, 0xff, 0x23, 0xa2, 0xe3, 0xff,
    0x22, 0xa2, 0xe4, 0xff, 0x22, 0xa2, 0xe3, 0xff, 0x22, 0xa1, 0xe3, 0xff, 0x22, 0x9e, 0xe2, 0xff,
    0x23, 0x9a, 0xe0, 0xfe, 0x24, 0x95, 0xdd, 0xd2, 0x25, 0x96, 0xdd, 0x61, 0x00, 0xaa, 0xff, 0x03,
    0x00, 0x00, 0x00, 0x00, 0x00, 0x00, 0x00, 0x00, 0x00, 0x00, 0x00, 0x00, 0x00, 0x00, 0x00, 0x00,
    0x00, 0x00, 0x00, 0x00, 0x00, 0x00, 0x00, 0x00, 0x00, 0x00, 0x00, 0x00, 0x00, 0x00, 0x00, 0x00,
    0x00, 0x00, 0x00, 0x00, 0x00, 0x00, 0x00, 0x00, 0x00, 0x00, 0x00, 0x00, 0x00, 0x00, 0x00, 0x00,
    0x00, 0x00, 0x00, 0x00, 0x00, 0x00, 0x00, 0x00, 0x00, 0x00, 0x00, 0x00, 0x00, 0x00, 0x00, 0x00,
    0x00, 0x00, 0x00, 0x00, 0x00, 0x00, 0x00, 0x00, 0x00, 0x00, 0x00, 0x00, 0x00, 0x00, 0x00, 0x00,
    0x00, 0x00, 0x00, 0x00, 0x00, 0x00, 0x00, 0x00, 0x00, 0x00, 0x00, 0x00, 0x00, 0x00, 0x00, 0x00,
    0x00, 0x00, 0x00, 0x00, 0x00, 0x00, 0x00, 0x00, 0x33, 0x99, 0xcc, 0x05, 0x28, 0x8f, 0xdb, 0x39,
    0x26, 0x92, 0xdb, 0x8c, 0x27, 0x90, 0xdc, 0xd8, 0x26, 0x91, 0xdc, 0xee, 0x26, 0x92, 0xdc, 0xf7,
    0x26, 0x92, 0xdc, 0xf7, 0x26, 0x92, 0xdc, 0xee, 0x25, 0x94, 0xdd, 0xd8, 0x25, 0x94, 0xdd, 0x8f,
    0x26, 0x95, 0xdd, 0x3c, 0x2a, 0xaa, 0xd4, 0x06, 0x04, 0xd2, 0xfb, 0x77, 0x03, 0xd6, 0xfc, 0xb4,
    0x00, 0xd8, 0xfa, 0x34, 0x00, 0x00, 0x00, 0x00, 0x00, 0x00, 0x00, 0x00, 0x00, 0x00, 0x00, 0x00,
    0x00, 0x00, 0x00, 0x00, 0x00, 0x00, 0x00, 0x00, 0x00, 0x00, 0x00, 0x00, 0x00, 0x00, 0x00, 0x00,
    0x00, 0x00, 0x00, 0x00, 0x00, 0x00, 0x00, 0x00, 0x00, 0x00, 0x00, 0x00, 0x00, 0x00, 0x00, 0x00,
    0x00, 0x00, 0x00, 0x00, 0x00, 0x00, 0x00, 0x00, 0x00, 0x00, 0x00, 0x00, 0x00, 0x00, 0x00, 0x00,
    0x00, 0x00, 0x00, 0x00, 0x00, 0x00, 0x00, 0x00, 0x00, 0x00, 0x00, 0x00, 0x00, 0x00, 0x00, 0x00,
    0x00, 0x00, 0x00, 0x00, 0x00, 0x00, 0x00, 0x00, 0x00, 0x00, 0x00, 0x00, 0x00, 0x00, 0x00, 0x00,
    0x00, 0x00, 0x00, 0x00, 0x00, 0x00, 0x00, 0x00, 0x03, 0xd4, 0xfc, 0x59, 0x02, 0xd7, 0xfc, 0x94,
    0x00, 0xd4, 0xfa, 0x30, 0x40, 0x80, 0xbf, 0x04, 0x28, 0x94, 0xd7, 0x13, 0x24, 0x92, 0xdb, 0x1c,
    0x24, 0x92, 0xdb, 0x1c, 0x28, 0x94, 0xe4, 0x13, 0x00, 0xaa, 0xff, 0x03, 0x00, 0x00, 0x00, 0x00,
    0x00, 0x00, 0x00, 0x00, 0x0e, 0xc7, 0xf6, 0x37, 0x0a, 0xcb, 0xf7, 0xfd, 0x08, 0xce, 0xf8, 0xff,
    0x06, 0xd0, 0xf9, 0xcf, 0x00, 0xaa, 0xff, 0x03, 0x00, 0x00, 0x00, 0x00, 0x00, 0x00, 0x00, 0x00,
    0x00, 0x00, 0x00, 0x00, 0x00, 0x00, 0x00, 0x00, 0x00, 0x00, 0x00, 0x00, 0x00, 0x00, 0x00, 0x00,
    0x00, 0x00, 0x00, 0x00, 0x00, 0x00, 0x00, 0x00, 0x00, 0x00, 0x00, 0x00, 0x00, 0x00, 0x00, 0x00,
    0x00, 0x00, 0x00, 0x00, 0x00, 0x00, 0x00, 0x00, 0x00, 0x00, 0x00, 0x00, 0x00, 0x00, 0x00, 0x00,
    0x00, 0x00, 0x00, 0x00, 0x00, 0x00, 0x00, 0x00, 0x00, 0x00, 0x00, 0x00, 0x00, 0x00, 0x00, 0x00,
    0x00, 0x00, 0x00, 0x00, 0x00, 0x00, 0x00, 0x00, 0x00, 0x00, 0x00, 0x00, 0x00, 0x00, 0x00, 0x00,
    0x00, 0x00, 0x00, 0x00, 0x0a, 0xcd, 0xfa, 0x33, 0x08, 0xce, 0xf8, 0xff, 0x06, 0xd0, 0xf9, 0xff,
    0x05, 0xd2, 0xfa, 0xca, 0x00, 0xff, 0xff, 0x01, 0x00, 0x00, 0x00, 0x00, 0x00, 0x00, 0x00, 0x00,
    0x00, 0x00, 0x00, 0x00, 0x00, 0x00, 0x00, 0x00, 0x00, 0x00, 0x00, 0x00, 0x00, 0x00, 0x00, 0x00,
    0x00, 0x00, 0x00, 0x00, 0x13, 0xbf, 0xf2, 0x28, 0x10, 0xc2, 0xf3, 0xfb, 0x0e, 0xc4, 0xf4, 0xff,
    0x0c, 0xc7, 0xf6, 0xff, 0x0a, 0xc9, 0xf5, 0x67, 0x00, 0x00, 0x00, 0x00, 0x00, 0x00, 0x00, 0x00,
    0x00, 0x00, 0x00, 0x00, 0x00, 0x00, 0x00, 0x00, 0x00, 0x00, 0x00, 0x00, 0x00, 0x00, 0x00, 0x00,
    0x00, 0x00, 0x00, 0x00, 0x00, 0x00, 0x00, 0x00, 0x00, 0x00, 0x00, 0x00, 0x00, 0x00, 0x00, 0x00,
    0x00, 0x00, 0x00, 0x00, 0x00, 0x00, 0x00, 0x00, 0x00, 0x00, 0x00, 0x00, 0x00, 0x00, 0x00, 0x00,
    0x00, 0x00, 0x00, 0x00, 0x00, 0x00, 0x00, 0x00, 0x00, 0x00, 0x00, 0x00, 0x00, 0x00, 0x00, 0x00,
    0x00, 0x00, 0x00, 0x00, 0x00, 0x00, 0x00, 0x00, 0x00, 0x00, 0x00, 0x00, 0x00, 0x00, 0x00, 0x00,
    0x00, 0x00, 0x00, 0x00, 0x10, 0xc4, 0xf3, 0x81, 0x0d, 0xc5, 0xf5, 0xff, 0x0c, 0xc8, 0xf6, 0xff,
    0x0a, 0xca, 0xf7, 0xca, 0x00, 0xff, 0xff, 0x01, 0x00, 0x00, 0x00, 0x00, 0x00, 0x00, 0x00, 0x00,
    0x00, 0x00, 0x00, 0x00, 0x00, 0x00, 0x00, 0x00, 0x00, 0x00, 0x00, 0x00, 0x00, 0x00, 0x00, 0x00,
    0x00, 0x00, 0x00, 0x00, 0x00, 0x00, 0x00, 0x00, 0x16, 0xb9, 0xef, 0xa0, 0x14, 0xba, 0xf0, 0xff,
    0x13, 0xbd, 0xf2, 0xff, 0x11, 0xc0, 0xf3, 0xe5, 0x00, 0xaa, 0xff, 0x06, 0x00, 0x00, 0x00, 0x00,
    0x00, 0x00, 0x00, 0x00, 0x00, 0x00, 0x00, 0x00, 0x00, 0x00, 0x00, 0x00, 0x00, 0x00, 0x00, 0x00,
    0x00, 0x00, 0x00, 0x00, 0x00, 0x00, 0x00, 0x00, 0x00, 0x00, 0x00, 0x00, 0x00, 0x00, 0x00, 0x00,
    0x00, 0x00, 0x00, 0x00, 0x00, 0x00, 0x00, 0x00, 0x00, 0x00, 0x00, 0x00, 0x00, 0x00, 0x00, 0x00,
    0x00, 0x00, 0x00, 0x00, 0x00, 0x00, 0x00, 0x00, 0x00, 0x00, 0x00, 0x00, 0x00, 0x00, 0x00, 0x00,
    0x00, 0x00, 0x00, 0x00, 0x00, 0x00, 0x00, 0x00, 0x00, 0x00, 0x00, 0x00, 0x00, 0x00, 0x00, 0x00,
    0x00, 0x80, 0xff, 0x02, 0x15, 0xbb, 0xf0, 0xc7, 0x13, 0xbd, 0xf1, 0xff, 0x11, 0xc0, 0xf2, 0xff,
    0x0f, 0xc2, 0xf3, 0x85, 0x00, 0x00, 0x00, 0x00, 0x00, 0x00, 0x00, 0x00, 0x00, 0x00, 0x00, 0x00,
    0x00, 0x00, 0x00, 0x00, 0x00, 0x00, 0x00, 0x00, 0x00, 0x00, 0x00, 0x00, 0x00, 0x00, 0x00, 0x00,
    0x00, 0x00, 0x00, 0x00, 0x00, 0x00, 0x00, 0x00, 0x1b, 0xb5, 0xea, 0x30, 0x1a, 0xb1, 0xec, 0xf7,
    0x19, 0xb4, 0xed, 0xff, 0x17, 0xb7, 0xef, 0xff, 0x15, 0xb9, 0xef, 0x3e, 0x00, 0x00, 0x00, 0x00,
    0x00, 0x00, 0x00, 0x00, 0x00, 0x00, 0x00, 0x00, 0x00, 0x00, 0x00, 0x00, 0x00, 0x00, 0x00, 0x00,
    0x00, 0x00, 0x00, 0x00, 0x00, 0x00, 0x00, 0x00, 0x00, 0x00, 0x00, 0x00, 0x00, 0x00, 0x00, 0x00,
    0x00, 0x00, 0x00, 0x00, 0x00, 0x00, 0x00, 0x00, 0x00, 0x00, 0x00, 0x00, 0x00, 0x00, 0x00, 0x00,
    0x00, 0x00, 0x00, 0x00, 0x00, 0x00, 0x00, 0x00, 0x00, 0x00, 0x00, 0x00, 0x00, 0x00, 0x00, 0x00,
    0x00, 0x00, 0x00, 0x00, 0x00, 0x00, 0x00, 0x00, 0x00, 0x00, 0x00, 0x00, 0x00, 0x00, 0x00, 0x00,
    0x1c, 0xb3, 0xec, 0x1b, 0x1a, 0xb2, 0xed, 0xf5, 0x18, 0xb5, 0xee, 0xff, 0x16, 0xb7, 0xef, 0xff,
    0x16, 0xb9, 0xf2, 0x3a, 0x00, 0x00, 0x00, 0x00, 0x00, 0x00, 0x00, 0x00, 0x00, 0x00, 0x00, 0x00,
    0x00, 0x00, 0x00, 0x00, 0x00, 0x00, 0x00, 0x00, 0x00, 0x00, 0x00, 0x00, 0x00, 0x00, 0x00, 0x00,
    0x00, 0x00, 0x00, 0x00, 0x00, 0x00, 0x00, 0x00, 0x00, 0xff, 0xff, 0x01, 0x1f, 0xa9, 0xe9, 0x9a,
    0x1f, 0xaa, 0xe9, 0xfe, 0x1d, 0xac, 0xeb, 0xee, 0x18, 0xb6, 0xf3, 0x15, 0x00, 0x00, 0x00, 0x00,
    0x00, 0x00, 0x00, 0x00, 0x00, 0x00, 0x00, 0x00, 0x00, 0x00, 0x00, 0x00, 0x00, 0x00, 0x00, 0x00,
    0x00, 0x00, 0x00, 0x00, 0x00, 0x00, 0x00, 0x00, 0x00, 0x00, 0x00, 0x00, 0x00, 0x00, 0x00, 0x00,
    0x00, 0x00, 0x00, 0x00, 0x00, 0x00, 0x00, 0x00, 0x00, 0x00, 0x00, 0x00, 0x00, 0x00, 0x00, 0x00,
    0x00, 0x00, 0x00, 0x00, 0x00, 0x00, 0x00, 0x00, 0x00, 0x00, 0x00, 0x00, 0x00, 0x00, 0x00, 0x00,
    0x00, 0x00, 0x00, 0x00, 0x00, 0x00, 0x00, 0x00, 0x00, 0x00, 0x00, 0x00, 0x00, 0x00, 0x00, 0x00,
    0x24, 0xaa, 0xe7, 0x15, 0x1f, 0xaa, 0xe9, 0xee, 0x1d, 0xad, 0xea, 0xff, 0x1b, 0xaf, 0xec, 0xda,
    0x33, 0xcc, 0xff, 0x05, 0x00, 0x00, 0x00, 0x00, 0x00, 0x00, 0x00, 0x00, 0x00, 0x00, 0x00, 0x00,
    0x00, 0x00, 0x00, 0x00, 0x00, 0x00, 0x00, 0x00, 0x00, 0x00, 0x00, 0x00, 0x00, 0x00, 0x00, 0x00,
    0x00, 0x00, 0x00, 0x00, 0x00, 0x00, 0x00, 0x00, 0x00, 0x00, 0x00, 0x00, 0x2a, 0xaa, 0xd4, 0x06,
    0x21, 0xa5, 0xe7, 0x36, 0x23, 0xa7, 0xe5, 0x1d, 0x00, 0x00, 0x00, 0x00, 0x00, 0x00, 0x00, 0x00,
    0x00, 0x00, 0x00, 0x00, 0x00, 0x00, 0x00, 0x00, 0x00, 0x00, 0x00, 0x00, 0x00, 0x00, 0x00, 0x00,
    0x00, 0x00, 0x00, 0x00, 0x00, 0x00, 0x00, 0x00, 0x00, 0x00, 0x00, 0x00, 0x00, 0x00, 0x00, 0x00,
    0x00, 0x00, 0x00, 0x00, 0x00, 0x00, 0x00, 0x00, 0x00, 0x00, 0x00, 0x00, 0x00, 0x00, 0x00, 0x00,
    0x00, 0x00, 0x00, 0x00, 0x00, 0x00, 0x00, 0x00, 0x00, 0x00, 0x00, 0x00, 0x00, 0x00, 0x00, 0x00,
    0x00, 0x00, 0x00, 0x00, 0x00, 0x00, 0x00, 0x00, 0x00, 0x00, 0x00, 0x00, 0x00, 0x00, 0x00, 0x00,
    0x00, 0x00, 0x00, 0x00, 0x22, 0xa5, 0xe8, 0x44, 0x22, 0xa5, 0xe8, 0x8e, 0x1d, 0xa8, 0xe9, 0x23,
    0x00, 0x00, 0x00, 0x00, 0x00, 0x00, 0x00, 0x00, 0x00, 0x00, 0x00, 0x00, 0x00, 0x00, 0x00, 0x00,
    0x00, 0x00, 0x00, 0x00, 0x00, 0x00, 0x00, 0x00, 0x00, 0x00, 0x00, 0x00, 0x00, 0x00, 0x00, 0x00,
    0x00, 0x00, 0x00, 0x00, 0x00, 0x00, 0x00, 0x00, 0x00, 0x00, 0x00, 0x00, 0x00, 0x00, 0x00, 0x00,
    0x00, 0x00, 0x00, 0x00, 0x00, 0x00, 0x00, 0x00, 0x00, 0x00, 0x00, 0x00, 0x00, 0x00, 0x00, 0x00,
    0x00, 0x00, 0x00, 0x00, 0x00, 0x00, 0x00, 0x00, 0x00, 0x00, 0x00, 0x00, 0x00, 0x00, 0x00, 0x00,
    0x00, 0x00, 0x00, 0x00, 0x00, 0x00, 0x00, 0x00, 0x00, 0x00, 0x00, 0x00, 0x00, 0x00, 0x00, 0x00,
};

#elif LV_COLOR_DEPTH == 16

/* ============================================================================
 * 16-bit display formats
 * ============================================================================ */

#if LV_COLOR_16_SWAP == 0
/* RGB565A8 - 16-bit color with separate 8-bit alpha channel (standard byte order) */

static const LV_ATTRIBUTE_MEM_ALIGN LV_ATTRIBUTE_LARGE_CONST LV_ATTRIBUTE_IMG_DAY_CLEAR uint8_t day_clear_rgb565a8_map[] = {
    /* RGB565 color data (3200 bytes) */
    0x00, 0x00, 0x00, 0x00, 0x00, 0x00, 0x00, 0x00, 0x00, 0x00, 0x00, 0x00, 0x00, 0x00, 0x00, 0x00,
    0x00, 0x00, 0x00, 0x00, 0x00, 0x00, 0x00, 0x00, 0x00, 0x00, 0x00, 0x00, 0x00, 0x00, 0x00, 0x00,
    0x00, 0x00, 0x00, 0x00, 0x00, 0x00, 0x00, 0x00, 0x00, 0x00, 0x00, 0x00, 0x00, 0x00, 0x00, 0x00,
    0x80, 0xfe, 0xa0, 0xfe, 0xc0, 0xfe, 0x00, 0x00, 0x00, 0x00, 0x00, 0x00, 0x00, 0x00, 0x00, 0x00,
    0x00, 0x00, 0x00, 0x00, 0x00, 0x00, 0x00, 0x00, 0x00, 0x00, 0x00, 0x00, 0x00, 0x00, 0x00, 0x00,
    0x00, 0x00, 0x00, 0x00, 0x00, 0x00, 0x00, 0x00, 0x00, 0x00, 0x00, 0x00, 0x00, 0x00, 0x00, 0x00,
    0x00, 0x00, 0x00, 0x00, 0x80, 0xfe, 0xc0, 0xfe, 0x60, 0xfe, 0x00, 0x00, 0x00, 0x00, 0x00, 0x00,
    0x00, 0x00, 0x00, 0x00, 0x00, 0x00, 0x00, 0x00, 0x00, 0x00, 0x00, 0x00, 0x00, 0x00, 0x60, 0xfe,
    0x61, 0xfe, 0x80, 0xfe, 0x80, 0xfe, 0x60, 0xfe, 0x00, 0x00, 0x00, 0x00, 0x00, 0x00, 0x00, 0x00,
    0x00, 0x00, 0x00, 0x00, 0x00, 0x00, 0x00, 0x00, 0x00, 0x00, 0x00, 0x00, 0x00, 0x00, 0x00, 0x00,
    0x00, 0x00, 0x00, 0x00, 0x00, 0x00, 0x00, 0x00, 0x00, 0x00, 0x00, 0x00, 0x00, 0x00, 0x00, 0x00,
    0x00, 0x00, 0x21, 0xf6, 0x60, 0xfe, 0x80, 0xfe, 0x80, 0xfe, 0xe0, 0xff, 0x00, 0x00, 0x00, 0x00,
    0x00, 0x00, 0x00, 0x00, 0x00, 0x00, 0x00, 0x00, 0x00, 0x00, 0x00, 0x00, 0x00, 0x00, 0x22, 0xf6,
    0x21, 0xf6, 0x41, 0xf6, 0x41, 0xf6, 0x61, 0xf6, 0x00, 0x00, 0x00, 0x00, 0x00, 0x00, 0x00, 0x00,
    0x00, 0x00, 0x00, 0x00, 0x00, 0x00, 0x00, 0x00, 0x00, 0x00, 0x00, 0x00, 0x00, 0x00, 0x00, 0x00,
    0x00, 0x00, 0x00, 0x00, 0x00, 0x00, 0x00, 0x00, 0x00, 0x00, 0x00, 0x00, 0x00, 0x00, 0x00, 0x00,
    0x00, 0x00, 0x02, 0xf6, 0x21, 0xf6, 0x41, 0xf6, 0x41, 0xf6, 0x41, 0xfe, 0x00, 0x00, 0x00, 0x00,
    0x00, 0x00, 0x00, 0x00, 0x00, 0x00, 0x00, 0x00, 0x00, 0x00, 0x00, 0x00, 0x00, 0x00, 0xe2, 0xf5,
    0xe2, 0xf5, 0x02, 0xf6, 0x01, 0xf6, 0xe0, 0xff, 0x00, 0x00, 0x00, 0x00, 0x00, 0x00, 0x00, 0x00,
    0x00, 0x00, 0x00, 0x00, 0x00, 0x00, 0x00, 0x00, 0x00, 0x00, 0x00, 0x00, 0x00, 0x00, 0x00, 0x00,
    0x00, 0x00, 0x00, 0x00, 0x00, 0x00, 0x00, 0x00, 0x00, 0x00, 0x00, 0x00, 0x00, 0x00, 0x00, 0x00,
    0x00, 0x00, 0xa4, 0xfd, 0xe2, 0xf5, 0xe2, 0xf5, 0x01, 0xf6, 0x21, 0xf6, 0x00, 0x00, 0x00, 0x00,
    0x00, 0x00, 0x00, 0x00, 0x00, 0x00, 0x00, 0x00, 0x00, 0x00, 0x00, 0x00, 0xe0, 0xff, 0x83, 0xed,
    0xa3, 0xed, 0xc2, 0xed, 0xc2, 0xed, 0x00, 0x00, 0x00, 0x00, 0x00, 0x00, 0x00, 0x00, 0x00, 0x00,
    0x00, 0x00, 0x00, 0x00, 0x00, 0x00, 0x00, 0x00, 0x00, 0x00, 0x00, 0x00, 0x00, 0x00, 0x00, 0x00,
    0x00, 0x00, 0x00, 0x00, 0x00, 0x00, 0x00, 0x00, 0x00, 0x00, 0x00, 0x00, 0x00, 0x00, 0x00, 0x00,
    0x00, 0x00, 0x00, 0x00, 0xa3, 0xed, 0xa3, 0xed, 0xc2, 0xed, 0xc2, 0xf5, 0xa2, 0xf5, 0x00, 0x00,
    0x00, 0x00, 0x00, 0x00, 0x00, 0x00, 0x00, 0x00, 0x00, 0x00, 0x00, 0x00, 0xe0, 0xff, 0x44, 0xed,
    0x63, 0xed, 0x63, 0xed, 0x83, 0xed, 0x00, 0x00, 0x00, 0x00, 0x00, 0x00, 0x00, 0x00, 0x00, 0x00,
    0x00, 0x00, 0x00, 0x00, 0x00, 0x00, 0x00, 0x00, 0x00, 0x00, 0x00, 0x00, 0x00, 0x00, 0x00, 0x00,
    0x00, 0x00, 0x00, 0x00, 0x00, 0x00, 0x00, 0x00, 0x00, 0x00, 0x00, 0x00, 0x00, 0x00, 0x00, 0x00,
    0x00, 0x00, 0x00, 0x00, 0x40, 0xfd, 0x63, 0xed, 0x63, 0xed, 0x83, 0xed, 0xa2, 0xed, 0x00, 0x00,
    0xe0, 0xff, 0xc2, 0xed, 0x01, 0xf6, 0xe1, 0xed, 0xe1, 0xed, 0xe1, 0xf5, 0xc2, 0xed, 0x04, 0xe5,
    0x44, 0xed, 0x44, 0xed, 0x00, 0x00, 0x00, 0x00, 0x00, 0x00, 0x00, 0x00, 0x00, 0x00, 0x00, 0x00,
    0x00, 0x00, 0x00, 0x00, 0x00, 0x00, 0x00, 0x00, 0x00, 0x00, 0x00, 0x00, 0x00, 0x00, 0x00, 0x00,
    0x00, 0x00, 0x00, 0x00, 0x00, 0x00, 0x00, 0x00, 0x00, 0x00, 0x00, 0x00, 0x00, 0x00, 0x00, 0x00,
    0x00, 0x00, 0x00, 0x00, 0x00, 0x00, 0x23, 0xe5, 0x24, 0xed, 0x43, 0xed, 0x82, 0xed, 0x01, 0xf6,
    0x01, 0xf6, 0x21, 0xf6, 0x21, 0xf6, 0x41, 0xf6, 0x41, 0xf6, 0x41, 0xf6, 0x21, 0xf6, 0x21, 0xf6,
    0x01, 0xf6, 0xa2, 0xed, 0x00, 0x00, 0x00, 0x00, 0x00, 0x00, 0x00, 0x00, 0x00, 0x00, 0x00, 0x00,
    0x00, 0x00, 0x00, 0x00, 0x00, 0x00, 0x00, 0x00, 0x00, 0x00, 0x00, 0x00, 0x00, 0x00, 0x00, 0x00,
    0x00, 0x00, 0x00, 0x00, 0x00, 0x00, 0x00, 0x00, 0x00, 0x00, 0x00, 0x00, 0x00, 0x00, 0x00, 0x00,
    0x00, 0x00, 0x00, 0x00, 0x00, 0x00, 0x00, 0x00, 0x43, 0xe5, 0xc1, 0xf5, 0x01, 0xf6, 0x41, 0xf6,
    0x60, 0xfe, 0x80, 0xfe, 0x80, 0xfe, 0xa0, 0xfe, 0xa0, 0xfe, 0xa0, 0xfe, 0xa0, 0xfe, 0xa0, 0xfe,
    0x80, 0xfe, 0x60, 0xfe, 0x41, 0xf6, 0xe0, 0xfd, 0x00, 0x00, 0x00, 0x00, 0x00, 0x00, 0x00, 0x00,
    0x00, 0x00, 0x00, 0x00, 0x00, 0x00, 0x00, 0x00, 0x00, 0x00, 0x00, 0x00, 0x00, 0x00, 0x00, 0x00,
    0x00, 0x00, 0x00, 0x00, 0x00, 0x00, 0x00, 0x00, 0x00, 0x00, 0x00, 0x00, 0x00, 0x00, 0x00, 0x00,
    0x00, 0x00, 0x00, 0x00, 0x00, 0x00, 0xa2, 0xed, 0x01, 0xf6, 0x41, 0xf6, 0x60, 0xfe, 0x60, 0xfe,
    0x80, 0xfe, 0x80, 0xfe, 0x80, 0xfe, 0x80, 0xfe, 0x80, 0xfe, 0x80, 0xfe, 0xa0, 0xfe, 0xa0, 0xfe,
    0xa0, 0xfe, 0xa0, 0xfe, 0xa0, 0xfe, 0x80, 0xfe, 0xa0, 0xf6, 0x00, 0x00, 0x00, 0x00, 0x00, 0x00,
    0x00, 0x00, 0x00, 0x00, 0x00, 0x00, 0xc0, 0xfe, 0xa0, 0xfe, 0xe0, 0xfe, 0x00, 0x00, 0x00, 0x00,
    0x00, 0x00, 0x00, 0x00, 0x00, 0x00, 0x00, 0x00, 0x00, 0x00, 0x00, 0x00, 0x00, 0x00, 0x00, 0x00,
    0x00, 0x00, 0x00, 0x00, 0x41, 0xfe, 0x41, 0xf6, 0x41, 0xf6, 0x61, 0xf6, 0x61, 0xf6, 0x61, 0xf6,
    0x60, 0xfe, 0x60, 0xfe, 0x60, 0xfe, 0x80, 0xfe, 0x80, 0xfe, 0x80, 0xfe, 0x80, 0xfe, 0x80, 0xfe,
    0x80, 0xfe, 0xa0, 0xfe, 0xa0, 0xfe, 0xa0, 0xfe, 0xa0, 0xfe, 0xa0, 0xfe, 0x00, 0x00, 0x00, 0x00,
    0x00, 0x00, 0x40, 0xfd, 0x21, 0xf6, 0x61, 0xfe, 0x80, 0xfe, 0x80, 0xfe, 0x81, 0xf6, 0x00, 0x00,
    0x00, 0x00, 0x00, 0x00, 0x00, 0x00, 0x00, 0x00, 0x00, 0x00, 0x00, 0x00, 0x00, 0x00, 0x00, 0x00,
    0x00, 0x00, 0x41, 0xf6, 0x41, 0xf6, 0x41, 0xf6, 0x41, 0xf6, 0x41, 0xf6, 0x41, 0xf6, 0x41, 0xf6,
    0x61, 0xf6, 0x61, 0xf6, 0x61, 0xf6, 0x60, 0xfe, 0x60, 0xfe, 0x60, 0xfe, 0x80, 0xfe, 0x80, 0xfe,
    0x80, 0xfe, 0x80, 0xfe, 0x80, 0xfe, 0x80, 0xfe, 0xa0, 0xfe, 0xa0, 0xfe, 0xa0, 0xf6, 0x00, 0x00,
    0xc2, 0xf5, 0xe2, 0xf5, 0x02, 0xf6, 0x21, 0xf6, 0x21, 0xf6, 0x41, 0xf6, 0x41, 0xf6, 0x00, 0x00,
    0x00, 0x00, 0x60, 0xfe, 0xc0, 0xfe, 0xe0, 0xff, 0x00, 0x00, 0x00, 0x00, 0x00, 0x00, 0x00, 0x00,
    0xa0, 0xfe, 0x21, 0xf6, 0x21, 0xf6, 0x21, 0xf6, 0x21, 0xf6, 0x21, 0xf6, 0x41, 0xf6, 0x41, 0xf6,
    0x41, 0xf6, 0x41, 0xf6, 0x41, 0xf6, 0x61, 0xf6, 0x61, 0xf6, 0x61, 0xf6, 0x61, 0xfe, 0x60, 0xfe,
    0x60, 0xfe, 0x60, 0xfe, 0x80, 0xfe, 0x80, 0xfe, 0x80, 0xfe, 0x80, 0xfe, 0x80, 0xfe, 0xe0, 0xfe,
    0x83, 0xed, 0xa3, 0xed, 0xa2, 0xed, 0xc2, 0xf5, 0xe2, 0xf5, 0x01, 0xf6, 0x60, 0xfe, 0x00, 0x00,
    0x01, 0xf6, 0x41, 0xf6, 0x60, 0xfe, 0x80, 0xfe, 0xa0, 0xfe, 0xc0, 0xfe, 0x00, 0x00, 0x00, 0x00,
    0x01, 0xf6, 0x01, 0xf6, 0x21, 0xf6, 0x21, 0xf6, 0x21, 0xf6, 0x21, 0xf6, 0x21, 0xf6, 0x21, 0xf6,
    0x21, 0xf6, 0x41, 0xf6, 0x41, 0xf6, 0x41, 0xf6, 0x41, 0xf6, 0x41, 0xf6, 0x41, 0xf6, 0x61, 0xf6,
    0x61, 0xf6, 0x61, 0xfe, 0x60, 0xfe, 0x60, 0xfe, 0x60, 0xfe, 0x80, 0xfe, 0x80, 0xfe, 0x80, 0xfe,
    0x44, 0xed, 0x43, 0xed, 0x63, 0xed, 0x83, 0xed, 0xa2, 0xed, 0xe0, 0xff, 0x00, 0x00, 0x00, 0x00,
    0xa3, 0xed, 0xc2, 0xf5, 0xe2, 0xf5, 0x21, 0xf6, 0x41, 0xf6, 0x60, 0xfe, 0x80, 0xfe, 0xe4, 0xfd,
    0x02, 0xf6, 0x02, 0xf6, 0x01, 0xf6, 0x01, 0xf6, 0x01, 0xf6, 0x01, 0xf6, 0x21, 0xf6, 0x21, 0xf6,
    0x21, 0xf6, 0x21, 0xf6, 0x21, 0xf6, 0x21, 0xf6, 0x41, 0xf6, 0x41, 0xf6, 0x41, 0xf6, 0x41, 0xf6,
    0x41, 0xf6, 0x41, 0xf6, 0x61, 0xf6, 0x61, 0xf6, 0x61, 0xfe, 0x60, 0xfe, 0x60, 0xfe, 0x60, 0xfe,
    0x80, 0xfe, 0x24, 0xed, 0x44, 0xe5, 0x00, 0x00, 0x00, 0x00, 0x00, 0x00, 0x00, 0x00, 0x00, 0x00,
    0x63, 0xed, 0x43, 0xed, 0x63, 0xed, 0x83, 0xed, 0xc2, 0xed, 0xe2, 0xf5, 0x01, 0xf6, 0xe2, 0xf5,
    0xe2, 0xf5, 0xe2, 0xf5, 0xe2, 0xf5, 0x02, 0xf6, 0x02, 0xf6, 0x01, 0xf6, 0x01, 0xf6, 0x01, 0xf6,
    0x01, 0xf6, 0x21, 0xf6, 0x21, 0xf6, 0x21, 0xf6, 0x21, 0xf6, 0x21, 0xf6, 0x21, 0xf6, 0x41, 0xf6,
    0x41, 0xf6, 0x41, 0xf6, 0x41, 0xf6, 0x41, 0xf6, 0x41, 0xf6, 0x61, 0xf6, 0x61, 0xf6, 0x61, 0xf6,
    0x60, 0xfe, 0x00, 0x00, 0x00, 0x00, 0x00, 0x00, 0x00, 0x00, 0x00, 0x00, 0x00, 0x00, 0x00, 0x00,
    0x00, 0x00, 0xc6, 0xfc, 0x24, 0xe5, 0x44, 0xed, 0x44, 0xed, 0x63, 0xed, 0xa2, 0xed, 0xc2, 0xed,
    0xe2, 0xed, 0xe2, 0xf5, 0xe2, 0xf5, 0xe2, 0xf5, 0xe2, 0xf5, 0xe2, 0xf5, 0x02, 0xf6, 0x02, 0xf6,
    0x02, 0xf6, 0x01, 0xf6, 0x01, 0xf6, 0x01, 0xf6, 0x21, 0xf6, 0x21, 0xf6, 0x21, 0xf6, 0x21, 0xf6,
    0x21, 0xf6, 0x21, 0xf6, 0x41, 0xf6, 0x41, 0xf6, 0x41, 0xf6, 0x41, 0xf6, 0x41, 0xf6, 0x41, 0xf6,
    0x41, 0xf6, 0x00, 0x00, 0x00, 0x00, 0x00, 0x00, 0x00, 0x00, 0x00, 0x00, 0x00, 0x00, 0x00, 0x00,
    0x00, 0x00, 0x00, 0x00, 0x00, 0x00, 0x00, 0x00, 0xe0, 0xff, 0xe0, 0xff, 0xa4, 0xfd, 0xc2, 0xed,
    0xc2, 0xed, 0xc2, 0xed, 0xc2, 0xed, 0xe2, 0xed, 0xe2, 0xf5, 0xe2, 0xf5, 0xe2, 0xf5, 0xe2, 0xf5,
    0xe2, 0xf5, 0x02, 0xf6, 0x02, 0xf6, 0x02, 0xf6, 0x01, 0xf6, 0x01, 0xf6, 0x01, 0xf6, 0x21, 0xf6,
    0x21, 0xf6, 0x21, 0xf6, 0x21, 0xf6, 0x21, 0xf6, 0x21, 0xf6, 0x21, 0xf6, 0x41, 0xf6, 0x41, 0xf6,
    0x41, 0xf6, 0x80, 0xfe, 0x00, 0x00, 0x00, 0x00, 0x00, 0x00, 0x00, 0x00, 0x00, 0x00, 0x00, 0x00,
    0x00, 0x00, 0x00, 0x00, 0x00, 0x00, 0x00, 0x00, 0x00, 0x00, 0x00, 0x00, 0xa2, 0xed, 0xa2, 0xed,
    0xc2, 0xed, 0xc2, 0xed, 0xc2, 0xed, 0xc2, 0xed, 0xc2, 0xed, 0xc2, 0xed, 0xe2, 0xed, 0xe2, 0xf5,
    0xe2, 0xf5, 0xe2, 0xf5, 0xe2, 0xf5, 0xe2, 0xf5, 0x02, 0xf6, 0x02, 0xf6, 0x02, 0xf6, 0x01, 0xf6,
    0x01, 0xf6, 0x01, 0xf6, 0x01, 0xf6, 0x21, 0xf6, 0x21, 0xf6, 0x21, 0xf6, 0x21, 0xf6, 0x21, 0xf6,
    0x21, 0xf6, 0x21, 0xf6, 0x00, 0x00, 0x00, 0x00, 0x00, 0x00, 0x00, 0x00, 0x00, 0x00, 0x00, 0x00,
    0x00, 0x00, 0x00, 0x00, 0x00, 0x00, 0x00, 0x00, 0x00, 0x00, 0x00, 0x00, 0xa3, 0xed, 0xa2, 0xed,
    0xa2, 0xed, 0xa2, 0xed, 0xa2, 0xed, 0xa2, 0xed, 0xc2, 0xed, 0xc2, 0xed, 0xc2, 0xed, 0xc2, 0xed,
    0xc2, 0xed, 0xc2, 0xed, 0xe2, 0xf5, 0xe2, 0xf5, 0xe2, 0xf5, 0xe2, 0xf5, 0xe2, 0xf5, 0x02, 0xf6,
    0x02, 0xf6, 0x02, 0xf6, 0x01, 0xf6, 0x01, 0xf6, 0x01, 0xf6, 0x01, 0xf6, 0x21, 0xf6, 0x21, 0xf6,
    0x21, 0xf6, 0x21, 0xf6, 0x00, 0x00, 0x00, 0x00, 0x00, 0x00, 0x00, 0x00, 0x00, 0x00, 0x00, 0x00,
    0x00, 0x00, 0x00, 0x00, 0x00, 0x00, 0x00, 0x00, 0x00, 0x00, 0x00, 0x00, 0xa3, 0xed, 0x83, 0xed,
    0x83, 0xed, 0xa3, 0xed, 0xa3, 0xed, 0xa2, 0xed, 0xa2, 0xed, 0xa2, 0xed, 0xa2, 0xed, 0xc2, 0xed,
    0xc2, 0xed, 0xc2, 0xed, 0xc2, 0xed, 0xc2, 0xed, 0xc2, 0xed, 0xe2, 0xed, 0xe2, 0xf5, 0xe2, 0xf5,
    0xe2, 0xf5, 0xe2, 0xf5, 0xe2, 0xf5, 0x02, 0xf6, 0x02, 0xf6, 0x01, 0xf6, 0x01, 0xf6, 0x01, 0xf6,
    0x01, 0xf6, 0x21, 0xf6, 0x00, 0x00, 0x00, 0x00, 0x00, 0x00, 0x00, 0x00, 0x00, 0x00, 0x00, 0x00,
    0x00, 0x00, 0x00, 0x00, 0x00, 0x00, 0x00, 0x00, 0x00, 0x00, 0x00, 0x00, 0x62, 0xed, 0x83, 0xed,
    0x83, 0xed, 0x83, 0xed, 0x83, 0xed, 0x83, 0xed, 0xa3, 0xed, 0xa2, 0xed, 0xa2, 0xed, 0xa2, 0xed,
    0xa2, 0xed, 0xa2, 0xed, 0xc2, 0xed, 0xc2, 0xed, 0xc2, 0xed, 0xc2, 0xed, 0xc2, 0xed, 0xc2, 0xed,
    0xe2, 0xed, 0xe2, 0xf5, 0xe2, 0xf5, 0xe2, 0xf5, 0xe2, 0xf5, 0xe2, 0xf5, 0x02, 0xf6, 0x02, 0xf6,
    0x01, 0xf6, 0x22, 0xf6, 0x00, 0x00, 0x00, 0x00, 0x00, 0x00, 0x00, 0x00, 0x00, 0x00, 0x00, 0x00,
    0x00, 0x00, 0x00, 0x00, 0x00, 0x00, 0x00, 0x00, 0x00, 0x00, 0x00, 0x00, 0xc6, 0xfc, 0x63, 0xed,
    0x63, 0xed, 0x83, 0xed, 0x83, 0xed, 0x83, 0xed, 0x83, 0xed, 0x83, 0xed, 0x83, 0xed, 0xa3, 0xed,
    0xa3, 0xed, 0xa2, 0xed, 0xa2, 0xed, 0xa2, 0xed, 0xa2, 0xed, 0xc2, 0xed, 0xc2, 0xed, 0xc2, 0xed,
    0xc2, 0xed, 0xc2, 0xed, 0xc2, 0xed, 0xe2, 0xed, 0xe2, 0xf5, 0xe2, 0xf5, 0xe2, 0xf5, 0xe2, 0xf5,
    0x02, 0xf6, 0xe4, 0xfd, 0xe0, 0xff, 0xe0, 0xff, 0x00, 0x00, 0x00, 0x00, 0x00, 0x00, 0x00, 0x00,
    0x00, 0x00, 0x00, 0x00, 0x00, 0x00, 0x00, 0x00, 0x00, 0x00, 0x00, 0x00, 0x00, 0x00, 0x63, 0xed,
    0x63, 0xed, 0x63, 0xed, 0x63, 0xed, 0x63, 0xed, 0x83, 0xed, 0x83, 0xed, 0x83, 0xed, 0x83, 0xed,
    0x83, 0xed, 0x83, 0xed, 0xa3, 0xed, 0xa3, 0xed, 0xa2, 0xed, 0xa2, 0xed, 0xa2, 0xed, 0xa2, 0xed,
    0xc2, 0xed, 0xc2, 0xed, 0xc2, 0xed, 0xc2, 0xed, 0xc2, 0xed, 0xc2, 0xed, 0xe2, 0xed, 0xe2, 0xf5,
    0xe2, 0xf5, 0x21, 0xf6, 0x61, 0xf6, 0x80, 0xfe, 0xa0, 0xfe, 0xa0, 0xfe, 0x60, 0xfe, 0x00, 0x00,
    0x00, 0x00, 0x00, 0x00, 0x00, 0x00, 0x00, 0x00, 0x00, 0x00, 0x00, 0x00, 0x00, 0x00, 0x43, 0xe5,
    0x43, 0xed, 0x63, 0xed, 0x63, 0xed, 0x63, 0xed, 0x63, 0xed, 0x63, 0xed, 0x63, 0xed, 0x83, 0xed,
    0x83, 0xed, 0x83, 0xed, 0x83, 0xed, 0x83, 0xed, 0x83, 0xed, 0xa3, 0xed, 0xa3, 0xed, 0xa2, 0xed,
    0xa2, 0xed, 0xa2, 0xed, 0xa2, 0xed, 0xc2, 0xed, 0xc2, 0xed, 0xc2, 0xed, 0xc2, 0xed, 0xc2, 0xed,
    0xe2, 0xf5, 0xe2, 0xf5, 0xe2, 0xf5, 0x21, 0xf6, 0x41, 0xf6, 0x60, 0xfe, 0x80, 0xfe, 0x80, 0xfe,
    0x00, 0x00, 0x00, 0x00, 0x00, 0x00, 0x00, 0x00, 0x00, 0x00, 0x80, 0xfe, 0xa0, 0xfe, 0x45, 0xd5,
    0x44, 0xe5, 0x43, 0xe5, 0x43, 0xe5, 0x43, 0xe5, 0x63, 0xed, 0x63, 0xed, 0x63, 0xed, 0x63, 0xed,
    0x63, 0xed, 0x63, 0xed, 0x63, 0xed, 0x83, 0xed, 0x83, 0xed, 0x83, 0xed, 0x83, 0xed, 0x83, 0xed,
    0x83, 0xed, 0xa3, 0xed, 0xa3, 0xed, 0xa2, 0xed, 0xa2, 0xed, 0xa2, 0xed, 0xa2, 0xed, 0xc2, 0xed,
    0xe4, 0xdd, 0x63, 0xed, 0x63, 0xed, 0x83, 0xed, 0xc2, 0xed, 0xe2, 0xf5, 0x01, 0xf6, 0x21, 0xf6,
    0x00, 0x00, 0x00, 0x00, 0xe0, 0xff, 0x21, 0xf6, 0x41, 0xf6, 0x60, 0xfe, 0x80, 0xfe, 0xa0, 0xfe,
    0x44, 0xe5, 0x24, 0xe5, 0x43, 0xe5, 0x43, 0xe5, 0x43, 0xe5, 0x43, 0xe5, 0x43, 0xed, 0x43, 0xed,
    0x63, 0xed, 0x63, 0xed, 0x63, 0xed, 0x63, 0xed, 0x63, 0xed, 0x63, 0xed, 0x83, 0xed, 0x83, 0xed,
    0x83, 0xed, 0x83, 0xed, 0x83, 0xed, 0x83, 0xed, 0xa3, 0xed, 0xa2, 0xed, 0xa2, 0xed, 0xa2, 0xed,
    0x00, 0x00, 0x00, 0x00, 0x24, 0xe5, 0x44, 0xe5, 0x43, 0xed, 0x63, 0xed, 0x83, 0xed, 0xe2, 0xf5,
    0x00, 0x00, 0x45, 0xfd, 0xe2, 0xf5, 0xe2, 0xf5, 0x02, 0xf6, 0x21, 0xf6, 0x41, 0xf6, 0x41, 0xf6,
    0x40, 0xfd, 0x24, 0xe5, 0x24, 0xe5, 0x24, 0xe5, 0x24, 0xe5, 0x43, 0xe5, 0x43, 0xe5, 0x43, 0xe5,
    0x43, 0xe5, 0x43, 0xe5, 0x43, 0xed, 0x63, 0xed, 0x63, 0xed, 0x63, 0xed, 0x63, 0xed, 0x63, 0xed,
    0x63, 0xed, 0x83, 0xed, 0x83, 0xed, 0x83, 0xed, 0x83, 0xed, 0x83, 0xed, 0x83, 0xed, 0xe0, 0xfd,
    0x00, 0x00, 0x00, 0x00, 0x00, 0x00, 0x00, 0x00, 0x00, 0xfc, 0x04, 0xe5, 0x44, 0xe5, 0x00, 0x00,
    0x00, 0x00, 0x63, 0xed, 0x83, 0xed, 0xa2, 0xed, 0xc2, 0xf5, 0xe2, 0xf5, 0x02, 0xf6, 0x01, 0xf6,
    0x00, 0x00, 0x24, 0xe5, 0x24, 0xe5, 0x24, 0xe5, 0x24, 0xe5, 0x24, 0xe5, 0x24, 0xe5, 0x24, 0xe5,
    0x44, 0xe5, 0x43, 0xe5, 0x43, 0xe5, 0x43, 0xe5, 0x43, 0xe5, 0x43, 0xed, 0x63, 0xed, 0x63, 0xed,
    0x63, 0xed, 0x63, 0xed, 0x63, 0xed, 0x63, 0xed, 0x83, 0xed, 0x83, 0xed, 0x82, 0xed, 0x00, 0x00,
    0x00, 0x00, 0x00, 0x00, 0x00, 0x00, 0x00, 0x00, 0x00, 0x00, 0x00, 0x00, 0x00, 0x00, 0x00, 0x00,
    0x00, 0x00, 0x24, 0xe5, 0x43, 0xed, 0x63, 0xed, 0x83, 0xed, 0xa3, 0xed, 0x40, 0xfd, 0x00, 0x00,
    0x00, 0x00, 0x00, 0x00, 0x24, 0xe5, 0x04, 0xe5, 0x04, 0xe5, 0x24, 0xe5, 0x24, 0xe5, 0x24, 0xe5,
    0x24, 0xe5, 0x24, 0xe5, 0x24, 0xe5, 0x44, 0xe5, 0x43, 0xe5, 0x43, 0xe5, 0x43, 0xe5, 0x43, 0xe5,
    0x43, 0xed, 0x63, 0xed, 0x63, 0xed, 0x63, 0xed, 0x43, 0xe5, 0x83, 0xed, 0x00, 0x00, 0x00, 0x00,
    0x00, 0x00, 0x00, 0x00, 0x00, 0x00, 0x00, 0x00, 0x00, 0x00, 0x00, 0x00, 0x00, 0x00, 0x00, 0x00,
    0x00, 0x00, 0x00, 0x00, 0x24, 0xed, 0x24, 0xe5, 0x45, 0xd5, 0x00, 0x00, 0x00, 0x00, 0x00, 0x00,
    0x00, 0x00, 0x00, 0x00, 0x00, 0x00, 0x05, 0xe5, 0xc4, 0xe4, 0xe4, 0xe4, 0x04, 0xe5, 0x04, 0xe5,
    0x24, 0xe5, 0x24, 0xe5, 0x24, 0xe5, 0x24, 0xe5, 0x24, 0xe5, 0x24, 0xe5, 0x24, 0xe5, 0x43, 0xe5,
    0x43, 0xe5, 0x43, 0xe5, 0x04, 0xe5, 0xc4, 0xdc, 0xa4, 0xdc, 0x00, 0x00, 0x00, 0x00, 0x00, 0x00,
    0x00, 0x00, 0x00, 0x00, 0x00, 0x00, 0x00, 0x00, 0x00, 0x00, 0x00, 0x00, 0x00, 0x00, 0x00, 0x00,
    0x00, 0x00, 0x00, 0x00, 0x00, 0x00, 0x00, 0x00, 0x00, 0x00, 0x00, 0x00, 0x00, 0x00, 0x00, 0x00,
    0x00, 0x00, 0x00, 0x00, 0x00, 0x00, 0x00, 0x00, 0x40, 0xfd, 0x84, 0xdc, 0xa4, 0xdc, 0xc4, 0xdc,
    0xe4, 0xe4, 0xe4, 0xe4, 0x04, 0xe5, 0x04, 0xe5, 0x04, 0xe5, 0x04, 0xe5, 0x04, 0xe5, 0xe4, 0xe4,
    0xc4, 0xe4, 0xa4, 0xdc, 0xa4, 0xdc, 0x40, 0xfd, 0x00, 0x00, 0x00, 0x00, 0x00, 0x00, 0x00, 0x00,
    0x00, 0x00, 0x00, 0x00, 0x00, 0x00, 0x00, 0x00, 0x00, 0x00, 0x00, 0x00, 0x00, 0x00, 0x00, 0x00,
    0x00, 0x00, 0x00, 0x00, 0x00, 0x00, 0x00, 0x00, 0x00, 0x00, 0x00, 0x00, 0x00, 0x00, 0x00, 0x00,
    0x00, 0x00, 0x00, 0x00, 0x00, 0x00, 0x00, 0x00, 0x00, 0x00, 0x00, 0x00, 0xc6, 0xcc, 0x65, 0xdc,
    0x84, 0xdc, 0x84, 0xdc, 0x84, 0xdc, 0x84, 0xdc, 0x84, 0xdc, 0x84, 0xdc, 0xa4, 0xdc, 0xa4, 0xdc,
    0xa4, 0xdc, 0x45, 0xd5, 0x80, 0xfe, 0xa0, 0xfe, 0xc0, 0xfe, 0x00, 0x00, 0x00, 0x00, 0x00, 0x00,
    0x00, 0x00, 0x00, 0x00, 0x00, 0x00, 0x00, 0x00, 0x00, 0x00, 0x00, 0x00, 0x00, 0x00, 0x00, 0x00,
    0x00, 0x00, 0x00, 0x00, 0x00, 0x00, 0x00, 0x00, 0x00, 0x00, 0x00, 0x00, 0x00, 0x00, 0x00, 0x00,
    0x00, 0x00, 0x00, 0x00, 0x00, 0x00, 0x00, 0x00, 0x00, 0x00, 0x00, 0x00, 0xa0, 0xfe, 0xa0, 0xfe,
    0xa0, 0xfe, 0x08, 0xbc, 0xa5, 0xd4, 0x84, 0xdc, 0x84, 0xdc, 0xa5, 0xe4, 0x40, 0xfd, 0x00, 0x00,
    0x00, 0x00, 0x21, 0xf6, 0x41, 0xf6, 0x61, 0xfe, 0x80, 0xfe, 0x40, 0xfd, 0x00, 0x00, 0x00, 0x00,
    0x00, 0x00, 0x00, 0x00, 0x00, 0x00, 0x00, 0x00, 0x00, 0x00, 0x00, 0x00, 0x00, 0x00, 0x00, 0x00,
    0x00, 0x00, 0x00, 0x00, 0x00, 0x00, 0x00, 0x00, 0x00, 0x00, 0x00, 0x00, 0x00, 0x00, 0x00, 0x00,
    0x00, 0x00, 0x00, 0x00, 0x00, 0x00, 0x00, 0x00, 0x00, 0x00, 0x61, 0xfe, 0x61, 0xfe, 0x80, 0xfe,
    0x80, 0xfe, 0xe0, 0xff, 0x00, 0x00, 0x00, 0x00, 0x00, 0x00, 0x00, 0x00, 0x00, 0x00, 0x00, 0x00,
    0x00, 0x00, 0xe2, 0xf5, 0x02, 0xf6, 0x21, 0xf6, 0x21, 0xf6, 0x41, 0xf6, 0x00, 0x00, 0x00, 0x00,
    0x00, 0x00, 0x00, 0x00, 0x00, 0x00, 0x00, 0x00, 0x00, 0x00, 0x00, 0x00, 0x00, 0x00, 0x00, 0x00,
    0x00, 0x00, 0x00, 0x00, 0x00, 0x00, 0x00, 0x00, 0x00, 0x00, 0x00, 0x00, 0x00, 0x00, 0x00, 0x00,
    0x00, 0x00, 0x00, 0x00, 0x00, 0x00, 0x00, 0x00, 0x00, 0x00, 0x22, 0xf6, 0x21, 0xf6, 0x41, 0xf6,
    0x41, 0xf6, 0xe0, 0xff, 0x00, 0x00, 0x00, 0x00, 0x00, 0x00, 0x00, 0x00, 0x00, 0x00, 0x00, 0x00,
    0x00, 0x00, 0x00, 0x00, 0xc2, 0xed, 0xc2, 0xf5, 0xe2, 0xf5, 0x02, 0xf6, 0x40, 0xfd, 0x00, 0x00,
    0x00, 0x00, 0x00, 0x00, 0x00, 0x00, 0x00, 0x00, 0x00, 0x00, 0x00, 0x00, 0x00, 0x00, 0x00, 0x00,
    0x00, 0x00, 0x00, 0x00, 0x00, 0x00, 0x00, 0x00, 0x00, 0x00, 0x00, 0x00, 0x00, 0x00, 0x00, 0x00,
    0x00, 0x00, 0x00, 0x00, 0x00, 0x00, 0x00, 0x00, 0x00, 0xfc, 0xc2, 0xf5, 0xe2, 0xf5, 0x02, 0xf6,
    0x01, 0xf6, 0x00, 0x00, 0x00, 0x00, 0x00, 0x00, 0x00, 0x00, 0x00, 0x00, 0x00, 0x00, 0x00, 0x00,
    0x00, 0x00, 0x00, 0x00, 0xa3, 0xed, 0x83, 0xed, 0xa3, 0xed, 0xa2, 0xed, 0xc2, 0xed, 0x00, 0x00,
    0x00, 0x00, 0x00, 0x00, 0x00, 0x00, 0x00, 0x00, 0x00, 0x00, 0x00, 0x00, 0x00, 0x00, 0x00, 0x00,
    0x00, 0x00, 0x00, 0x00, 0x00, 0x00, 0x00, 0x00, 0x00, 0x00, 0x00, 0x00, 0x00, 0x00, 0x00, 0x00,
    0x00, 0x00, 0x00, 0x00, 0x00, 0x00, 0x00, 0x00, 0x83, 0xed, 0x83, 0xed, 0xa3, 0xed, 0xa2, 0xed,
    0xc2, 0xf5, 0x00, 0x00, 0x00, 0x00, 0x00, 0x00, 0x00, 0x00, 0x00, 0x00, 0x00, 0x00, 0x00, 0x00,
    0x00, 0x00, 0x00, 0x00, 0xe0, 0xff, 0x43, 0xed, 0x43, 0xed, 0x63, 0xed, 0xa3, 0xf5, 0x00, 0x00,
    0x00, 0x00, 0x00, 0x00, 0x00, 0x00, 0x00, 0x00, 0x00, 0x00, 0x00, 0x00, 0x00, 0x00, 0x00, 0x00,
    0x00, 0x00, 0x00, 0x00, 0x00, 0x00, 0x00, 0x00, 0x00, 0x00, 0x00, 0x00, 0x00, 0x00, 0x00, 0x00,
    0x00, 0x00, 0x00, 0x00, 0x00, 0x00, 0x00, 0x00, 0x44, 0xe5, 0x43, 0xed, 0x63, 0xed, 0x63, 0xed,
    0x66, 0xfe, 0x00, 0x00, 0x00, 0x00, 0x00, 0x00, 0x00, 0x00, 0x00, 0x00, 0x00, 0x00, 0x00, 0x00,
    0x00, 0x00, 0x00, 0x00, 0x00, 0x00, 0x45, 0xd5, 0x24, 0xe5, 0x24, 0xe5, 0x00, 0x00, 0x00, 0x00,
    0x00, 0x00, 0x00, 0x00, 0x00, 0x00, 0x00, 0x00, 0x00, 0x00, 0x00, 0x00, 0x00, 0x00, 0x00, 0x00,
    0x00, 0x00, 0x00, 0x00, 0x00, 0x00, 0x00, 0x00, 0x00, 0x00, 0x00, 0x00, 0x00, 0x00, 0x00, 0x00,
    0x00, 0x00, 0x00, 0x00, 0x00, 0x00, 0x00, 0x00, 0x00, 0x00, 0x24, 0xed, 0x24, 0xed, 0x43, 0xed,
    0x00, 0x00, 0x00, 0x00, 0x00, 0x00, 0x00, 0x00, 0x00, 0x00, 0x00, 0x00, 0x00, 0x00, 0x00, 0x00,
    0x00, 0x00, 0x00, 0x00, 0x00, 0x00, 0x00, 0x00, 0x00, 0x00, 0x00, 0x00, 0x00, 0x00, 0x00, 0x00,
    0x00, 0x00, 0x00, 0x00, 0x00, 0x00, 0x00, 0x00, 0x00, 0x00, 0x00, 0x00, 0x00, 0x00, 0x00, 0x00,
    /* Alpha channel data (1600 bytes) */
    0x00, 0x00, 0x00, 0x00, 0x00, 0x00, 0x00, 0x00, 0x00, 0x00, 0x00, 0x00, 0x00, 0x00, 0x00, 0x00,
    0x00, 0x00, 0x00, 0x00, 0x00, 0x00, 0x00, 0x00, 0x22, 0x8d, 0x42, 0x00, 0x00, 0x00, 0x00, 0x00,
    0x00, 0x00, 0x00, 0x00, 0x00, 0x00, 0x00, 0x00, 0x00, 0x00, 0x00, 0x00, 0x00, 0x00, 0x00, 0x00,
    0x00, 0x00, 0x1c, 0x35, 0x05, 0x00, 0x00, 0x00, 0x00, 0x00, 0x00, 0x00, 0x00, 0x00, 0x00, 0x05,
    0xd8, 0xff, 0xed, 0x15, 0x00, 0x00, 0x00, 0x00, 0x00, 0x00, 0x00, 0x00, 0x00, 0x00, 0x00, 0x00,
    0x00, 0x00, 0x00, 0x00, 0x00, 0x00, 0x00, 0x00, 0x00, 0x1b, 0xef, 0xfe, 0x91, 0x01, 0x00, 0x00,
    0x00, 0x00, 0x00, 0x00, 0x00, 0x00, 0x00, 0x3d, 0xff, 0xff, 0xf4, 0x1a, 0x00, 0x00, 0x00, 0x00,
    0x00, 0x00, 0x00, 0x00, 0x00, 0x00, 0x00, 0x00, 0x00, 0x00, 0x00, 0x00, 0x00, 0x00, 0x00, 0x00,
    0x00, 0x40, 0xff, 0xff, 0xf7, 0x30, 0x00, 0x00, 0x00, 0x00, 0x00, 0x00, 0x00, 0x00, 0x00, 0x85,
    0xff, 0xff, 0xc8, 0x02, 0x00, 0x00, 0x00, 0x00, 0x00, 0x00, 0x00, 0x00, 0x00, 0x00, 0x00, 0x00,
    0x00, 0x00, 0x00, 0x00, 0x00, 0x00, 0x00, 0x00, 0x00, 0x07, 0xe7, 0xff, 0xff, 0x9f, 0x00, 0x00,
    0x00, 0x00, 0x00, 0x00, 0x00, 0x00, 0x01, 0xca, 0xff, 0xff, 0x82, 0x00, 0x00, 0x00, 0x00, 0x00,
    0x00, 0x00, 0x00, 0x00, 0x00, 0x00, 0x00, 0x00, 0x00, 0x00, 0x00, 0x00, 0x00, 0x00, 0x00, 0x00,
    0x00, 0x00, 0x69, 0xff, 0xff, 0xfb, 0x27, 0x00, 0x00, 0x00, 0x00, 0x00, 0x00, 0x00, 0x01, 0xca,
    0xff, 0xff, 0x34, 0x00, 0x00, 0x00, 0x00, 0x00, 0x00, 0x00, 0x00, 0x00, 0x00, 0x00, 0x00, 0x00,
    0x00, 0x00, 0x00, 0x00, 0x00, 0x00, 0x00, 0x00, 0x00, 0x00, 0x03, 0xcf, 0xff, 0xfd, 0x38, 0x00,
    0x01, 0x0f, 0x21, 0x2e, 0x2f, 0x23, 0x0f, 0x32, 0x95, 0x5c, 0x00, 0x00, 0x00, 0x00, 0x00, 0x00,
    0x00, 0x00, 0x00, 0x00, 0x00, 0x00, 0x00, 0x00, 0x00, 0x00, 0x00, 0x00, 0x00, 0x00, 0x00, 0x00,
    0x00, 0x00, 0x00, 0x2a, 0xa4, 0x66, 0x0d, 0x69, 0xbf, 0xe9, 0xfa, 0xff, 0xff, 0xfa, 0xea, 0xc2,
    0x6d, 0x0e, 0x00, 0x00, 0x00, 0x00, 0x00, 0x00, 0x00, 0x00, 0x00, 0x00, 0x00, 0x00, 0x00, 0x00,
    0x00, 0x00, 0x00, 0x00, 0x00, 0x00, 0x00, 0x00, 0x00, 0x00, 0x00, 0x00, 0x09, 0x78, 0xe2, 0xff,
    0xff, 0xff, 0xff, 0xff, 0xff, 0xff, 0xff, 0xff, 0xff, 0xe3, 0x78, 0x08, 0x00, 0x00, 0x00, 0x00,
    0x00, 0x00, 0x00, 0x00, 0x00, 0x00, 0x00, 0x00, 0x00, 0x00, 0x00, 0x00, 0x00, 0x00, 0x00, 0x00,
    0x00, 0x00, 0x00, 0x20, 0xce, 0xff, 0xff, 0xff, 0xff, 0xff, 0xff, 0xff, 0xff, 0xff, 0xff, 0xff,
    0xff, 0xff, 0xff, 0xc5, 0x20, 0x00, 0x00, 0x00, 0x00, 0x00, 0x00, 0x07, 0x40, 0x16, 0x00, 0x00,
    0x00, 0x00, 0x00, 0x00, 0x00, 0x00, 0x00, 0x00, 0x00, 0x00, 0x2f, 0xe4, 0xff, 0xff, 0xff, 0xff,
    0xff, 0xff, 0xff, 0xff, 0xff, 0xff, 0xff, 0xff, 0xff, 0xff, 0xff, 0xff, 0xe7, 0x33, 0x00, 0x00,
    0x00, 0x03, 0x69, 0xe7, 0xff, 0xee, 0x1c, 0x00, 0x00, 0x00, 0x00, 0x00, 0x00, 0x00, 0x00, 0x00,
    0x00, 0x1c, 0xe3, 0xff, 0xff, 0xff, 0xff, 0xff, 0xff, 0xff, 0xff, 0xff, 0xff, 0xff, 0xff, 0xff,
    0xff, 0xff, 0xff, 0xff, 0xff, 0xe6, 0x20, 0x00, 0x34, 0xcf, 0xff, 0xff, 0xff, 0xfe, 0x35, 0x00,
    0x00, 0x15, 0x1a, 0x02, 0x00, 0x00, 0x00, 0x00, 0x06, 0xc6, 0xff, 0xff, 0xff, 0xff, 0xff, 0xff,
    0xff, 0xff, 0xff, 0xff, 0xff, 0xff, 0xff, 0xff, 0xff, 0xff, 0xff, 0xff, 0xff, 0xff, 0xcd, 0x08,
    0xb6, 0xff, 0xff, 0xff, 0xf7, 0x87, 0x05, 0x00, 0x42, 0xed, 0xf4, 0xc8, 0x82, 0x34, 0x00, 0x00,
    0x6c, 0xff, 0xff, 0xff, 0xff, 0xff, 0xff, 0xff, 0xff, 0xff, 0xff, 0xff, 0xff, 0xff, 0xff, 0xff,
    0xff, 0xff, 0xff, 0xff, 0xff, 0xff, 0xff, 0x73, 0x78, 0xfd, 0xfb, 0x9f, 0x30, 0x01, 0x00, 0x00,
    0x8d, 0xff, 0xff, 0xff, 0xff, 0xff, 0x5c, 0x08, 0xda, 0xff, 0xff, 0xff, 0xff, 0xff, 0xff, 0xff,
    0xff, 0xff, 0xff, 0xff, 0xff, 0xff, 0xff, 0xff, 0xff, 0xff, 0xff, 0xff, 0xff, 0xff, 0xff, 0xdf,
    0x0b, 0x38, 0x27, 0x00, 0x00, 0x00, 0x00, 0x00, 0x22, 0xd8, 0xff, 0xff, 0xff, 0xff, 0x95, 0x55,
    0xff, 0xff, 0xff, 0xff, 0xff, 0xff, 0xff, 0xff, 0xff, 0xff, 0xff, 0xff, 0xff, 0xff, 0xff, 0xff,
    0xff, 0xff, 0xff, 0xff, 0xff, 0xff, 0xff, 0xff, 0x4c, 0x00, 0x00, 0x00, 0x00, 0x00, 0x00, 0x00,
    0x00, 0x05, 0x3d, 0x85, 0xca, 0xca, 0x31, 0xb1, 0xff, 0xff, 0xff, 0xff, 0xff, 0xff, 0xff, 0xff,
    0xff, 0xff, 0xff, 0xff, 0xff, 0xff, 0xff, 0xff, 0xff, 0xff, 0xff, 0xff, 0xff, 0xff, 0xff, 0xff,
    0xa7, 0x00, 0x00, 0x00, 0x00, 0x00, 0x00, 0x00, 0x00, 0x00, 0x00, 0x00, 0x01, 0x01, 0x07, 0xe1,
    0xff, 0xff, 0xff, 0xff, 0xff, 0xff, 0xff, 0xff, 0xff, 0xff, 0xff, 0xff, 0xff, 0xff, 0xff, 0xff,
    0xff, 0xff, 0xff, 0xff, 0xff, 0xff, 0xff, 0xff, 0xe4, 0x0b, 0x00, 0x00, 0x00, 0x00, 0x00, 0x00,
    0x00, 0x00, 0x00, 0x00, 0x00, 0x00, 0x18, 0xf2, 0xff, 0xff, 0xff, 0xff, 0xff, 0xff, 0xff, 0xff,
    0xff, 0xff, 0xff, 0xff, 0xff, 0xff, 0xff, 0xff, 0xff, 0xff, 0xff, 0xff, 0xff, 0xff, 0xff, 0xff,
    0xf6, 0x1b, 0x00, 0x00, 0x00, 0x00, 0x00, 0x00, 0x00, 0x00, 0x00, 0x00, 0x00, 0x00, 0x20, 0xfa,
    0xff, 0xff, 0xff, 0xff, 0xff, 0xff, 0xff, 0xff, 0xff, 0xff, 0xff, 0xff, 0xff, 0xff, 0xff, 0xff,
    0xff, 0xff, 0xff, 0xff, 0xff, 0xff, 0xff, 0xff, 0xfe, 0x23, 0x00, 0x00, 0x00, 0x00, 0x00, 0x00,
    0x00, 0x00, 0x00, 0x00, 0x00, 0x00, 0x1f, 0xfa, 0xff, 0xff, 0xff, 0xff, 0xff, 0xff, 0xff, 0xff,
    0xff, 0xff, 0xff, 0xff, 0xff, 0xff, 0xff, 0xff, 0xff, 0xff, 0xff, 0xff, 0xff, 0xff, 0xff, 0xff,
    0xfe, 0x23, 0x00, 0x00, 0x00, 0x00, 0x00, 0x00, 0x00, 0x00, 0x00, 0x00, 0x00, 0x00, 0x16, 0xf1,
    0xff, 0xff, 0xff, 0xff, 0xff, 0xff, 0xff, 0xff, 0xff, 0xff, 0xff, 0xff, 0xff, 0xff, 0xff, 0xff,
    0xff, 0xff, 0xff, 0xff, 0xff, 0xff, 0xff, 0xff, 0xf5, 0x1a, 0x00, 0x00, 0x00, 0x00, 0x00, 0x00,
    0x00, 0x00, 0x00, 0x00, 0x00, 0x00, 0x05, 0xdd, 0xff, 0xff, 0xff, 0xff, 0xff, 0xff, 0xff, 0xff,
    0xff, 0xff, 0xff, 0xff, 0xff, 0xff, 0xff, 0xff, 0xff, 0xff, 0xff, 0xff, 0xff, 0xff, 0xff, 0xff,
    0xe1, 0x08, 0x01, 0x01, 0x00, 0x00, 0x00, 0x00, 0x00, 0x00, 0x00, 0x00, 0x00, 0x00, 0x00, 0xaa,
    0xff, 0xff, 0xff, 0xff, 0xff, 0xff, 0xff, 0xff, 0xff, 0xff, 0xff, 0xff, 0xff, 0xff, 0xff, 0xff,
    0xff, 0xff, 0xff, 0xff, 0xff, 0xff, 0xff, 0xff, 0x9e, 0x30, 0xca, 0xca, 0x85, 0x3a, 0x05, 0x00,
    0x00, 0x00, 0x00, 0x00, 0x00, 0x00, 0x00, 0x4b, 0xfe, 0xff, 0xff, 0xff, 0xff, 0xff, 0xff, 0xff,
    0xff, 0xff, 0xff, 0xff, 0xff, 0xff, 0xff, 0xff, 0xff, 0xff, 0xff, 0xff, 0xff, 0xff, 0xff, 0xfe,
    0x44, 0x94, 0xff, 0xff, 0xff, 0xff, 0xda, 0x23, 0x00, 0x00, 0x00, 0x00, 0x00, 0x28, 0x37, 0x06,
    0xd2, 0xff, 0xff, 0xff, 0xff, 0xff, 0xff, 0xff, 0xff, 0xff, 0xff, 0xff, 0xff, 0xff, 0xff, 0xff,
    0xff, 0xff, 0xff, 0xff, 0xff, 0xff, 0xff, 0xd7, 0x08, 0x59, 0xff, 0xff, 0xff, 0xff, 0xff, 0x8e,
    0x00, 0x00, 0x01, 0x30, 0xa0, 0xfb, 0xfd, 0x64, 0x5f, 0xff, 0xff, 0xff, 0xff, 0xff, 0xff, 0xff,
    0xff, 0xff, 0xff, 0xff, 0xff, 0xff, 0xff, 0xff, 0xff, 0xff, 0xff, 0xff, 0xff, 0xff, 0xff, 0x67,
    0x00, 0x00, 0x33, 0x81, 0xc7, 0xf5, 0xee, 0x44, 0x00, 0x06, 0xa1, 0xf7, 0xff, 0xff, 0xff, 0xa1,
    0x03, 0xab, 0xff, 0xff, 0xff, 0xff, 0xff, 0xff, 0xff, 0xff, 0xff, 0xff, 0xff, 0xff, 0xff, 0xff,
    0xff, 0xff, 0xff, 0xff, 0xff, 0xff, 0xb2, 0x04, 0x00, 0x00, 0x00, 0x00, 0x02, 0x1b, 0x15, 0x00,
    0x00, 0x36, 0xfe, 0xff, 0xff, 0xff, 0xcf, 0x2a, 0x00, 0x14, 0xd8, 0xff, 0xff, 0xff, 0xff, 0xff,
    0xff, 0xff, 0xff, 0xff, 0xff, 0xff, 0xff, 0xff, 0xff, 0xff, 0xff, 0xff, 0xff, 0xdc, 0x17, 0x00,
    0x00, 0x00, 0x00, 0x00, 0x00, 0x00, 0x00, 0x00, 0x00, 0x1d, 0xef, 0xff, 0xe5, 0x67, 0x03, 0x00,
    0x00, 0x00, 0x1f, 0xd8, 0xff, 0xff, 0xff, 0xff, 0xff, 0xff, 0xff, 0xff, 0xff, 0xff, 0xff, 0xff,
    0xff, 0xff, 0xff, 0xff, 0xdb, 0x24, 0x00, 0x00, 0x00, 0x00, 0x00, 0x00, 0x00, 0x00, 0x00, 0x00,
    0x00, 0x00, 0x1a, 0x3e, 0x06, 0x00, 0x00, 0x00, 0x00, 0x00, 0x00, 0x13, 0xb3, 0xff, 0xff, 0xff,
    0xff, 0xff, 0xff, 0xff, 0xff, 0xff, 0xff, 0xff, 0xff, 0xff, 0xff, 0xaf, 0x16, 0x00, 0x00, 0x00,
    0x00, 0x00, 0x00, 0x00, 0x00, 0x00, 0x00, 0x00, 0x00, 0x00, 0x00, 0x00, 0x00, 0x00, 0x00, 0x00,
    0x00, 0x00, 0x00, 0x00, 0x03, 0x5c, 0xcf, 0xfd, 0xff, 0xff, 0xff, 0xff, 0xff, 0xff, 0xff, 0xff,
    0xfe, 0xd2, 0x61, 0x03, 0x00, 0x00, 0x00, 0x00, 0x00, 0x00, 0x00, 0x00, 0x00, 0x00, 0x00, 0x00,
    0x00, 0x00, 0x00, 0x00, 0x00, 0x00, 0x00, 0x00, 0x00, 0x00, 0x00, 0x00, 0x00, 0x00, 0x05, 0x39,
    0x8c, 0xd8, 0xee, 0xf7, 0xf7, 0xee, 0xd8, 0x8f, 0x3c, 0x06, 0x77, 0xb4, 0x34, 0x00, 0x00, 0x00,
    0x00, 0x00, 0x00, 0x00, 0x00, 0x00, 0x00, 0x00, 0x00, 0x00, 0x00, 0x00, 0x00, 0x00, 0x00, 0x00,
    0x00, 0x00, 0x00, 0x00, 0x00, 0x00, 0x59, 0x94, 0x30, 0x04, 0x13, 0x1c, 0x1c, 0x13, 0x03, 0x00,
    0x00, 0x37, 0xfd, 0xff, 0xcf, 0x03, 0x00, 0x00, 0x00, 0x00, 0x00, 0x00, 0x00, 0x00, 0x00, 0x00,
    0x00, 0x00, 0x00, 0x00, 0x00, 0x00, 0x00, 0x00, 0x00, 0x00, 0x00, 0x00, 0x00, 0x33, 0xff, 0xff,
    0xca, 0x01, 0x00, 0x00, 0x00, 0x00, 0x00, 0x00, 0x00, 0x28, 0xfb, 0xff, 0xff, 0x67, 0x00, 0x00,
    0x00, 0x00, 0x00, 0x00, 0x00, 0x00, 0x00, 0x00, 0x00, 0x00, 0x00, 0x00, 0x00, 0x00, 0x00, 0x00,
    0x00, 0x00, 0x00, 0x00, 0x00, 0x81, 0xff, 0xff, 0xca, 0x01, 0x00, 0x00, 0x00, 0x00, 0x00, 0x00,
    0x00, 0x00, 0xa0, 0xff, 0xff, 0xe5, 0x06, 0x00, 0x00, 0x00, 0x00, 0x00, 0x00, 0x00, 0x00, 0x00,
    0x00, 0x00, 0x00, 0x00, 0x00, 0x00, 0x00, 0x00, 0x00, 0x00, 0x00, 0x00, 0x02, 0xc7, 0xff, 0xff,
    0x85, 0x00, 0x00, 0x00, 0x00, 0x00, 0x00, 0x00, 0x00, 0x00, 0x30, 0xf7, 0xff, 0xff, 0x3e, 0x00,
    0x00, 0x00, 0x00, 0x00, 0x00, 0x00, 0x00, 0x00, 0x00, 0x00, 0x00, 0x00, 0x00, 0x00, 0x00, 0x00,
    0x00, 0x00, 0x00, 0x00, 0x1b, 0xf5, 0xff, 0xff, 0x3a, 0x00, 0x00, 0x00, 0x00, 0x00, 0x00, 0x00,
    0x00, 0x00, 0x01, 0x9a, 0xfe, 0xee, 0x15, 0x00, 0x00, 0x00, 0x00, 0x00, 0x00, 0x00, 0x00, 0x00,
    0x00, 0x00, 0x00, 0x00, 0x00, 0x00, 0x00, 0x00, 0x00, 0x00, 0x00, 0x00, 0x15, 0xee, 0xff, 0xda,
    0x05, 0x00, 0x00, 0x00, 0x00, 0x00, 0x00, 0x00, 0x00, 0x00, 0x00, 0x06, 0x36, 0x1d, 0x00, 0x00,
    0x00, 0x00, 0x00, 0x00, 0x00, 0x00, 0x00, 0x00, 0x00, 0x00, 0x00, 0x00, 0x00, 0x00, 0x00, 0x00,
    0x00, 0x00, 0x00, 0x00, 0x00, 0x44, 0x8e, 0x23, 0x00, 0x00, 0x00, 0x00, 0x00, 0x00, 0x00, 0x00,
    0x00, 0x00, 0x00, 0x00, 0x00, 0x00, 0x00, 0x00, 0x00, 0x00, 0x00, 0x00, 0x00, 0x00, 0x00, 0x00,
};
#else
/* RGB565A8 - 16-bit color with separate 8-bit alpha channel (swapped byte order) */

static const LV_ATTRIBUTE_MEM_ALIGN LV_ATTRIBUTE_LARGE_CONST LV_ATTRIBUTE_IMG_DAY_CLEAR uint8_t day_clear_rgb565a8_swap_map[] = {
    /* RGB565 color data (3200 bytes, byte-swapped) */
    0x00, 0x00, 0x00, 0x00, 0x00, 0x00, 0x00, 0x00, 0x00, 0x00, 0x00, 0x00, 0x00, 0x00, 0x00, 0x00,
    0x00, 0x00, 0x00, 0x00, 0x00, 0x00, 0x00, 0x00, 0x00, 0x00, 0x00, 0x00, 0x00, 0x00, 0x00, 0x00,
    0x00, 0x00, 0x00, 0x00, 0x00, 0x00, 0x00, 0x00, 0x00, 0x00, 0x00, 0x00, 0x00, 0x00, 0x00, 0x00,
    0xfe, 0x80, 0xfe, 0xa0, 0xfe, 0xc0, 0x00, 0x00, 0x00, 0x00, 0x00, 0x00, 0x00, 0x00, 0x00, 0x00,
    0x00, 0x00, 0x00, 0x00, 0x00, 0x00, 0x00, 0x00, 0x00, 0x00, 0x00, 0x00, 0x00, 0x00, 0x00, 0x00,
    0x00, 0x00, 0x00, 0x00, 0x00, 0x00, 0x00, 0x00, 0x00, 0x00, 0x00, 0x00, 0x00, 0x00, 0x00, 0x00,
    0x00, 0x00, 0x00, 0x00, 0xfe, 0x80, 0xfe, 0xc0, 0xfe, 0x60, 0x00, 0x00, 0x00, 0x00, 0x00, 0x00,
    0x00, 0x00, 0x00, 0x00, 0x00, 0x00, 0x00, 0x00, 0x00, 0x00, 0x00, 0x00, 0x00, 0x00, 0xfe, 0x60,
    0xfe, 0x61, 0xfe, 0x80, 0xfe, 0x80, 0xfe, 0x60, 0x00, 0x00, 0x00, 0x00, 0x00, 0x00, 0x00, 0x00,
    0x00, 0x00, 0x00, 0x00, 0x00, 0x00, 0x00, 0x00, 0x00, 0x00, 0x00, 0x00, 0x00, 0x00, 0x00, 0x00,
    0x00, 0x00, 0x00, 0x00, 0x00, 0x00, 0x00, 0x00, 0x00, 0x00, 0x00, 0x00, 0x00, 0x00, 0x00, 0x00,
    0x00, 0x00, 0xf6, 0x21, 0xfe, 0x60, 0xfe, 0x80, 0xfe, 0x80, 0xff, 0xe0, 0x00, 0x00, 0x00, 0x00,
    0x00, 0x00, 0x00, 0x00, 0x00, 0x00, 0x00, 0x00, 0x00, 0x00, 0x00, 0x00, 0x00, 0x00, 0xf6, 0x22,
    0xf6, 0x21, 0xf6, 0x41, 0xf6, 0x41, 0xf6, 0x61, 0x00, 0x00, 0x00, 0x00, 0x00, 0x00, 0x00, 0x00,
    0x00, 0x00, 0x00, 0x00, 0x00, 0x00, 0x00, 0x00, 0x00, 0x00, 0x00, 0x00, 0x00, 0x00, 0x00, 0x00,
    0x00, 0x00, 0x00, 0x00, 0x00, 0x00, 0x00, 0x00, 0x00, 0x00, 0x00, 0x00, 0x00, 0x00, 0x00, 0x00,
    0x00, 0x00, 0xf6, 0x02, 0xf6, 0x21, 0xf6, 0x41, 0xf6, 0x41, 0xfe, 0x41, 0x00, 0x00, 0x00, 0x00,
    0x00, 0x00, 0x00, 0x00, 0x00, 0x00, 0x00, 0x00, 0x00, 0x00, 0x00, 0x00, 0x00, 0x00, 0xf5, 0xe2,
    0xf5, 0xe2, 0xf6, 0x02, 0xf6, 0x01, 0xff, 0xe0, 0x00, 0x00, 0x00, 0x00, 0x00, 0x00, 0x00, 0x00,
    0x00, 0x00, 0x00, 0x00, 0x00, 0x00, 0x00, 0x00, 0x00, 0x00, 0x00, 0x00, 0x00, 0x00, 0x00, 0x00,
    0x00, 0x00, 0x00, 0x00, 0x00, 0x00, 0x00, 0x00, 0x00, 0x00, 0x00, 0x00, 0x00, 0x00, 0x00, 0x00,
    0x00, 0x00, 0xfd, 0xa4, 0xf5, 0xe2, 0xf5, 0xe2, 0xf6, 0x01, 0xf6, 0x21, 0x00, 0x00, 0x00, 0x00,
    0x00, 0x00, 0x00, 0x00, 0x00, 0x00, 0x00, 0x00, 0x00, 0x00, 0x00, 0x00, 0xff, 0xe0, 0xed, 0x83,
    0xed, 0xa3, 0xed, 0xc2, 0xed, 0xc2, 0x00, 0x00, 0x00, 0x00, 0x00, 0x00, 0x00, 0x00, 0x00, 0x00,
    0x00, 0x00, 0x00, 0x00, 0x00, 0x00, 0x00, 0x00, 0x00, 0x00, 0x00, 0x00, 0x00, 0x00, 0x00, 0x00,
    0x00, 0x00, 0x00, 0x00, 0x00, 0x00, 0x00, 0x00, 0x00, 0x00, 0x00, 0x00, 0x00, 0x00, 0x00, 0x00,
    0x00, 0x00, 0x00, 0x00, 0xed, 0xa3, 0xed, 0xa3, 0xed, 0xc2, 0xf5, 0xc2, 0xf5, 0xa2, 0x00, 0x00,
    0x00, 0x00, 0x00, 0x00, 0x00, 0x00, 0x00, 0x00, 0x00, 0x00, 0x00, 0x00, 0xff, 0xe0, 0xed, 0x44,
    0xed, 0x63, 0xed, 0x63, 0xed, 0x83, 0x00, 0x00, 0x00, 0x00, 0x00, 0x00, 0x00, 0x00, 0x00, 0x00,
    0x00, 0x00, 0x00, 0x00, 0x00, 0x00, 0x00, 0x00, 0x00, 0x00, 0x00, 0x00, 0x00, 0x00, 0x00, 0x00,
    0x00, 0x00, 0x00, 0x00, 0x00, 0x00, 0x00, 0x00, 0x00, 0x00, 0x00, 0x00, 0x00, 0x00, 0x00, 0x00,
    0x00, 0x00, 0x00, 0x00, 0xfd, 0x40, 0xed, 0x63, 0xed, 0x63, 0xed, 0x83, 0xed, 0xa2, 0x00, 0x00,
    0xff, 0xe0, 0xed, 0xc2, 0xf6, 0x01, 0xed, 0xe1, 0xed, 0xe1, 0xf5, 0xe1, 0xed, 0xc2, 0xe5, 0x04,
    0xed, 0x44, 0xed, 0x44, 0x00, 0x00, 0x00, 0x00, 0x00, 0x00, 0x00, 0x00, 0x00, 0x00, 0x00, 0x00,
    0x00, 0x00, 0x00, 0x00, 0x00, 0x00, 0x00, 0x00, 0x00, 0x00, 0x00, 0x00, 0x00, 0x00, 0x00, 0x00,
    0x00, 0x00, 0x00, 0x00, 0x00, 0x00, 0x00, 0x00, 0x00, 0x00, 0x00, 0x00, 0x00, 0x00, 0x00, 0x00,
    0x00, 0x00, 0x00, 0x00, 0x00, 0x00, 0xe5, 0x23, 0xed, 0x24, 0xed, 0x43, 0xed, 0x82, 0xf6, 0x01,
    0xf6, 0x01, 0xf6, 0x21, 0xf6, 0x21, 0xf6, 0x41, 0xf6, 0x41, 0xf6, 0x41, 0xf6, 0x21, 0xf6, 0x21,
    0xf6, 0x01, 0xed, 0xa2, 0x00, 0x00, 0x00, 0x00, 0x00, 0x00, 0x00, 0x00, 0x00, 0x00, 0x00, 0x00,
    0x00, 0x00, 0x00, 0x00, 0x00, 0x00, 0x00, 0x00, 0x00, 0x00, 0x00, 0x00, 0x00, 0x00, 0x00, 0x00,
    0x00, 0x00, 0x00, 0x00, 0x00, 0x00, 0x00, 0x00, 0x00, 0x00, 0x00, 0x00, 0x00, 0x00, 0x00, 0x00,
    0x00, 0x00, 0x00, 0x00, 0x00, 0x00, 0x00, 0x00, 0xe5, 0x43, 0xf5, 0xc1, 0xf6, 0x01, 0xf6, 0x41,
    0xfe, 0x60, 0xfe, 0x80, 0xfe, 0x80, 0xfe, 0xa0, 0xfe, 0xa0, 0xfe, 0xa0, 0xfe, 0xa0, 0xfe, 0xa0,
    0xfe, 0x80, 0xfe, 0x60, 0xf6, 0x41, 0xfd, 0xe0, 0x00, 0x00, 0x00, 0x00, 0x00, 0x00, 0x00, 0x00,
    0x00, 0x00, 0x00, 0x00, 0x00, 0x00, 0x00, 0x00, 0x00, 0x00, 0x00, 0x00, 0x00, 0x00, 0x00, 0x00,
    0x00, 0x00, 0x00, 0x00, 0x00, 0x00, 0x00, 0x00, 0x00, 0x00, 0x00, 0x00, 0x00, 0x00, 0x00, 0x00,
    0x00, 0x00, 0x00, 0x00, 0x00, 0x00, 0xed, 0xa2, 0xf6, 0x01, 0xf6, 0x41, 0xfe, 0x60, 0xfe, 0x60,
    0xfe, 0x80, 0xfe, 0x80, 0xfe, 0x80, 0xfe, 0x80, 0xfe, 0x80, 0xfe, 0x80, 0xfe, 0xa0, 0xfe, 0xa0,
    0xfe, 0xa0, 0xfe, 0xa0, 0xfe, 0xa0, 0xfe, 0x80, 0xf6, 0xa0, 0x00, 0x00, 0x00, 0x00, 0x00, 0x00,
    0x00, 0x00, 0x00, 0x00, 0x00, 0x00, 0xfe, 0xc0, 0xfe, 0xa0, 0xfe, 0xe0, 0x00, 0x00, 0x00, 0x00,
    0x00, 0x00, 0x00, 0x00, 0x00, 0x00, 0x00, 0x00, 0x00, 0x00, 0x00, 0x00, 0x00, 0x00, 0x00, 0x00,
    0x00, 0x00, 0x00, 0x00, 0xfe, 0x41, 0xf6, 0x41, 0xf6, 0x41, 0xf6, 0x61, 0xf6, 0x61, 0xf6, 0x61,
    0xfe, 0x60, 0xfe, 0x60, 0xfe, 0x60, 0xfe, 0x80, 0xfe, 0x80, 0xfe, 0x80, 0xfe, 0x80, 0xfe, 0x80,
    0xfe, 0x80, 0xfe, 0xa0, 0xfe, 0xa0, 0xfe, 0xa0, 0xfe, 0xa0, 0xfe, 0xa0, 0x00, 0x00, 0x00, 0x00,
    0x00, 0x00, 0xfd, 0x40, 0xf6, 0x21, 0xfe, 0x61, 0xfe, 0x80, 0xfe, 0x80, 0xf6, 0x81, 0x00, 0x00,
    0x00, 0x00, 0x00, 0x00, 0x00, 0x00, 0x00, 0x00, 0x00, 0x00, 0x00, 0x00, 0x00, 0x00, 0x00, 0x00,
    0x00, 0x00, 0xf6, 0x41, 0xf6, 0x41, 0xf6, 0x41, 0xf6, 0x41, 0xf6, 0x41, 0xf6, 0x41, 0xf6, 0x41,
    0xf6, 0x61, 0xf6, 0x61, 0xf6, 0x61, 0xfe, 0x60, 0xfe, 0x60, 0xfe, 0x60, 0xfe, 0x80, 0xfe, 0x80,
    0xfe, 0x80, 0xfe, 0x80, 0xfe, 0x80, 0xfe, 0x80, 0xfe, 0xa0, 0xfe, 0xa0, 0xf6, 0xa0, 0x00, 0x00,
    0xf5, 0xc2, 0xf5, 0xe2, 0xf6, 0x02, 0xf6, 0x21, 0xf6, 0x21, 0xf6, 0x41, 0xf6, 0x41, 0x00, 0x00,
    0x00, 0x00, 0xfe, 0x60, 0xfe, 0xc0, 0xff, 0xe0, 0x00, 0x00, 0x00, 0x00, 0x00, 0x00, 0x00, 0x00,
    0xfe, 0xa0, 0xf6, 0x21, 0xf6, 0x21, 0xf6, 0x21, 0xf6, 0x21, 0xf6, 0x21, 0xf6, 0x41, 0xf6, 0x41,
    0xf6, 0x41, 0xf6, 0x41, 0xf6, 0x41, 0xf6, 0x61, 0xf6, 0x61, 0xf6, 0x61, 0xfe, 0x61, 0xfe, 0x60,
    0xfe, 0x60, 0xfe, 0x60, 0xfe, 0x80, 0xfe, 0x80, 0xfe, 0x80, 0xfe, 0x80, 0xfe, 0x80, 0xfe, 0xe0,
    0xed, 0x83, 0xed, 0xa3, 0xed, 0xa2, 0xf5, 0xc2, 0xf5, 0xe2, 0xf6, 0x01, 0xfe, 0x60, 0x00, 0x00,
    0xf6, 0x01, 0xf6, 0x41, 0xfe, 0x60, 0xfe, 0x80, 0xfe, 0xa0, 0xfe, 0xc0, 0x00, 0x00, 0x00, 0x00,
    0xf6, 0x01, 0xf6, 0x01, 0xf6, 0x21, 0xf6, 0x21, 0xf6, 0x21, 0xf6, 0x21, 0xf6, 0x21, 0xf6, 0x21,
    0xf6, 0x21, 0xf6, 0x41, 0xf6, 0x41, 0xf6, 0x41, 0xf6, 0x41, 0xf6, 0x41, 0xf6, 0x41, 0xf6, 0x61,
    0xf6, 0x61, 0xfe, 0x61, 0xfe, 0x60, 0xfe, 0x60, 0xfe, 0x60, 0xfe, 0x80, 0xfe, 0x80, 0xfe, 0x80,
    0xed, 0x44, 0xed, 0x43, 0xed, 0x63, 0xed, 0x83, 0xed, 0xa2, 0xff, 0xe0, 0x00, 0x00, 0x00, 0x00,
    0xed, 0xa3, 0xf5, 0xc2, 0xf5, 0xe2, 0xf6, 0x21, 0xf6, 0x41, 0xfe, 0x60, 0xfe, 0x80, 0xfd, 0xe4,
    0xf6, 0x02, 0xf6, 0x02, 0xf6, 0x01, 0xf6, 0x01, 0xf6, 0x01, 0xf6, 0x01, 0xf6, 0x21, 0xf6, 0x21,
    0xf6, 0x21, 0xf6, 0x21, 0xf6, 0x21, 0xf6, 0x21, 0xf6, 0x41, 0xf6, 0x41, 0xf6, 0x41, 0xf6, 0x41,
    0xf6, 0x41, 0xf6, 0x41, 0xf6, 0x61, 0xf6, 0x61, 0xfe, 0x61, 0xfe, 0x60, 0xfe, 0x60, 0xfe, 0x60,
    0xfe, 0x80, 0xed, 0x24, 0xe5, 0x44, 0x00, 0x00, 0x00, 0x00, 0x00, 0x00, 0x00, 0x00, 0x00, 0x00,
    0xed, 0x63, 0xed, 0x43, 0xed, 0x63, 0xed, 0x83, 0xed, 0xc2, 0xf5, 0xe2, 0xf6, 0x01, 0xf5, 0xe2,
    0xf5, 0xe2, 0xf5, 0xe2, 0xf5, 0xe2, 0xf6, 0x02, 0xf6, 0x02, 0xf6, 0x01, 0xf6, 0x01, 0xf6, 0x01,
    0xf6, 0x01, 0xf6, 0x21, 0xf6, 0x21, 0xf6, 0x21, 0xf6, 0x21, 0xf6, 0x21, 0xf6, 0x21, 0xf6, 0x41,
    0xf6, 0x41, 0xf6, 0x41, 0xf6, 0x41, 0xf6, 0x41, 0xf6, 0x41, 0xf6, 0x61, 0xf6, 0x61, 0xf6, 0x61,
    0xfe, 0x60, 0x00, 0x00, 0x00, 0x00, 0x00, 0x00, 0x00, 0x00, 0x00, 0x00, 0x00, 0x00, 0x00, 0x00,
    0x00, 0x00, 0xfc, 0xc6, 0xe5, 0x24, 0xed, 0x44, 0xed, 0x44, 0xed, 0x63, 0xed, 0xa2, 0xed, 0xc2,
    0xed, 0xe2, 0xf5, 0xe2, 0xf5, 0xe2, 0xf5, 0xe2, 0xf5, 0xe2, 0xf5, 0xe2, 0xf6, 0x02, 0xf6, 0x02,
    0xf6, 0x02, 0xf6, 0x01, 0xf6, 0x01, 0xf6, 0x01, 0xf6, 0x21, 0xf6, 0x21, 0xf6, 0x21, 0xf6, 0x21,
    0xf6, 0x21, 0xf6, 0x21, 0xf6, 0x41, 0xf6, 0x41, 0xf6, 0x41, 0xf6, 0x41, 0xf6, 0x41, 0xf6, 0x41,
    0xf6, 0x41, 0x00, 0x00, 0x00, 0x00, 0x00, 0x00, 0x00, 0x00, 0x00, 0x00, 0x00, 0x00, 0x00, 0x00,
    0x00, 0x00, 0x00, 0x00, 0x00, 0x00, 0x00, 0x00, 0xff, 0xe0, 0xff, 0xe0, 0xfd, 0xa4, 0xed, 0xc2,
    0xed, 0xc2, 0xed, 0xc2, 0xed, 0xc2, 0xed, 0xe2, 0xf5, 0xe2, 0xf5, 0xe2, 0xf5, 0xe2, 0xf5, 0xe2,
    0xf5, 0xe2, 0xf6, 0x02, 0xf6, 0x02, 0xf6, 0x02, 0xf6, 0x01, 0xf6, 0x01, 0xf6, 0x01, 0xf6, 0x21,
    0xf6, 0x21, 0xf6, 0x21, 0xf6, 0x21, 0xf6, 0x21, 0xf6, 0x21, 0xf6, 0x21, 0xf6, 0x41, 0xf6, 0x41,
    0xf6, 0x41, 0xfe, 0x80, 0x00, 0x00, 0x00, 0x00, 0x00, 0x00, 0x00, 0x00, 0x00, 0x00, 0x00, 0x00,
    0x00, 0x00, 0x00, 0x00, 0x00, 0x00, 0x00, 0x00, 0x00, 0x00, 0x00, 0x00, 0xed, 0xa2, 0xed, 0xa2,
    0xed, 0xc2, 0xed, 0xc2, 0xed, 0xc2, 0xed, 0xc2, 0xed, 0xc2, 0xed, 0xc2, 0xed, 0xe2, 0xf5, 0xe2,
    0xf5, 0xe2, 0xf5, 0xe2, 0xf5, 0xe2, 0xf5, 0xe2, 0xf6, 0x02, 0xf6, 0x02, 0xf6, 0x02, 0xf6, 0x01,
    0xf6, 0x01, 0xf6, 0x01, 0xf6, 0x01, 0xf6, 0x21, 0xf6, 0x21, 0xf6, 0x21, 0xf6, 0x21, 0xf6, 0x21,
    0xf6, 0x21, 0xf6, 0x21, 0x00, 0x00, 0x00, 0x00, 0x00, 0x00, 0x00, 0x00, 0x00, 0x00, 0x00, 0x00,
    0x00, 0x00, 0x00, 0x00, 0x00, 0x00, 0x00, 0x00, 0x00, 0x00, 0x00, 0x00, 0xed, 0xa3, 0xed, 0xa2,
    0xed, 0xa2, 0xed, 0xa2, 0xed, 0xa2, 0xed, 0xa2, 0xed, 0xc2, 0xed, 0xc2, 0xed, 0xc2, 0xed, 0xc2,
    0xed, 0xc2, 0xed, 0xc2, 0xf5, 0xe2, 0xf5, 0xe2, 0xf5, 0xe2, 0xf5, 0xe2, 0xf5, 0xe2, 0xf6, 0x02,
    0xf6, 0x02, 0xf6, 0x02, 0xf6, 0x01, 0xf6, 0x01, 0xf6, 0x01, 0xf6, 0x01, 0xf6, 0x21, 0xf6, 0x21,
    0xf6, 0x21, 0xf6, 0x21, 0x00, 0x00, 0x00, 0x00, 0x00, 0x00, 0x00, 0x00, 0x00, 0x00, 0x00, 0x00,
    0x00, 0x00, 0x00, 0x00, 0x00, 0x00, 0x00, 0x00, 0x00, 0x00, 0x00, 0x00, 0xed, 0xa3, 0xed, 0x83,
    0xed, 0x83, 0xed, 0xa3, 0xed, 0xa3, 0xed, 0xa2, 0xed, 0xa2, 0xed, 0xa2, 0xed, 0xa2, 0xed, 0xc2,
    0xed, 0xc2, 0xed, 0xc2, 0xed, 0xc2, 0xed, 0xc2, 0xed, 0xc2, 0xed, 0xe2, 0xf5, 0xe2, 0xf5, 0xe2,
    0xf5, 0xe2, 0xf5, 0xe2, 0xf5, 0xe2, 0xf6, 0x02, 0xf6, 0x02, 0xf6, 0x01, 0xf6, 0x01, 0xf6, 0x01,
    0xf6, 0x01, 0xf6, 0x21, 0x00, 0x00, 0x00, 0x00, 0x00, 0x00, 0x00, 0x00, 0x00, 0x00, 0x00, 0x00,
    0x00, 0x00, 0x00, 0x00, 0x00, 0x00, 0x00, 0x00, 0x00, 0x00, 0x00, 0x00, 0xed, 0x62, 0xed, 0x83,
    0xed, 0x83, 0xed, 0x83, 0xed, 0x83, 0xed, 0x83, 0xed, 0xa3, 0xed, 0xa2, 0xed, 0xa2, 0xed, 0xa2,
    0xed, 0xa2, 0xed, 0xa2, 0xed, 0xc2, 0xed, 0xc2, 0xed, 0xc2, 0xed, 0xc2, 0xed, 0xc2, 0xed, 0xc2,
    0xed, 0xe2, 0xf5, 0xe2, 0xf5, 0xe2, 0xf5, 0xe2, 0xf5, 0xe2, 0xf5, 0xe2, 0xf6, 0x02, 0xf6, 0x02,
    0xf6, 0x01, 0xf6, 0x22, 0x00, 0x00, 0x00, 0x00, 0x00, 0x00, 0x00, 0x00, 0x00, 0x00, 0x00, 0x00,
    0x00, 0x00, 0x00, 0x00, 0x00, 0x00, 0x00, 0x00, 0x00, 0x00, 0x00, 0x00, 0xfc, 0xc6, 0xed, 0x63,
    0xed, 0x63, 0xed, 0x83, 0xed, 0x83, 0xed, 0x83, 0xed, 0x83, 0xed, 0x83, 0xed, 0x83, 0xed, 0xa3,
    0xed, 0xa3, 0xed, 0xa2, 0xed, 0xa2, 0xed, 0xa2, 0xed, 0xa2, 0xed, 0xc2, 0xed, 0xc2, 0xed, 0xc2,
    0xed, 0xc2, 0xed, 0xc2, 0xed, 0xc2, 0xed, 0xe2, 0xf5, 0xe2, 0xf5, 0xe2, 0xf5, 0xe2, 0xf5, 0xe2,
    0xf6, 0x02, 0xfd, 0xe4, 0xff, 0xe0, 0xff, 0xe0, 0x00, 0x00, 0x00, 0x00, 0x00, 0x00, 0x00, 0x00,
    0x00, 0x00, 0x00, 0x00, 0x00, 0x00, 0x00, 0x00, 0x00, 0x00, 0x00, 0x00, 0x00, 0x00, 0xed, 0x63,
    0xed, 0x63, 0xed, 0x63, 0xed, 0x63, 0xed, 0x63, 0xed, 0x83, 0xed, 0x83, 0xed, 0x83, 0xed, 0x83,
    0xed, 0x83, 0xed, 0x83, 0xed, 0xa3, 0xed, 0xa3, 0xed, 0xa2, 0xed, 0xa2, 0xed, 0xa2, 0xed, 0xa2,
    0xed, 0xc2, 0xed, 0xc2, 0xed, 0xc2, 0xed, 0xc2, 0xed, 0xc2, 0xed, 0xc2, 0xed, 0xe2, 0xf5, 0xe2,
    0xf5, 0xe2, 0xf6, 0x21, 0xf6, 0x61, 0xfe, 0x80, 0xfe, 0xa0, 0xfe, 0xa0, 0xfe, 0x60, 0x00, 0x00,
    0x00, 0x00, 0x00, 0x00, 0x00, 0x00, 0x00, 0x00, 0x00, 0x00, 0x00, 0x00, 0x00, 0x00, 0xe5, 0x43,
    0xed, 0x43, 0xed, 0x63, 0xed, 0x63, 0xed, 0x63, 0xed, 0x63, 0xed, 0x63, 0xed, 0x63, 0xed, 0x83,
    0xed, 0x83, 0xed, 0x83, 0xed, 0x83, 0xed, 0x83, 0xed, 0x83, 0xed, 0xa3, 0xed, 0xa3, 0xed, 0xa2,
    0xed, 0xa2, 0xed, 0xa2, 0xed, 0xa2, 0xed, 0xc2, 0xed, 0xc2, 0xed, 0xc2, 0xed, 0xc2, 0xed, 0xc2,
    0xf5, 0xe2, 0xf5, 0xe2, 0xf5, 0xe2, 0xf6, 0x21, 0xf6, 0x41, 0xfe, 0x60, 0xfe, 0x80, 0xfe, 0x80,
    0x00, 0x00, 0x00, 0x00, 0x00, 0x00, 0x00, 0x00, 0x00, 0x00, 0xfe, 0x80, 0xfe, 0xa0, 0xd5, 0x45,
    0xe5, 0x44, 0xe5, 0x43, 0xe5, 0x43, 0xe5, 0x43, 0xed, 0x63, 0xed, 0x63, 0xed, 0x63, 0xed, 0x63,
    0xed, 0x63, 0xed, 0x63, 0xed, 0x63, 0xed, 0x83, 0xed, 0x83, 0xed, 0x83, 0xed, 0x83, 0xed, 0x83,
    0xed, 0x83, 0xed, 0xa3, 0xed, 0xa3, 0xed, 0xa2, 0xed, 0xa2, 0xed, 0xa2, 0xed, 0xa2, 0xed, 0xc2,
    0xdd, 0xe4, 0xed, 0x63, 0xed, 0x63, 0xed, 0x83, 0xed, 0xc2, 0xf5, 0xe2, 0xf6, 0x01, 0xf6, 0x21,
    0x00, 0x00, 0x00, 0x00, 0xff, 0xe0, 0xf6, 0x21, 0xf6, 0x41, 0xfe, 0x60, 0xfe, 0x80, 0xfe, 0xa0,
    0xe5, 0x44, 0xe5, 0x24, 0xe5, 0x43, 0xe5, 0x43, 0xe5, 0x43, 0xe5, 0x43, 0xed, 0x43, 0xed, 0x43,
    0xed, 0x63, 0xed, 0x63, 0xed, 0x63, 0xed, 0x63, 0xed, 0x63, 0xed, 0x63, 0xed, 0x83, 0xed, 0x83,
    0xed, 0x83, 0xed, 0x83, 0xed, 0x83, 0xed, 0x83, 0xed, 0xa3, 0xed, 0xa2, 0xed, 0xa2, 0xed, 0xa2,
    0x00, 0x00, 0x00, 0x00, 0xe5, 0x24, 0xe5, 0x44, 0xed, 0x43, 0xed, 0x63, 0xed, 0x83, 0xf5, 0xe2,
    0x00, 0x00, 0xfd, 0x45, 0xf5, 0xe2, 0xf5, 0xe2, 0xf6, 0x02, 0xf6, 0x21, 0xf6, 0x41, 0xf6, 0x41,
    0xfd, 0x40, 0xe5, 0x24, 0xe5, 0x24, 0xe5, 0x24, 0xe5, 0x24, 0xe5, 0x43, 0xe5, 0x43, 0xe5, 0x43,
    0xe5, 0x43, 0xe5, 0x43, 0xed, 0x43, 0xed, 0x63, 0xed, 0x63, 0xed, 0x63, 0xed, 0x63, 0xed, 0x63,
    0xed, 0x63, 0xed, 0x83, 0xed, 0x83, 0xed, 0x83, 0xed, 0x83, 0xed, 0x83, 0xed, 0x83, 0xfd, 0xe0,
    0x00, 0x00, 0x00, 0x00, 0x00, 0x00, 0x00, 0x00, 0xfc, 0x00, 0xe5, 0x04, 0xe5, 0x44, 0x00, 0x00,
    0x00, 0x00, 0xed, 0x63, 0xed, 0x83, 0xed, 0xa2, 0xf5, 0xc2, 0xf5, 0xe2, 0xf6, 0x02, 0xf6, 0x01,
    0x00, 0x00, 0xe5, 0x24, 0xe5, 0x24, 0xe5, 0x24, 0xe5, 0x24, 0xe5, 0x24, 0xe5, 0x24, 0xe5, 0x24,
    0xe5, 0x44, 0xe5, 0x43, 0xe5, 0x43, 0xe5, 0x43, 0xe5, 0x43, 0xed, 0x43, 0xed, 0x63, 0xed, 0x63,
    0xed, 0x63, 0xed, 0x63, 0xed, 0x63, 0xed, 0x63, 0xed, 0x83, 0xed, 0x83, 0xed, 0x82, 0x00, 0x00,
    0x00, 0x00, 0x00, 0x00, 0x00, 0x00, 0x00, 0x00, 0x00, 0x00, 0x00, 0x00, 0x00, 0x00, 0x00, 0x00,
    0x00, 0x00, 0xe5, 0x24, 0xed, 0x43, 0xed, 0x63, 0xed, 0x83, 0xed, 0xa3, 0xfd, 0x40, 0x00, 0x00,
    0x00, 0x00, 0x00, 0x00, 0xe5, 0x24, 0xe5, 0x04, 0xe5, 0x04, 0xe5, 0x24, 0xe5, 0x24, 0xe5, 0x24,
    0xe5, 0x24, 0xe5, 0x24, 0xe5, 0x24, 0xe5, 0x44, 0xe5, 0x43, 0xe5, 0x43, 0xe5, 0x43, 0xe5, 0x43,
    0xed, 0x43, 0xed, 0x63, 0xed, 0x63, 0xed, 0x63, 0xe5, 0x43, 0xed, 0x83, 0x00, 0x00, 0x00, 0x00,
    0x00, 0x00, 0x00, 0x00, 0x00, 0x00, 0x00, 0x00, 0x00, 0x00, 0x00, 0x00, 0x00, 0x00, 0x00, 0x00,
    0x00, 0x00, 0x00, 0x00, 0xed, 0x24, 0xe5, 0x24, 0xd5, 0x45, 0x00, 0x00, 0x00, 0x00, 0x00, 0x00,
    0x00, 0x00, 0x00, 0x00, 0x00, 0x00, 0xe5, 0x05, 0xe4, 0xc4, 0xe4, 0xe4, 0xe5, 0x04, 0xe5, 0x04,
    0xe5, 0x24, 0xe5, 0x24, 0xe5, 0x24, 0xe5, 0x24, 0xe5, 0x24, 0xe5, 0x24, 0xe5, 0x24, 0xe5, 0x43,
    0xe5, 0x43, 0xe5, 0x43, 0xe5, 0x04, 0xdc, 0xc4, 0xdc, 0xa4, 0x00, 0x00, 0x00, 0x00, 0x00, 0x00,
    0x00, 0x00, 0x00, 0x00, 0x00, 0x00, 0x00, 0x00, 0x00, 0x00, 0x00, 0x00, 0x00, 0x00, 0x00, 0x00,
    0x00, 0x00, 0x00, 0x00, 0x00, 0x00, 0x00, 0x00, 0x00, 0x00, 0x00, 0x00, 0x00, 0x00, 0x00, 0x00,
    0x00, 0x00, 0x00, 0x00, 0x00, 0x00, 0x00, 0x00, 0xfd, 0x40, 0xdc, 0x84, 0xdc, 0xa4, 0xdc, 0xc4,
    0xe4, 0xe4, 0xe4, 0xe4, 0xe5, 0x04, 0xe5, 0x04, 0xe5, 0x04, 0xe5, 0x04, 0xe5, 0x04, 0xe4, 0xe4,
    0xe4, 0xc4, 0xdc, 0xa4, 0xdc, 0xa4, 0xfd, 0x40, 0x00, 0x00, 0x00, 0x00, 0x00, 0x00, 0x00, 0x00,
    0x00, 0x00, 0x00, 0x00, 0x00, 0x00, 0x00, 0x00, 0x00, 0x00, 0x00, 0x00, 0x00, 0x00, 0x00, 0x00,
    0x00, 0x00, 0x00, 0x00, 0x00, 0x00, 0x00, 0x00, 0x00, 0x00, 0x00, 0x00, 0x00, 0x00, 0x00, 0x00,
    0x00, 0x00, 0x00, 0x00, 0x00, 0x00, 0x00, 0x00, 0x00, 0x00, 0x00, 0x00, 0xcc, 0xc6, 0xdc, 0x65,
    0xdc, 0x84, 0xdc, 0x84, 0xdc, 0x84, 0xdc, 0x84, 0xdc, 0x84, 0xdc, 0x84, 0xdc, 0xa4, 0xdc, 0xa4,
    0xdc, 0xa4, 0xd5, 0x45, 0xfe, 0x80, 0xfe, 0xa0, 0xfe, 0xc0, 0x00, 0x00, 0x00, 0x00, 0x00, 0x00,
    0x00, 0x00, 0x00, 0x00, 0x00, 0x00, 0x00, 0x00, 0x00, 0x00, 0x00, 0x00, 0x00, 0x00, 0x00, 0x00,
    0x00, 0x00, 0x00, 0x00, 0x00, 0x00, 0x00, 0x00, 0x00, 0x00, 0x00, 0x00, 0x00, 0x00, 0x00, 0x00,
    0x00, 0x00, 0x00, 0x00, 0x00, 0x00, 0x00, 0x00, 0x00, 0x00, 0x00, 0x00, 0xfe, 0xa0, 0xfe, 0xa0,
    0xfe, 0xa0, 0xbc, 0x08, 0xd4, 0xa5, 0xdc, 0x84, 0xdc, 0x84, 0xe4, 0xa5, 0xfd, 0x40, 0x00, 0x00,
    0x00, 0x00, 0xf6, 0x21, 0xf6, 0x41, 0xfe, 0x61, 0xfe, 0x80, 0xfd, 0x40, 0x00, 0x00, 0x00, 0x00,
    0x00, 0x00, 0x00, 0x00, 0x00, 0x00, 0x00, 0x00, 0x00, 0x00, 0x00, 0x00, 0x00, 0x00, 0x00, 0x00,
    0x00, 0x00, 0x00, 0x00, 0x00, 0x00, 0x00, 0x00, 0x00, 0x00, 0x00, 0x00, 0x00, 0x00, 0x00, 0x00,
    0x00, 0x00, 0x00, 0x00, 0x00, 0x00, 0x00, 0x00, 0x00, 0x00, 0xfe, 0x61, 0xfe, 0x61, 0xfe, 0x80,
    0xfe, 0x80, 0xff, 0xe0, 0x00, 0x00, 0x00, 0x00, 0x00, 0x00, 0x00, 0x00, 0x00, 0x00, 0x00, 0x00,
    0x00, 0x00, 0xf5, 0xe2, 0xf6, 0x02, 0xf6, 0x21, 0xf6, 0x21, 0xf6, 0x41, 0x00, 0x00, 0x00, 0x00,
    0x00, 0x00, 0x00, 0x00, 0x00, 0x00, 0x00, 0x00, 0x00, 0x00, 0x00, 0x00, 0x00, 0x00, 0x00, 0x00,
    0x00, 0x00, 0x00, 0x00, 0x00, 0x00, 0x00, 0x00, 0x00, 0x00, 0x00, 0x00, 0x00, 0x00, 0x00, 0x00,
    0x00, 0x00, 0x00, 0x00, 0x00, 0x00, 0x00, 0x00, 0x00, 0x00, 0xf6, 0x22, 0xf6, 0x21, 0xf6, 0x41,
    0xf6, 0x41, 0xff, 0xe0, 0x00, 0x00, 0x00, 0x00, 0x00, 0x00, 0x00, 0x00, 0x00, 0x00, 0x00, 0x00,
    0x00, 0x00, 0x00, 0x00, 0xed, 0xc2, 0xf5, 0xc2, 0xf5, 0xe2, 0xf6, 0x02, 0xfd, 0x40, 0x00, 0x00,
    0x00, 0x00, 0x00, 0x00, 0x00, 0x00, 0x00, 0x00, 0x00, 0x00, 0x00, 0x00, 0x00, 0x00, 0x00, 0x00,
    0x00, 0x00, 0x00, 0x00, 0x00, 0x00, 0x00, 0x00, 0x00, 0x00, 0x00, 0x00, 0x00, 0x00, 0x00, 0x00,
    0x00, 0x00, 0x00, 0x00, 0x00, 0x00, 0x00, 0x00, 0xfc, 0x00, 0xf5, 0xc2, 0xf5, 0xe2, 0xf6, 0x02,
    0xf6, 0x01, 0x00, 0x00, 0x00, 0x00, 0x00, 0x00, 0x00, 0x00, 0x00, 0x00, 0x00, 0x00, 0x00, 0x00,
    0x00, 0x00, 0x00, 0x00, 0xed, 0xa3, 0xed, 0x83, 0xed, 0xa3, 0xed, 0xa2, 0xed, 0xc2, 0x00, 0x00,
    0x00, 0x00, 0x00, 0x00, 0x00, 0x00, 0x00, 0x00, 0x00, 0x00, 0x00, 0x00, 0x00, 0x00, 0x00, 0x00,
    0x00, 0x00, 0x00, 0x00, 0x00, 0x00, 0x00, 0x00, 0x00, 0x00, 0x00, 0x00, 0x00, 0x00, 0x00, 0x00,
    0x00, 0x00, 0x00, 0x00, 0x00, 0x00, 0x00, 0x00, 0xed, 0x83, 0xed, 0x83, 0xed, 0xa3, 0xed, 0xa2,
    0xf5, 0xc2, 0x00, 0x00, 0x00, 0x00, 0x00, 0x00, 0x00, 0x00, 0x00, 0x00, 0x00, 0x00, 0x00, 0x00,
    0x00, 0x00, 0x00, 0x00, 0xff, 0xe0, 0xed, 0x43, 0xed, 0x43, 0xed, 0x63, 0xf5, 0xa3, 0x00, 0x00,
    0x00, 0x00, 0x00, 0x00, 0x00, 0x00, 0x00, 0x00, 0x00, 0x00, 0x00, 0x00, 0x00, 0x00, 0x00, 0x00,
    0x00, 0x00, 0x00, 0x00, 0x00, 0x00, 0x00, 0x00, 0x00, 0x00, 0x00, 0x00, 0x00, 0x00, 0x00, 0x00,
    0x00, 0x00, 0x00, 0x00, 0x00, 0x00, 0x00, 0x00, 0xe5, 0x44, 0xed, 0x43, 0xed, 0x63, 0xed, 0x63,
    0xfe, 0x66, 0x00, 0x00, 0x00, 0x00, 0x00, 0x00, 0x00, 0x00, 0x00, 0x00, 0x00, 0x00, 0x00, 0x00,
    0x00, 0x00, 0x00, 0x00, 0x00, 0x00, 0xd5, 0x45, 0xe5, 0x24, 0xe5, 0x24, 0x00, 0x00, 0x00, 0x00,
    0x00, 0x00, 0x00, 0x00, 0x00, 0x00, 0x00, 0x00, 0x00, 0x00, 0x00, 0x00, 0x00, 0x00, 0x00, 0x00,
    0x00, 0x00, 0x00, 0x00, 0x00, 0x00, 0x00, 0x00, 0x00, 0x00, 0x00, 0x00, 0x00, 0x00, 0x00, 0x00,
    0x00, 0x00, 0x00, 0x00, 0x00, 0x00, 0x00, 0x00, 0x00, 0x00, 0xed, 0x24, 0xed, 0x24, 0xed, 0x43,
    0x00, 0x00, 0x00, 0x00, 0x00, 0x00, 0x00, 0x00, 0x00, 0x00, 0x00, 0x00, 0x00, 0x00, 0x00, 0x00,
    0x00, 0x00, 0x00, 0x00, 0x00, 0x00, 0x00, 0x00, 0x00, 0x00, 0x00, 0x00, 0x00, 0x00, 0x00, 0x00,
    0x00, 0x00, 0x00, 0x00, 0x00, 0x00, 0x00, 0x00, 0x00, 0x00, 0x00, 0x00, 0x00, 0x00, 0x00, 0x00,
    /* Alpha channel data (1600 bytes) */
    0x00, 0x00, 0x00, 0x00, 0x00, 0x00, 0x00, 0x00, 0x00, 0x00, 0x00, 0x00, 0x00, 0x00, 0x00, 0x00,
    0x00, 0x00, 0x00, 0x00, 0x00, 0x00, 0x00, 0x00, 0x22, 0x8d, 0x42, 0x00, 0x00, 0x00, 0x00, 0x00,
    0x00, 0x00, 0x00, 0x00, 0x00, 0x00, 0x00, 0x00, 0x00, 0x00, 0x00, 0x00, 0x00, 0x00, 0x00, 0x00,
    0x00, 0x00, 0x1c, 0x35, 0x05, 0x00, 0x00, 0x00, 0x00, 0x00, 0x00, 0x00, 0x00, 0x00, 0x00, 0x05,
    0xd8, 0xff, 0xed, 0x15, 0x00, 0x00, 0x00, 0x00, 0x00, 0x00, 0x00, 0x00, 0x00, 0x00, 0x00, 0x00,
    0x00, 0x00, 0x00, 0x00, 0x00, 0x00, 0x00, 0x00, 0x00, 0x1b, 0xef, 0xfe, 0x91, 0x01, 0x00, 0x00,
    0x00, 0x00, 0x00, 0x00, 0x00, 0x00, 0x00, 0x3d, 0xff, 0xff, 0xf4, 0x1a, 0x00, 0x00, 0x00, 0x00,
    0x00, 0x00, 0x00, 0x00, 0x00, 0x00, 0x00, 0x00, 0x00, 0x00, 0x00, 0x00, 0x00, 0x00, 0x00, 0x00,
    0x00, 0x40, 0xff, 0xff, 0xf7, 0x30, 0x00, 0x00, 0x00, 0x00, 0x00, 0x00, 0x00, 0x00, 0x00, 0x85,
    0xff, 0xff, 0xc8, 0x02, 0x00, 0x00, 0x00, 0x00, 0x00, 0x00, 0x00, 0x00, 0x00, 0x00, 0x00, 0x00,
    0x00, 0x00, 0x00, 0x00, 0x00, 0x00, 0x00, 0x00, 0x00, 0x07, 0xe7, 0xff, 0xff, 0x9f, 0x00, 0x00,
    0x00, 0x00, 0x00, 0x00, 0x00, 0x00, 0x01, 0xca, 0xff, 0xff, 0x82, 0x00, 0x00, 0x00, 0x00, 0x00,
    0x00, 0x00, 0x00, 0x00, 0x00, 0x00, 0x00, 0x00, 0x00, 0x00, 0x00, 0x00, 0x00, 0x00, 0x00, 0x00,
    0x00, 0x00, 0x69, 0xff, 0xff, 0xfb, 0x27, 0x00, 0x00, 0x00, 0x00, 0x00, 0x00, 0x00, 0x01, 0xca,
    0xff, 0xff, 0x34, 0x00, 0x00, 0x00, 0x00, 0x00, 0x00, 0x00, 0x00, 0x00, 0x00, 0x00, 0x00, 0x00,
    0x00, 0x00, 0x00, 0x00, 0x00, 0x00, 0x00, 0x00, 0x00, 0x00, 0x03, 0xcf, 0xff, 0xfd, 0x38, 0x00,
    0x01, 0x0f, 0x21, 0x2e, 0x2f, 0x23, 0x0f, 0x32, 0x95, 0x5c, 0x00, 0x00, 0x00, 0x00, 0x00, 0x00,
    0x00, 0x00, 0x00, 0x00, 0x00, 0x00, 0x00, 0x00, 0x00, 0x00, 0x00, 0x00, 0x00, 0x00, 0x00, 0x00,
    0x00, 0x00, 0x00, 0x2a, 0xa4, 0x66, 0x0d, 0x69, 0xbf, 0xe9, 0xfa, 0xff, 0xff, 0xfa, 0xea, 0xc2,
    0x6d, 0x0e, 0x00, 0x00, 0x00, 0x00, 0x00, 0x00, 0x00, 0x00, 0x00, 0x00, 0x00, 0x00, 0x00, 0x00,
    0x00, 0x00, 0x00, 0x00, 0x00, 0x00, 0x00, 0x00, 0x00, 0x00, 0x00, 0x00, 0x09, 0x78, 0xe2, 0xff,
    0xff, 0xff, 0xff, 0xff, 0xff, 0xff, 0xff, 0xff, 0xff, 0xe3, 0x78, 0x08, 0x00, 0x00, 0x00, 0x00,
    0x00, 0x00, 0x00, 0x00, 0x00, 0x00, 0x00, 0x00, 0x00, 0x00, 0x00, 0x00, 0x00, 0x00, 0x00, 0x00,
    0x00, 0x00, 0x00, 0x20, 0xce, 0xff, 0xff, 0xff, 0xff, 0xff, 0xff, 0xff, 0xff, 0xff, 0xff, 0xff,
    0xff, 0xff, 0xff, 0xc5, 0x20, 0x00, 0x00, 0x00, 0x00, 0x00, 0x00, 0x07, 0x40, 0x16, 0x00, 0x00,
    0x00, 0x00, 0x00, 0x00, 0x00, 0x00, 0x00, 0x00, 0x00, 0x00, 0x2f, 0xe4, 0xff, 0xff, 0xff, 0xff,
    0xff, 0xff, 0xff, 0xff, 0xff, 0xff, 0xff, 0xff, 0xff, 0xff, 0xff, 0xff, 0xe7, 0x33, 0x00, 0x00,
    0x00, 0x03, 0x69, 0xe7, 0xff, 0xee, 0x1c, 0x00, 0x00, 0x00, 0x00, 0x00, 0x00, 0x00, 0x00, 0x00,
    0x00, 0x1c, 0xe3, 0xff, 0xff, 0xff, 0xff, 0xff, 0xff, 0xff, 0xff, 0xff, 0xff, 0xff, 0xff, 0xff,
    0xff, 0xff, 0xff, 0xff, 0xff, 0xe6, 0x20, 0x00, 0x34, 0xcf, 0xff, 0xff, 0xff, 0xfe, 0x35, 0x00,
    0x00, 0x15, 0x1a, 0x02, 0x00, 0x00, 0x00, 0x00, 0x06, 0xc6, 0xff, 0xff, 0xff, 0xff, 0xff, 0xff,
    0xff, 0xff, 0xff, 0xff, 0xff, 0xff, 0xff, 0xff, 0xff, 0xff, 0xff, 0xff, 0xff, 0xff, 0xcd, 0x08,
    0xb6, 0xff, 0xff, 0xff, 0xf7, 0x87, 0x05, 0x00, 0x42, 0xed, 0xf4, 0xc8, 0x82, 0x34, 0x00, 0x00,
    0x6c, 0xff, 0xff, 0xff, 0xff, 0xff, 0xff, 0xff, 0xff, 0xff, 0xff, 0xff, 0xff, 0xff, 0xff, 0xff,
    0xff, 0xff, 0xff, 0xff, 0xff, 0xff, 0xff, 0x73, 0x78, 0xfd, 0xfb, 0x9f, 0x30, 0x01, 0x00, 0x00,
    0x8d, 0xff, 0xff, 0xff, 0xff, 0xff, 0x5c, 0x08, 0xda, 0xff, 0xff, 0xff, 0xff, 0xff, 0xff, 0xff,
    0xff, 0xff, 0xff, 0xff, 0xff, 0xff, 0xff, 0xff, 0xff, 0xff, 0xff, 0xff, 0xff, 0xff, 0xff, 0xdf,
    0x0b, 0x38, 0x27, 0x00, 0x00, 0x00, 0x00, 0x00, 0x22, 0xd8, 0xff, 0xff, 0xff, 0xff, 0x95, 0x55,
    0xff, 0xff, 0xff, 0xff, 0xff, 0xff, 0xff, 0xff, 0xff, 0xff, 0xff, 0xff, 0xff, 0xff, 0xff, 0xff,
    0xff, 0xff, 0xff, 0xff, 0xff, 0xff, 0xff, 0xff, 0x4c, 0x00, 0x00, 0x00, 0x00, 0x00, 0x00, 0x00,
    0x00, 0x05, 0x3d, 0x85, 0xca, 0xca, 0x31, 0xb1, 0xff, 0xff, 0xff, 0xff, 0xff, 0xff, 0xff, 0xff,
    0xff, 0xff, 0xff, 0xff, 0xff, 0xff, 0xff, 0xff, 0xff, 0xff, 0xff, 0xff, 0xff, 0xff, 0xff, 0xff,
    0xa7, 0x00, 0x00, 0x00, 0x00, 0x00, 0x00, 0x00, 0x00, 0x00, 0x00, 0x00, 0x01, 0x01, 0x07, 0xe1,
    0xff, 0xff, 0xff, 0xff, 0xff, 0xff, 0xff, 0xff, 0xff, 0xff, 0xff, 0xff, 0xff, 0xff, 0xff, 0xff,
    0xff, 0xff, 0xff, 0xff, 0xff, 0xff, 0xff, 0xff, 0xe4, 0x0b, 0x00, 0x00, 0x00, 0x00, 0x00, 0x00,
    0x00, 0x00, 0x00, 0x00, 0x00, 0x00, 0x18, 0xf2, 0xff, 0xff, 0xff, 0xff, 0xff, 0xff, 0xff, 0xff,
    0xff, 0xff, 0xff, 0xff, 0xff, 0xff, 0xff, 0xff, 0xff, 0xff, 0xff, 0xff, 0xff, 0xff, 0xff, 0xff,
    0xf6, 0x1b, 0x00, 0x00, 0x00, 0x00, 0x00, 0x00, 0x00, 0x00, 0x00, 0x00, 0x00, 0x00, 0x20, 0xfa,
    0xff, 0xff, 0xff, 0xff, 0xff, 0xff, 0xff, 0xff, 0xff, 0xff, 0xff, 0xff, 0xff, 0xff, 0xff, 0xff,
    0xff, 0xff, 0xff, 0xff, 0xff, 0xff, 0xff, 0xff, 0xfe, 0x23, 0x00, 0x00, 0x00, 0x00, 0x00, 0x00,
    0x00, 0x00, 0x00, 0x00, 0x00, 0x00, 0x1f, 0xfa, 0xff, 0xff, 0xff, 0xff, 0xff, 0xff, 0xff, 0xff,
    0xff, 0xff, 0xff, 0xff, 0xff, 0xff, 0xff, 0xff, 0xff, 0xff, 0xff, 0xff, 0xff, 0xff, 0xff, 0xff,
    0xfe, 0x23, 0x00, 0x00, 0x00, 0x00, 0x00, 0x00, 0x00, 0x00, 0x00, 0x00, 0x00, 0x00, 0x16, 0xf1,
    0xff, 0xff, 0xff, 0xff, 0xff, 0xff, 0xff, 0xff, 0xff, 0xff, 0xff, 0xff, 0xff, 0xff, 0xff, 0xff,
    0xff, 0xff, 0xff, 0xff, 0xff, 0xff, 0xff, 0xff, 0xf5, 0x1a, 0x00, 0x00, 0x00, 0x00, 0x00, 0x00,
    0x00, 0x00, 0x00, 0x00, 0x00, 0x00, 0x05, 0xdd, 0xff, 0xff, 0xff, 0xff, 0xff, 0xff, 0xff, 0xff,
    0xff, 0xff, 0xff, 0xff, 0xff, 0xff, 0xff, 0xff, 0xff, 0xff, 0xff, 0xff, 0xff, 0xff, 0xff, 0xff,
    0xe1, 0x08, 0x01, 0x01, 0x00, 0x00, 0x00, 0x00, 0x00, 0x00, 0x00, 0x00, 0x00, 0x00, 0x00, 0xaa,
    0xff, 0xff, 0xff, 0xff, 0xff, 0xff, 0xff, 0xff, 0xff, 0xff, 0xff, 0xff, 0xff, 0xff, 0xff, 0xff,
    0xff, 0xff, 0xff, 0xff, 0xff, 0xff, 0xff, 0xff, 0x9e, 0x30, 0xca, 0xca, 0x85, 0x3a, 0x05, 0x00,
    0x00, 0x00, 0x00, 0x00, 0x00, 0x00, 0x00, 0x4b, 0xfe, 0xff, 0xff, 0xff, 0xff, 0xff, 0xff, 0xff,
    0xff, 0xff, 0xff, 0xff, 0xff, 0xff, 0xff, 0xff, 0xff, 0xff, 0xff, 0xff, 0xff, 0xff, 0xff, 0xfe,
    0x44, 0x94, 0xff, 0xff, 0xff, 0xff, 0xda, 0x23, 0x00, 0x00, 0x00, 0x00, 0x00, 0x28, 0x37, 0x06,
    0xd2, 0xff, 0xff, 0xff, 0xff, 0xff, 0xff, 0xff, 0xff, 0xff, 0xff, 0xff, 0xff, 0xff, 0xff, 0xff,
    0xff, 0xff, 0xff, 0xff, 0xff, 0xff, 0xff, 0xd7, 0x08, 0x59, 0xff, 0xff, 0xff, 0xff, 0xff, 0x8e,
    0x00, 0x00, 0x01, 0x30, 0xa0, 0xfb, 0xfd, 0x64, 0x5f, 0xff, 0xff, 0xff, 0xff, 0xff, 0xff, 0xff,
    0xff, 0xff, 0xff, 0xff, 0xff, 0xff, 0xff, 0xff, 0xff, 0xff, 0xff, 0xff, 0xff, 0xff, 0xff, 0x67,
    0x00, 0x00, 0x33, 0x81, 0xc7, 0xf5, 0xee, 0x44, 0x00, 0x06, 0xa1, 0xf7, 0xff, 0xff, 0xff, 0xa1,
    0x03, 0xab, 0xff, 0xff, 0xff, 0xff, 0xff, 0xff, 0xff, 0xff, 0xff, 0xff, 0xff, 0xff, 0xff, 0xff,
    0xff, 0xff, 0xff, 0xff, 0xff, 0xff, 0xb2, 0x04, 0x00, 0x00, 0x00, 0x00, 0x02, 0x1b, 0x15, 0x00,
    0x00, 0x36, 0xfe, 0xff, 0xff, 0xff, 0xcf, 0x2a, 0x00, 0x14, 0xd8, 0xff, 0xff, 0xff, 0xff, 0xff,
    0xff, 0xff, 0xff, 0xff, 0xff, 0xff, 0xff, 0xff, 0xff, 0xff, 0xff, 0xff, 0xff, 0xdc, 0x17, 0x00,
    0x00, 0x00, 0x00, 0x00, 0x00, 0x00, 0x00, 0x00, 0x00, 0x1d, 0xef, 0xff, 0xe5, 0x67, 0x03, 0x00,
    0x00, 0x00, 0x1f, 0xd8, 0xff, 0xff, 0xff, 0xff, 0xff, 0xff, 0xff, 0xff, 0xff, 0xff, 0xff, 0xff,
    0xff, 0xff, 0xff, 0xff, 0xdb, 0x24, 0x00, 0x00, 0x00, 0x00, 0x00, 0x00, 0x00, 0x00, 0x00, 0x00,
    0x00, 0x00, 0x1a, 0x3e, 0x06, 0x00, 0x00, 0x00, 0x00, 0x00, 0x00, 0x13, 0xb3, 0xff, 0xff, 0xff,
    0xff, 0xff, 0xff, 0xff, 0xff, 0xff, 0xff, 0xff, 0xff, 0xff, 0xff, 0xaf, 0x16, 0x00, 0x00, 0x00,
    0x00, 0x00, 0x00, 0x00, 0x00, 0x00, 0x00, 0x00, 0x00, 0x00, 0x00, 0x00, 0x00, 0x00, 0x00, 0x00,
    0x00, 0x00, 0x00, 0x00, 0x03, 0x5c, 0xcf, 0xfd, 0xff, 0xff, 0xff, 0xff, 0xff, 0xff, 0xff, 0xff,
    0xfe, 0xd2, 0x61, 0x03, 0x00, 0x00, 0x00, 0x00, 0x00, 0x00, 0x00, 0x00, 0x00, 0x00, 0x00, 0x00,
    0x00, 0x00, 0x00, 0x00, 0x00, 0x00, 0x00, 0x00, 0x00, 0x00, 0x00, 0x00, 0x00, 0x00, 0x05, 0x39,
    0x8c, 0xd8, 0xee, 0xf7, 0xf7, 0xee, 0xd8, 0x8f, 0x3c, 0x06, 0x77, 0xb4, 0x34, 0x00, 0x00, 0x00,
    0x00, 0x00, 0x00, 0x00, 0x00, 0x00, 0x00, 0x00, 0x00, 0x00, 0x00, 0x00, 0x00, 0x00, 0x00, 0x00,
    0x00, 0x00, 0x00, 0x00, 0x00, 0x00, 0x59, 0x94, 0x30, 0x04, 0x13, 0x1c, 0x1c, 0x13, 0x03, 0x00,
    0x00, 0x37, 0xfd, 0xff, 0xcf, 0x03, 0x00, 0x00, 0x00, 0x00, 0x00, 0x00, 0x00, 0x00, 0x00, 0x00,
    0x00, 0x00, 0x00, 0x00, 0x00, 0x00, 0x00, 0x00, 0x00, 0x00, 0x00, 0x00, 0x00, 0x33, 0xff, 0xff,
    0xca, 0x01, 0x00, 0x00, 0x00, 0x00, 0x00, 0x00, 0x00, 0x28, 0xfb, 0xff, 0xff, 0x67, 0x00, 0x00,
    0x00, 0x00, 0x00, 0x00, 0x00, 0x00, 0x00, 0x00, 0x00, 0x00, 0x00, 0x00, 0x00, 0x00, 0x00, 0x00,
    0x00, 0x00, 0x00, 0x00, 0x00, 0x81, 0xff, 0xff, 0xca, 0x01, 0x00, 0x00, 0x00, 0x00, 0x00, 0x00,
    0x00, 0x00, 0xa0, 0xff, 0xff, 0xe5, 0x06, 0x00, 0x00, 0x00, 0x00, 0x00, 0x00, 0x00, 0x00, 0x00,
    0x00, 0x00, 0x00, 0x00, 0x00, 0x00, 0x00, 0x00, 0x00, 0x00, 0x00, 0x00, 0x02, 0xc7, 0xff, 0xff,
    0x85, 0x00, 0x00, 0x00, 0x00, 0x00, 0x00, 0x00, 0x00, 0x00, 0x30, 0xf7, 0xff, 0xff, 0x3e, 0x00,
    0x00, 0x00, 0x00, 0x00, 0x00, 0x00, 0x00, 0x00, 0x00, 0x00, 0x00, 0x00, 0x00, 0x00, 0x00, 0x00,
    0x00, 0x00, 0x00, 0x00, 0x1b, 0xf5, 0xff, 0xff, 0x3a, 0x00, 0x00, 0x00, 0x00, 0x00, 0x00, 0x00,
    0x00, 0x00, 0x01, 0x9a, 0xfe, 0xee, 0x15, 0x00, 0x00, 0x00, 0x00, 0x00, 0x00, 0x00, 0x00, 0x00,
    0x00, 0x00, 0x00, 0x00, 0x00, 0x00, 0x00, 0x00, 0x00, 0x00, 0x00, 0x00, 0x15, 0xee, 0xff, 0xda,
    0x05, 0x00, 0x00, 0x00, 0x00, 0x00, 0x00, 0x00, 0x00, 0x00, 0x00, 0x06, 0x36, 0x1d, 0x00, 0x00,
    0x00, 0x00, 0x00, 0x00, 0x00, 0x00, 0x00, 0x00, 0x00, 0x00, 0x00, 0x00, 0x00, 0x00, 0x00, 0x00,
    0x00, 0x00, 0x00, 0x00, 0x00, 0x44, 0x8e, 0x23, 0x00, 0x00, 0x00, 0x00, 0x00, 0x00, 0x00, 0x00,
    0x00, 0x00, 0x00, 0x00, 0x00, 0x00, 0x00, 0x00, 0x00, 0x00, 0x00, 0x00, 0x00, 0x00, 0x00, 0x00,
};
#endif


#elif LV_COLOR_DEPTH == 8

#error "8-bit color depth (LV_COLOR_DEPTH == 8) is not yet supported for image export. Use 16 or 32-bit."

#else
#error "Unsupported LV_COLOR_DEPTH. Please use 16 or 32."
#endif

const lv_img_dsc_t day_clear = {
#if LV_COLOR_DEPTH == 32
    .header.cf = LV_IMG_CF_TRUE_COLOR_ALPHA,
    .header.always_zero = 0,
    .header.reserved = 0,
    .header.w = 40,
    .header.h = 40,
    .data_size = 6400,
    .data = day_clear_argb8888_map,
#elif LV_COLOR_DEPTH == 16
    .header.cf = LV_IMG_CF_RGB565A8,
    .header.always_zero = 0,
    .header.reserved = 0,
    .header.w = 40,
    .header.h = 40,
    .data_size = 4800, /* RGB565 (3200) + Alpha (1600) */
#if LV_COLOR_16_SWAP == 0
    .data = day_clear_rgb565a8_map,
#else
    .data = day_clear_rgb565a8_swap_map,
#endif
#endif
};
