/**
 * @file night_full_moon_clear.c
 * @brief LVGL image asset with multi-format support
 *
 * Generated by PicoPixel.io — https://picopixel.io
 *
 * Image: night_full_moon_clear
 * Size: 40 x 40 pixels
 * Has transparency: Yes
 *
 * Color format is selected at compile time based on LV_COLOR_DEPTH:
 * - LV_COLOR_DEPTH == 32: ARGB8888 (best quality, full alpha)
 * - LV_COLOR_DEPTH == 16 with alpha: RGB565A8 (16-bit color + 8-bit alpha)
 * - LV_COLOR_DEPTH == 16 without alpha: RGB565
 */

#include "../screens.h"

#ifndef LV_ATTRIBUTE_MEM_ALIGN
#define LV_ATTRIBUTE_MEM_ALIGN
#endif

#ifndef LV_ATTRIBUTE_LARGE_CONST
#define LV_ATTRIBUTE_LARGE_CONST
#endif

#ifndef LV_ATTRIBUTE_IMG_NIGHT_FULL_MOON_CLEAR
#define LV_ATTRIBUTE_IMG_NIGHT_FULL_MOON_CLEAR
#endif

#ifndef LV_COLOR_16_SWAP
#define LV_COLOR_16_SWAP 0
#endif

/* ============================================================================
 * TRUE_COLOR_ALPHA (ARGB8888) - 32-bit displays with full alpha support
 * ============================================================================ */
#if LV_COLOR_DEPTH == 32

static const LV_ATTRIBUTE_MEM_ALIGN LV_ATTRIBUTE_LARGE_CONST LV_ATTRIBUTE_IMG_NIGHT_FULL_MOON_CLEAR uint8_t night_full_moon_clear_argb8888_map[] = {
    0x00, 0x00, 0x00, 0x00, 0x00, 0x00, 0x00, 0x00, 0x00, 0x00, 0x00, 0x00, 0x00, 0x00, 0x00, 0x00,
    0x00, 0x00, 0x00, 0x00, 0x00, 0x00, 0x00, 0x00, 0x00, 0x00, 0x00, 0x00, 0x00, 0x00, 0x00, 0x00,
    0x00, 0x00, 0x00, 0x00, 0x00, 0x00, 0x00, 0x00, 0x00, 0x00, 0x00, 0x00, 0x00, 0x00, 0x00, 0x00,
    0x00, 0x00, 0x00, 0x00, 0x00, 0x00, 0x00, 0x00, 0x00, 0x00, 0x00, 0x00, 0x00, 0x00, 0x00, 0x00,
    0x00, 0xd8, 0xff, 0x0d, 0x03, 0xd4, 0xff, 0x53, 0x02, 0xd3, 0xff, 0x7f, 0x04, 0xd3, 0xfd, 0x90,
    0x04, 0xd3, 0xfd, 0x90, 0x02, 0xd3, 0xff, 0x7f, 0x03, 0xd0, 0xff, 0x57, 0x00, 0xca, 0xff, 0x18,
    0x00, 0x00, 0x00, 0x00, 0x00, 0x00, 0x00, 0x00, 0x00, 0x00, 0x00, 0x00, 0x00, 0x00, 0x00, 0x00,
    0x00, 0x00, 0x00, 0x00, 0x00, 0x00, 0x00, 0x00, 0x00, 0x00, 0x00, 0x00, 0x00, 0x00, 0x00, 0x00,
    0x00, 0x00, 0x00, 0x00, 0x00, 0x00, 0x00, 0x00, 0x00, 0x00, 0x00, 0x00, 0x00, 0x00, 0x00, 0x00,
    0x00, 0x00, 0x00, 0x00, 0x00, 0x00, 0x00, 0x00, 0x00, 0x00, 0x00, 0x00, 0x00, 0x00, 0x00, 0x00,
    0x00, 0x00, 0x00, 0x00, 0x00, 0x00, 0x00, 0x00, 0x00, 0x00, 0x00, 0x00, 0x00, 0x00, 0x00, 0x00,
    0x00, 0x00, 0x00, 0x00, 0x00, 0x00, 0x00, 0x00, 0x00, 0x00, 0x00, 0x00, 0x00, 0x00, 0x00, 0x00,
    0x00, 0x00, 0x00, 0x00, 0x00, 0x00, 0x00, 0x00, 0x00, 0x00, 0x00, 0x00, 0x00, 0x00, 0x00, 0x00,
    0x00, 0xff, 0xff, 0x01, 0x00, 0xd2, 0xff, 0x22, 0x02, 0xd1, 0xff, 0x70, 0x03, 0xd2, 0xfe, 0xbf,
    0x03, 0xd3, 0xfe, 0xf6, 0x03, 0xd4, 0xfd, 0xff, 0x03, 0xd4, 0xfd, 0xff, 0x03, 0xd4, 0xfd, 0xff,
    0x03, 0xd4, 0xfd, 0xff, 0x03, 0xd3, 0xfd, 0xff, 0x04, 0xd3, 0xfd, 0xff, 0x04, 0xd2, 0xfd, 0xfc,
    0x04, 0xcf, 0xfd, 0xd1, 0x04, 0xd0, 0xfd, 0x83, 0x05, 0xce, 0xff, 0x2f, 0x00, 0xff, 0xff, 0x02,
    0x00, 0x00, 0x00, 0x00, 0x00, 0x00, 0x00, 0x00, 0x00, 0x00, 0x00, 0x00, 0x00, 0x00, 0x00, 0x00,
    0x00, 0x00, 0x00, 0x00, 0x00, 0x00, 0x00, 0x00, 0x00, 0x00, 0x00, 0x00, 0x00, 0x00, 0x00, 0x00,
    0x00, 0x00, 0x00, 0x00, 0x00, 0x00, 0x00, 0x00, 0x00, 0x00, 0x00, 0x00, 0x00, 0x00, 0x00, 0x00,
    0x00, 0x00, 0x00, 0x00, 0x00, 0x00, 0x00, 0x00, 0x00, 0x00, 0x00, 0x00, 0x00, 0x00, 0x00, 0x00,
    0x00, 0x00, 0x00, 0x00, 0x00, 0x00, 0x00, 0x00, 0x00, 0x00, 0x00, 0x00, 0x00, 0x00, 0x00, 0x00,
    0x00, 0x00, 0x00, 0x00, 0x00, 0x00, 0x00, 0x00, 0x00, 0x00, 0x00, 0x00, 0x07, 0xcf, 0xff, 0x25,
    0x04, 0xd2, 0xfe, 0xae, 0x03, 0xd2, 0xfe, 0xf5, 0x02, 0xd4, 0xfd, 0xff, 0x02, 0xd6, 0xfc, 0xff,
    0x02, 0xd6, 0xfc, 0xff, 0x02, 0xd6, 0xfb, 0xff, 0x03, 0xd5, 0xfb, 0xff, 0x03, 0xd5, 0xfb, 0xff,
    0x03, 0xd5, 0xfb, 0xff, 0x03, 0xd4, 0xfb, 0xff, 0x03, 0xd4, 0xfb, 0xff, 0x04, 0xd4, 0xfb, 0xff,
    0x04, 0xd3, 0xfb, 0xff, 0x04, 0xd2, 0xfb, 0xff, 0x05, 0xd0, 0xfc, 0xf9, 0x06, 0xd0, 0xfe, 0xb7,
    0x05, 0xd0, 0xff, 0x31, 0x00, 0x00, 0x00, 0x00, 0x00, 0x00, 0x00, 0x00, 0x00, 0x00, 0x00, 0x00,
    0x00, 0x00, 0x00, 0x00, 0x00, 0x00, 0x00, 0x00, 0x00, 0x00, 0x00, 0x00, 0x00, 0x00, 0x00, 0x00,
    0x00, 0x00, 0x00, 0x00, 0x00, 0x00, 0x00, 0x00, 0x00, 0x00, 0x00, 0x00, 0x00, 0x00, 0x00, 0x00,
    0x00, 0x00, 0x00, 0x00, 0x00, 0x00, 0x00, 0x00, 0x00, 0x00, 0x00, 0x00, 0x00, 0x00, 0x00, 0x00,
    0x00, 0x00, 0x00, 0x00, 0x00, 0x00, 0x00, 0x00, 0x00, 0x00, 0x00, 0x00, 0x00, 0x00, 0x00, 0x00,
    0x00, 0x00, 0x00, 0x00, 0x00, 0xd4, 0xff, 0x0c, 0x04, 0xd1, 0xfd, 0x8a, 0x04, 0xd2, 0xfd, 0xef,
    0x03, 0xd4, 0xfc, 0xff, 0x03, 0xd5, 0xfb, 0xff, 0x03, 0xd5, 0xfb, 0xff, 0x03, 0xd5, 0xfb, 0xff,
    0x03, 0xd4, 0xfb, 0xff, 0x04, 0xd4, 0xfb, 0xff, 0x04, 0xd4, 0xfa, 0xff, 0x04, 0xd3, 0xfa, 0xff,
    0x04, 0xd3, 0xfa, 0xff, 0x04, 0xd3, 0xfa, 0xff, 0x05, 0xd2, 0xfa, 0xff, 0x05, 0xd2, 0xfa, 0xff,
    0x05, 0xd2, 0xfa, 0xff, 0x05, 0xd1, 0xf9, 0xff, 0x05, 0xd1, 0xf9, 0xff, 0x06, 0xd0, 0xfa, 0xff,
    0x05, 0xcf, 0xfb, 0xf3, 0x05, 0xcd, 0xfc, 0x95, 0x00, 0xcc, 0xff, 0x0f, 0x00, 0x00, 0x00, 0x00,
    0x00, 0x00, 0x00, 0x00, 0x00, 0x00, 0x00, 0x00, 0x00, 0x00, 0x00, 0x00, 0x00, 0x00, 0x00, 0x00,
    0x00, 0x00, 0x00, 0x00, 0x00, 0x00, 0x00, 0x00, 0x00, 0x00, 0x00, 0x00, 0x00, 0x00, 0x00, 0x00,
    0x00, 0x00, 0x00, 0x00, 0x00, 0x00, 0x00, 0x00, 0x00, 0x00, 0x00, 0x00, 0x00, 0x00, 0x00, 0x00,
    0x00, 0x00, 0x00, 0x00, 0x00, 0x00, 0x00, 0x00, 0x00, 0x00, 0x00, 0x00, 0x00, 0x00, 0x00, 0x00,
    0x06, 0xd1, 0xff, 0x2c, 0x04, 0xd1, 0xfd, 0xd2, 0x04, 0xd2, 0xfc, 0xff, 0x03, 0xd4, 0xfb, 0xff,
    0x04, 0xd4, 0xfa, 0xff, 0x04, 0xd3, 0xfa, 0xff, 0x04, 0xd3, 0xfa, 0xff, 0x04, 0xd3, 0xfa, 0xff,
    0x04, 0xd2, 0xfa, 0xff, 0x05, 0xd2, 0xfa, 0xff, 0x05, 0xd2, 0xfa, 0xff, 0x05, 0xd1, 0xf9, 0xff,
    0x05, 0xd1, 0xf9, 0xff, 0x05, 0xd1, 0xf9, 0xff, 0x06, 0xd0, 0xf9, 0xff, 0x06, 0xd0, 0xf9, 0xff,
    0x06, 0xd0, 0xf9, 0xff, 0x06, 0xd0, 0xf9, 0xff, 0x06, 0xcf, 0xf8, 0xff, 0x07, 0xcf, 0xf8, 0xff,
    0x07, 0xcf, 0xf8, 0xff, 0x07, 0xce, 0xf9, 0xff, 0x06, 0xcd, 0xfb, 0xd8, 0x05, 0xca, 0xfa, 0x30,
    0x00, 0x00, 0x00, 0x00, 0x00, 0x00, 0x00, 0x00, 0x00, 0x00, 0x00, 0x00, 0x00, 0x00, 0x00, 0x00,
    0x00, 0x00, 0x00, 0x00, 0x00, 0x00, 0x00, 0x00, 0x00, 0x00, 0x00, 0x00, 0x00, 0x00, 0x00, 0x00,
    0x00, 0x00, 0x00, 0x00, 0x00, 0x00, 0x00, 0x00, 0x00, 0x00, 0x00, 0x00, 0x00, 0x00, 0x00, 0x00,
    0x00, 0x00, 0x00, 0x00, 0x00, 0x00, 0x00, 0x00, 0x00, 0x00, 0x00, 0x00, 0x06, 0xd0, 0xfc, 0x57,
    0x05, 0xd0, 0xfc, 0xf1, 0x05, 0xd2, 0xfa, 0xff, 0x05, 0xd2, 0xfa, 0xff, 0x05, 0xd2, 0xfa, 0xff,
    0x05, 0xd2, 0xfa, 0xff, 0x05, 0xd1, 0xf9, 0xff, 0x05, 0xd1, 0xf9, 0xff, 0x06, 0xd1, 0xf9, 0xff,
    0x06, 0xd0, 0xf9, 0xff, 0x06, 0xd0, 0xf9, 0xff, 0x06, 0xd0, 0xf9, 0xff, 0x06, 0xcf, 0xf9, 0xff,
    0x07, 0xcf, 0xf8, 0xff, 0x07, 0xcf, 0xf8, 0xff, 0x07, 0xcf, 0xf8, 0xff, 0x09, 0xca, 0xf6, 0xff,
    0x08, 0xcb, 0xf7, 0xff, 0x08, 0xce, 0xf8, 0xff, 0x08, 0xcd, 0xf8, 0xff, 0x08, 0xcd, 0xf7, 0xff,
    0x08, 0xcd, 0xf7, 0xff, 0x08, 0xcc, 0xf7, 0xff, 0x08, 0xcc, 0xf7, 0xff, 0x07, 0xcc, 0xfa, 0xf2,
    0x07, 0xcd, 0xfc, 0x4d, 0x00, 0x00, 0x00, 0x00, 0x00, 0x00, 0x00, 0x00, 0x00, 0x00, 0x00, 0x00,
    0x00, 0x00, 0x00, 0x00, 0x00, 0x00, 0x00, 0x00, 0x00, 0x00, 0x00, 0x00, 0x00, 0x00, 0x00, 0x00,
    0x00, 0x00, 0x00, 0x00, 0x00, 0x00, 0x00, 0x00, 0x00, 0x00, 0x00, 0x00, 0x00, 0x00, 0x00, 0x00,
    0x00, 0x00, 0x00, 0x00, 0x00, 0x00, 0x00, 0x00, 0x06, 0xce, 0xfc, 0x59, 0x05, 0xd0, 0xfb, 0xf8,
    0x05, 0xd1, 0xfa, 0xff, 0x05, 0xd1, 0xf9, 0xff, 0x06, 0xd0, 0xf9, 0xff, 0x06, 0xd0, 0xf9, 0xff,
    0x06, 0xd0, 0xf9, 0xff, 0x06, 0xcf, 0xf9, 0xff, 0x06, 0xcf, 0xf8, 0xff, 0x07, 0xcf, 0xf8, 0xff,
    0x07, 0xcf, 0xf8, 0xff, 0x07, 0xce, 0xf8, 0xff, 0x07, 0xce, 0xf8, 0xff, 0x07, 0xce, 0xf8, 0xff,
    0x08, 0xcd, 0xf8, 0xff, 0x08, 0xcd, 0xf7, 0xff, 0x0a, 0xc8, 0xf5, 0xff, 0x12, 0xb6, 0xed, 0xff,
    0x11, 0xb8, 0xee, 0xff, 0x09, 0xcc, 0xf7, 0xff, 0x09, 0xcb, 0xf7, 0xff, 0x09, 0xcb, 0xf7, 0xff,
    0x09, 0xcb, 0xf6, 0xff, 0x09, 0xca, 0xf6, 0xff, 0x0a, 0xca, 0xf6, 0xff, 0x0a, 0xca, 0xf6, 0xff,
    0x09, 0xca, 0xf8, 0xf8, 0x08, 0xcb, 0xfa, 0x5d, 0x00, 0x00, 0x00, 0x00, 0x00, 0x00, 0x00, 0x00,
    0x00, 0x00, 0x00, 0x00, 0x00, 0x00, 0x00, 0x00, 0x00, 0x00, 0x00, 0x00, 0x00, 0x00, 0x00, 0x00,
    0x00, 0x00, 0x00, 0x00, 0x00, 0x00, 0x00, 0x00, 0x00, 0x00, 0x00, 0x00, 0x00, 0x00, 0x00, 0x00,
    0x00, 0x00, 0x00, 0x00, 0x06, 0xcf, 0xfc, 0x55, 0x05, 0xcf, 0xfb, 0xf8, 0x06, 0xcf, 0xf8, 0xff,
    0x07, 0xcf, 0xf8, 0xff, 0x07, 0xcf, 0xf8, 0xff, 0x07, 0xce, 0xf8, 0xff, 0x07, 0xce, 0xf8, 0xff,
    0x07, 0xce, 0xf8, 0xff, 0x08, 0xcd, 0xf8, 0xff, 0x08, 0xcd, 0xf7, 0xff, 0x08, 0xcd, 0xf7, 0xff,
    0x08, 0xcd, 0xf7, 0xff, 0x09, 0xcc, 0xf7, 0xff, 0x09, 0xcc, 0xf7, 0xff, 0x09, 0xcc, 0xf7, 0xff,
    0x09, 0xcb, 0xf7, 0xff, 0x09, 0xcb, 0xf6, 0xff, 0x0d, 0xc2, 0xf2, 0xff, 0x13, 0xb4, 0xec, 0xff,
    0x13, 0xb4, 0xec, 0xff, 0x0b, 0xc8, 0xf5, 0xff, 0x0a, 0xc9, 0xf6, 0xff, 0x0a, 0xc9, 0xf6, 0xff,
    0x0b, 0xc9, 0xf5, 0xff, 0x0b, 0xc8, 0xf5, 0xff, 0x0b, 0xc8, 0xf5, 0xff, 0x0b, 0xc8, 0xf5, 0xff,
    0x0b, 0xc8, 0xf5, 0xff, 0x0b, 0xc9, 0xf6, 0xf8, 0x09, 0xc8, 0xf9, 0x58, 0x00, 0x00, 0x00, 0x00,
    0x00, 0x00, 0x00, 0x00, 0x00, 0x00, 0x00, 0x00, 0x00, 0x00, 0x00, 0x00, 0x00, 0x00, 0x00, 0x00,
    0x00, 0x00, 0x00, 0x00, 0x00, 0x00, 0x00, 0x00, 0x00, 0x00, 0x00, 0x00, 0x00, 0x00, 0x00, 0x00,
    0x06, 0xd0, 0xf9, 0x2b, 0x06, 0xcd, 0xfb, 0xf0, 0x07, 0xce, 0xf8, 0xff, 0x08, 0xce, 0xf8, 0xff,
    0x08, 0xcd, 0xf7, 0xff, 0x08, 0xcd, 0xf7, 0xff, 0x08, 0xcd, 0xf7, 0xff, 0x08, 0xcc, 0xf7, 0xff,
    0x09, 0xcc, 0xf7, 0xff, 0x09, 0xcc, 0xf7, 0xff, 0x09, 0xcb, 0xf7, 0xff, 0x09, 0xcb, 0xf6, 0xff,
    0x09, 0xcb, 0xf6, 0xff, 0x0a, 0xca, 0xf6, 0xff, 0x0a, 0xca, 0xf6, 0xff, 0x0a, 0xca, 0xf6, 0xff,
    0x0a, 0xc9, 0xf6, 0xff, 0x0a, 0xc9, 0xf6, 0xff, 0x0c, 0xc6, 0xf4, 0xff, 0x13, 0xb5, 0xec, 0xff,
    0x13, 0xb5, 0xec, 0xff, 0x0b, 0xc7, 0xf5, 0xff, 0x0b, 0xc8, 0xf5, 0xff, 0x0c, 0xc7, 0xf5, 0xff,
    0x0c, 0xc7, 0xf5, 0xff, 0x0c, 0xc7, 0xf4, 0xff, 0x0c, 0xc6, 0xf4, 0xff, 0x0c, 0xc6, 0xf4, 0xff,
    0x0d, 0xc6, 0xf4, 0xff, 0x0d, 0xc5, 0xf4, 0xff, 0x0d, 0xc5, 0xf4, 0xf0, 0x0c, 0xc2, 0xf3, 0x2a,
    0x00, 0x00, 0x00, 0x00, 0x00, 0x00, 0x00, 0x00, 0x00, 0x00, 0x00, 0x00, 0x00, 0x00, 0x00, 0x00,
    0x00, 0x00, 0x00, 0x00, 0x00, 0x00, 0x00, 0x00, 0x00, 0x00, 0x00, 0x00, 0x00, 0xd1, 0xff, 0x0b,
    0x07, 0xcc, 0xfa, 0xd1, 0x08, 0xcc, 0xf7, 0xff, 0x09, 0xcc, 0xf7, 0xff, 0x09, 0xcc, 0xf7, 0xff,
    0x09, 0xcb, 0xf7, 0xff, 0x09, 0xcb, 0xf7, 0xff, 0x09, 0xcb, 0xf6, 0xff, 0x0a, 0xca, 0xf6, 0xff,
    0x0a, 0xca, 0xf6, 0xff, 0x0a, 0xca, 0xf6, 0xff, 0x0a, 0xca, 0xf6, 0xff, 0x0a, 0xc9, 0xf6, 0xff,
    0x0b, 0xc9, 0xf6, 0xff, 0x0b, 0xc9, 0xf5, 0xff, 0x0b, 0xc8, 0xf5, 0xff, 0x0b, 0xc8, 0xf5, 0xff,
    0x0b, 0xc8, 0xf5, 0xff, 0x0c, 0xc7, 0xf5, 0xff, 0x0c, 0xc7, 0xf5, 0xff, 0x0c, 0xc6, 0xf4, 0xff,
    0x0d, 0xc6, 0xf4, 0xff, 0x0c, 0xc6, 0xf4, 0xff, 0x0c, 0xc6, 0xf4, 0xff, 0x0d, 0xc5, 0xf4, 0xff,
    0x0d, 0xc5, 0xf4, 0xff, 0x0d, 0xc5, 0xf4, 0xff, 0x0d, 0xc5, 0xf3, 0xff, 0x0d, 0xc4, 0xf3, 0xff,
    0x0e, 0xc4, 0xf3, 0xff, 0x0e, 0xc4, 0xf3, 0xff, 0x0e, 0xc3, 0xf3, 0xff, 0x0e, 0xc3, 0xf3, 0xcf,
    0x17, 0xb9, 0xe8, 0x0b, 0x00, 0x00, 0x00, 0x00, 0x00, 0x00, 0x00, 0x00, 0x00, 0x00, 0x00, 0x00,
    0x00, 0x00, 0x00, 0x00, 0x00, 0x00, 0x00, 0x00, 0x00, 0x00, 0x00, 0x00, 0x09, 0xcc, 0xf9, 0x8b,
    0x09, 0xcb, 0xf7, 0xff, 0x0a, 0xca, 0xf6, 0xff, 0x0a, 0xca, 0xf6, 0xff, 0x0a, 0xca, 0xf6, 0xff,
    0x0a, 0xc9, 0xf6, 0xff, 0x0a, 0xc9, 0xf6, 0xff, 0x0b, 0xc9, 0xf5, 0xff, 0x0b, 0xc9, 0xf5, 0xff,
    0x0b, 0xc8, 0xf5, 0xff, 0x0b, 0xc8, 0xf5, 0xff, 0x0b, 0xc8, 0xf5, 0xff, 0x0c, 0xc7, 0xf5, 0xff,
    0x0c, 0xc7, 0xf5, 0xff, 0x0c, 0xc7, 0xf4, 0xff, 0x0c, 0xc6, 0xf4, 0xff, 0x0c, 0xc6, 0xf4, 0xff,
    0x0d, 0xc6, 0xf4, 0xff, 0x0d, 0xc5, 0xf4, 0xff, 0x0d, 0xc5, 0xf4, 0xff, 0x0d, 0xc5, 0xf4, 0xff,
    0x0d, 0xc4, 0xf3, 0xff, 0x0e, 0xc4, 0xf3, 0xff, 0x0e, 0xc4, 0xf3, 0xff, 0x0e, 0xc4, 0xf3, 0xff,
    0x0e, 0xc3, 0xf3, 0xff, 0x0e, 0xc3, 0xf3, 0xff, 0x0f, 0xc3, 0xf3, 0xff, 0x0f, 0xc2, 0xf2, 0xff,
    0x0f, 0xc2, 0xf2, 0xff, 0x0f, 0xc2, 0xf2, 0xff, 0x0f, 0xc1, 0xf2, 0xff, 0x10, 0xc1, 0xf2, 0xff,
    0x0f, 0xc1, 0xf2, 0x87, 0x00, 0x00, 0x00, 0x00, 0x00, 0x00, 0x00, 0x00, 0x00, 0x00, 0x00, 0x00,
    0x00, 0x00, 0x00, 0x00, 0x00, 0x00, 0x00, 0x00, 0x0d, 0xcc, 0xf9, 0x28, 0x0a, 0xc9, 0xf6, 0xf0,
    0x0b, 0xc9, 0xf5, 0xff, 0x0b, 0xc8, 0xf5, 0xff, 0x0b, 0xc8, 0xf5, 0xff, 0x0c, 0xc5, 0xf4, 0xff,
    0x0c, 0xc6, 0xf4, 0xff, 0x0c, 0xc7, 0xf5, 0xff, 0x0c, 0xc7, 0xf5, 0xff, 0x0c, 0xc7, 0xf5, 0xff,
    0x0c, 0xc6, 0xf4, 0xff, 0x0c, 0xc6, 0xf4, 0xff, 0x0d, 0xc6, 0xf4, 0xff, 0x0d, 0xc5, 0xf4, 0xff,
    0x0d, 0xc5, 0xf4, 0xff, 0x0d, 0xc5, 0xf4, 0xff, 0x0d, 0xc4, 0xf3, 0xff, 0x0e, 0xc4, 0xf3, 0xff,
    0x0e, 0xc4, 0xf3, 0xff, 0x0e, 0xc3, 0xf3, 0xff, 0x0e, 0xc3, 0xf3, 0xff, 0x0e, 0xc3, 0xf3, 0xff,
    0x0f, 0xc3, 0xf3, 0xff, 0x0f, 0xc2, 0xf2, 0xff, 0x0f, 0xc2, 0xf2, 0xff, 0x0f, 0xc2, 0xf2, 0xff,
    0x0f, 0xc1, 0xf2, 0xff, 0x0f, 0xc1, 0xf2, 0xff, 0x10, 0xc1, 0xf2, 0xff, 0x10, 0xc0, 0xf2, 0xff,
    0x10, 0xc0, 0xf1, 0xff, 0x10, 0xc0, 0xf1, 0xff, 0x11, 0xbf, 0xf1, 0xff, 0x11, 0xbf, 0xf1, 0xff,
    0x11, 0xbf, 0xf1, 0xee, 0x12, 0xc1, 0xed, 0x1d, 0x00, 0x00, 0x00, 0x00, 0x00, 0x00, 0x00, 0x00,
    0x00, 0x00, 0x00, 0x00, 0x00, 0xff, 0xff, 0x01, 0x0b, 0xc7, 0xf5, 0xb3, 0x0c, 0xc7, 0xf5, 0xff,
    0x0c, 0xc7, 0xf4, 0xff, 0x0c, 0xc6, 0xf4, 0xff, 0x13, 0xb4, 0xec, 0xff, 0x1a, 0xa5, 0xe5, 0xff,
    0x19, 0xa9, 0xe7, 0xff, 0x0e, 0xc4, 0xf3, 0xff, 0x0d, 0xc5, 0xf4, 0xff, 0x0d, 0xc5, 0xf3, 0xff,
    0x0e, 0xc4, 0xf3, 0xff, 0x0e, 0xc4, 0xf3, 0xff, 0x0e, 0xc4, 0xf3, 0xff, 0x0e, 0xc3, 0xf3, 0xff,
    0x0e, 0xc3, 0xf3, 0xff, 0x0f, 0xc3, 0xf3, 0xff, 0x0f, 0xc2, 0xf2, 0xff, 0x0f, 0xc2, 0xf2, 0xff,
    0x0f, 0xc2, 0xf2, 0xff, 0x0f, 0xc1, 0xf2, 0xff, 0x10, 0xc1, 0xf2, 0xff, 0x10, 0xc1, 0xf2, 0xff,
    0x10, 0xc1, 0xf2, 0xff, 0x10, 0xc0, 0xf1, 0xff, 0x10, 0xc0, 0xf1, 0xff, 0x11, 0xc0, 0xf1, 0xff,
    0x11, 0xbf, 0xf1, 0xff, 0x11, 0xbf, 0xf1, 0xff, 0x11, 0xbf, 0xf1, 0xff, 0x11, 0xbe, 0xf1, 0xff,
    0x12, 0xbe, 0xf0, 0xff, 0x12, 0xbe, 0xf0, 0xff, 0x12, 0xbd, 0xf0, 0xff, 0x12, 0xbd, 0xf0, 0xff,
    0x12, 0xbd, 0xf0, 0xff, 0x13, 0xbd, 0xef, 0x93, 0x00, 0x00, 0x00, 0x00, 0x00, 0x00, 0x00, 0x00,
    0x00, 0x00, 0x00, 0x00, 0x0d, 0xc6, 0xf2, 0x28, 0x0d, 0xc6, 0xf4, 0xf7, 0x0d, 0xc5, 0xf4, 0xff,
    0x0d, 0xc5, 0xf4, 0xff, 0x11, 0xbb, 0xef, 0xff, 0x1b, 0xa3, 0xe4, 0xff, 0x1b, 0xa2, 0xe4, 0xff,
    0x1b, 0xa2, 0xe4, 0xff, 0x13, 0xb7, 0xee, 0xff, 0x0e, 0xc3, 0xf3, 0xff, 0x0e, 0xc3, 0xf3, 0xff,
    0x0f, 0xc2, 0xf2, 0xff, 0x0f, 0xc2, 0xf2, 0xff, 0x0f, 0xc2, 0xf2, 0xff, 0x0f, 0xc2, 0xf2, 0xff,
    0x12, 0xbc, 0xef, 0xff, 0x16, 0xb1, 0xeb, 0xff, 0x15, 0xb3, 0xec, 0xff, 0x11, 0xbf, 0xf1, 0xff,
    0x10, 0xc0, 0xf1, 0xff, 0x10, 0xc0, 0xf1, 0xff, 0x11, 0xbf, 0xf1, 0xff, 0x11, 0xbf, 0xf1, 0xff,
    0x11, 0xbf, 0xf1, 0xff, 0x11, 0xbe, 0xf1, 0xff, 0x11, 0xbe, 0xf0, 0xff, 0x12, 0xbe, 0xf0, 0xff,
    0x12, 0xbd, 0xf0, 0xff, 0x12, 0xbd, 0xf0, 0xff, 0x12, 0xbd, 0xf0, 0xff, 0x12, 0xbd, 0xf0, 0xff,
    0x13, 0xbc, 0xf0, 0xff, 0x13, 0xbc, 0xef, 0xff, 0x13, 0xbc, 0xef, 0xff, 0x13, 0xbb, 0xef, 0xff,
    0x13, 0xbb, 0xef, 0xff, 0x14, 0xbb, 0xef, 0xf2, 0x12, 0xb9, 0xed, 0x1d, 0x00, 0x00, 0x00, 0x00,
    0x00, 0x00, 0x00, 0x00, 0x0e, 0xc3, 0xf3, 0x7c, 0x0e, 0xc4, 0xf3, 0xff, 0x0e, 0xc3, 0xf3, 0xff,
    0x0e, 0xc3, 0xf3, 0xff, 0x16, 0xb1, 0xea, 0xff, 0x1c, 0xa2, 0xe4, 0xff, 0x1c, 0xa1, 0xe3, 0xff,
    0x1c, 0xa1, 0xe3, 0xff, 0x15, 0xb2, 0xeb, 0xff, 0x0f, 0xc1, 0xf2, 0xff, 0x10, 0xc1, 0xf2, 0xff,
    0x10, 0xc1, 0xf2, 0xff, 0x10, 0xc0, 0xf2, 0xff, 0x10, 0xc0, 0xf1, 0xff, 0x12, 0xbc, 0xf0, 0xff,
    0x19, 0xa8, 0xe7, 0xff, 0x1a, 0xa6, 0xe6, 0xff, 0x1a, 0xa6, 0xe6, 0xff, 0x17, 0xb0, 0xea, 0xff,
    0x11, 0xbe, 0xf0, 0xff, 0x12, 0xbe, 0xf0, 0xff, 0x12, 0xbd, 0xf0, 0xff, 0x12, 0xbd, 0xf0, 0xff,
    0x12, 0xbd, 0xf0, 0xff, 0x12, 0xbd, 0xf0, 0xff, 0x13, 0xbc, 0xf0, 0xff, 0x13, 0xbc, 0xef, 0xff,
    0x13, 0xbc, 0xef, 0xff, 0x13, 0xbb, 0xef, 0xff, 0x13, 0xbb, 0xef, 0xff, 0x14, 0xbb, 0xef, 0xff,
    0x14, 0xba, 0xef, 0xff, 0x14, 0xba, 0xef, 0xff, 0x14, 0xba, 0xee, 0xff, 0x14, 0xb9, 0xee, 0xff,
    0x15, 0xb9, 0xee, 0xff, 0x15, 0xb9, 0xee, 0xff, 0x16, 0xb9, 0xee, 0x69, 0x00, 0x00, 0x00, 0x00,
    0x00, 0x00, 0x00, 0x00, 0x0f, 0xc2, 0xf2, 0xcc, 0x0f, 0xc2, 0xf2, 0xff, 0x0f, 0xc1, 0xf2, 0xff,
    0x0f, 0xc1, 0xf2, 0xff, 0x16, 0xaf, 0xea, 0xff, 0x1c, 0xa1, 0xe3, 0xff, 0x1c, 0xa0, 0xe3, 0xff,
    0x1c, 0xa0, 0xe3, 0xff, 0x13, 0xb8, 0xee, 0xff, 0x11, 0xbf, 0xf1, 0xff, 0x11, 0xbf, 0xf1, 0xff,
    0x11, 0xbf, 0xf1, 0xff, 0x11, 0xbe, 0xf1, 0xff, 0x11, 0xbe, 0xf0, 0xff, 0x18, 0xae, 0xe9, 0xff,
    0x1b, 0xa5, 0xe5, 0xff, 0x1b, 0xa5, 0xe5, 0xff, 0x1b, 0xa5, 0xe5, 0xff, 0x18, 0xac, 0xe8, 0xff,
    0x13, 0xbc, 0xf0, 0xff, 0x13, 0xbc, 0xef, 0xff, 0x13, 0xbc, 0xef, 0xff, 0x13, 0xbb, 0xef, 0xff,
    0x13, 0xbb, 0xef, 0xff, 0x14, 0xbb, 0xef, 0xff, 0x14, 0xba, 0xef, 0xff, 0x14, 0xba, 0xef, 0xff,
    0x14, 0xba, 0xee, 0xff, 0x14, 0xb9, 0xee, 0xff, 0x15, 0xb9, 0xee, 0xff, 0x15, 0xb9, 0xee, 0xff,
    0x15, 0xb8, 0xee, 0xff, 0x15, 0xb8, 0xee, 0xff, 0x15, 0xb8, 0xee, 0xff, 0x16, 0xb8, 0xed, 0xff,
    0x16, 0xb7, 0xed, 0xff, 0x16, 0xb7, 0xed, 0xff, 0x16, 0xb6, 0xed, 0xba, 0x00, 0x00, 0x00, 0x00,
    0x0c, 0xb9, 0xf3, 0x16, 0x10, 0xc0, 0xf2, 0xfb, 0x10, 0xc0, 0xf1, 0xff, 0x10, 0xc0, 0xf1, 0xff,
    0x11, 0xbf, 0xf1, 0xff, 0x13, 0xb9, 0xef, 0xff, 0x1c, 0xa3, 0xe5, 0xff, 0x1c, 0xa2, 0xe4, 0xff,
    0x18, 0xae, 0xe9, 0xff, 0x12, 0xbe, 0xf0, 0xff, 0x12, 0xbd, 0xf0, 0xff, 0x12, 0xbd, 0xf0, 0xff,
    0x12, 0xbd, 0xf0, 0xff, 0x12, 0xbc, 0xf0, 0xff, 0x13, 0xbc, 0xf0, 0xff, 0x1a, 0xa8, 0xe6, 0xff,
    0x1b, 0xa4, 0xe5, 0xff, 0x1b, 0xa4, 0xe5, 0xff, 0x1b, 0xa4, 0xe5, 0xff, 0x17, 0xb1, 0xeb, 0xff,
    0x14, 0xba, 0xef, 0xff, 0x14, 0xba, 0xef, 0xff, 0x14, 0xba, 0xee, 0xff, 0x14, 0xb9, 0xee, 0xff,
    0x15, 0xb9, 0xee, 0xff, 0x15, 0xb9, 0xee, 0xff, 0x15, 0xb8, 0xee, 0xff, 0x15, 0xb8, 0xee, 0xff,
    0x15, 0xb8, 0xee, 0xff, 0x16, 0xb7, 0xed, 0xff, 0x16, 0xb7, 0xed, 0xff, 0x16, 0xb7, 0xed, 0xff,
    0x16, 0xb7, 0xed, 0xff, 0x16, 0xb6, 0xed, 0xff, 0x17, 0xb6, 0xed, 0xff, 0x17, 0xb6, 0xed, 0xff,
    0x17, 0xb5, 0xec, 0xff, 0x17, 0xb5, 0xec, 0xff, 0x18, 0xb5, 0xec, 0xf5, 0x17, 0xb9, 0xe8, 0x0b,
    0x11, 0xbf, 0xf1, 0x5b, 0x11, 0xbe, 0xf0, 0xff, 0x12, 0xbe, 0xf0, 0xff, 0x12, 0xbe, 0xf0, 0xff,
    0x12, 0xbd, 0xf0, 0xff, 0x12, 0xbd, 0xf0, 0xff, 0x13, 0xbb, 0xef, 0xff, 0x13, 0xbb, 0xef, 0xff,
    0x13, 0xbc, 0xef, 0xff, 0x13, 0xbc, 0xef, 0xff, 0x13, 0xbb, 0xef, 0xff, 0x13, 0xbb, 0xef, 0xff,
    0x14, 0xbb, 0xef, 0xff, 0x14, 0xba, 0xef, 0xff, 0x14, 0xba, 0xef, 0xff, 0x1b, 0xa5, 0xe5, 0xff,
    0x1c, 0xa3, 0xe4, 0xff, 0x1d, 0xa3, 0xe4, 0xff, 0x1b, 0xa7, 0xe6, 0xff, 0x15, 0xb8, 0xee, 0xff,
    0x15, 0xb8, 0xee, 0xff, 0x15, 0xb8, 0xee, 0xff, 0x16, 0xb8, 0xed, 0xff, 0x16, 0xb7, 0xed, 0xff,
    0x16, 0xb7, 0xed, 0xff, 0x16, 0xb7, 0xed, 0xff, 0x16, 0xb6, 0xed, 0xff, 0x17, 0xb6, 0xed, 0xff,
    0x17, 0xb6, 0xed, 0xff, 0x17, 0xb5, 0xec, 0xff, 0x17, 0xb5, 0xec, 0xff, 0x17, 0xb5, 0xec, 0xff,
    0x18, 0xb5, 0xec, 0xff, 0x18, 0xb4, 0xec, 0xff, 0x18, 0xb4, 0xec, 0xff, 0x18, 0xb4, 0xec, 0xff,
    0x18, 0xb3, 0xeb, 0xff, 0x19, 0xb3, 0xeb, 0xff, 0x19, 0xb3, 0xeb, 0xff, 0x1a, 0xb3, 0xec, 0x50,
    0x14, 0xbe, 0xef, 0x81, 0x13, 0xbc, 0xf0, 0xff, 0x13, 0xbc, 0xef, 0xff, 0x13, 0xbc, 0xef, 0xff,
    0x13, 0xbc, 0xef, 0xff, 0x13, 0xbb, 0xef, 0xff, 0x13, 0xbb, 0xef, 0xff, 0x14, 0xbb, 0xef, 0xff,
    0x14, 0xba, 0xef, 0xff, 0x14, 0xba, 0xef, 0xff, 0x14, 0xba, 0xee, 0xff, 0x14, 0xb9, 0xee, 0xff,
    0x15, 0xb9, 0xee, 0xff, 0x15, 0xb9, 0xee, 0xff, 0x15, 0xb8, 0xee, 0xff, 0x18, 0xb1, 0xea, 0xff,
    0x1b, 0xa9, 0xe7, 0xff, 0x1a, 0xab, 0xe8, 0xff, 0x17, 0xb5, 0xec, 0xff, 0x16, 0xb7, 0xed, 0xff,
    0x16, 0xb7, 0xed, 0xff, 0x16, 0xb6, 0xed, 0xff, 0x17, 0xb6, 0xed, 0xff, 0x17, 0xb6, 0xec, 0xff,
    0x18, 0xb3, 0xeb, 0xff, 0x18, 0xb3, 0xeb, 0xff, 0x17, 0xb5, 0xec, 0xff, 0x18, 0xb4, 0xec, 0xff,
    0x18, 0xb4, 0xec, 0xff, 0x18, 0xb4, 0xec, 0xff, 0x18, 0xb3, 0xeb, 0xff, 0x18, 0xb3, 0xeb, 0xff,
    0x19, 0xb3, 0xeb, 0xff, 0x19, 0xb2, 0xeb, 0xff, 0x19, 0xb2, 0xeb, 0xff, 0x19, 0xb2, 0xeb, 0xff,
    0x19, 0xb2, 0xeb, 0xff, 0x1a, 0xb1, 0xea, 0xff, 0x1a, 0xb1, 0xea, 0xff, 0x1b, 0xaf, 0xeb, 0x7d,
    0x13, 0xbb, 0xef, 0x92, 0x14, 0xbb, 0xef, 0xff, 0x14, 0xba, 0xef, 0xff, 0x14, 0xba, 0xef, 0xff,
    0x14, 0xba, 0xee, 0xff, 0x14, 0xb9, 0xee, 0xff, 0x15, 0xb9, 0xee, 0xff, 0x15, 0xb9, 0xee, 0xff,
    0x15, 0xb8, 0xee, 0xff, 0x15, 0xb8, 0xee, 0xff, 0x15, 0xb8, 0xee, 0xff, 0x16, 0xb8, 0xed, 0xff,
    0x16, 0xb7, 0xed, 0xff, 0x16, 0xb7, 0xed, 0xff, 0x16, 0xb7, 0xed, 0xff, 0x16, 0xb6, 0xed, 0xff,
    0x17, 0xb6, 0xed, 0xff, 0x17, 0xb6, 0xec, 0xff, 0x17, 0xb5, 0xec, 0xff, 0x17, 0xb5, 0xec, 0xff,
    0x17, 0xb5, 0xec, 0xff, 0x18, 0xb4, 0xec, 0xff, 0x18, 0xb4, 0xec, 0xff, 0x18, 0xb3, 0xeb, 0xff,
    0x1d, 0xa5, 0xe5, 0xff, 0x1d, 0xa7, 0xe6, 0xff, 0x19, 0xb3, 0xeb, 0xff, 0x19, 0xb2, 0xeb, 0xff,
    0x19, 0xb2, 0xeb, 0xff, 0x19, 0xb2, 0xeb, 0xff, 0x19, 0xb2, 0xeb, 0xff, 0x1a, 0xaf, 0xea, 0xff,
    0x1c, 0xa8, 0xe7, 0xff, 0x1c, 0xab, 0xe8, 0xff, 0x1a, 0xb0, 0xea, 0xff, 0x1a, 0xb0, 0xea, 0xff,
    0x1b, 0xb0, 0xea, 0xff, 0x1b, 0xaf, 0xea, 0xff, 0x1b, 0xaf, 0xe9, 0xff, 0x1b, 0xaf, 0xea, 0x8f,
    0x15, 0xb9, 0xee, 0x92, 0x15, 0xb9, 0xee, 0xff, 0x15, 0xb8, 0xee, 0xff, 0x15, 0xb8, 0xee, 0xff,
    0x16, 0xb8, 0xed, 0xff, 0x16, 0xb7, 0xed, 0xff, 0x16, 0xb7, 0xed, 0xff, 0x16, 0xb7, 0xed, 0xff,
    0x16, 0xb6, 0xed, 0xff, 0x16, 0xb6, 0xed, 0xff, 0x17, 0xb6, 0xed, 0xff, 0x17, 0xb6, 0xec, 0xff,
    0x17, 0xb5, 0xec, 0xff, 0x17, 0xb5, 0xec, 0xff, 0x17, 0xb5, 0xec, 0xff, 0x18, 0xb4, 0xec, 0xff,
    0x18, 0xb4, 0xec, 0xff, 0x18, 0xb4, 0xec, 0xff, 0x18, 0xb3, 0xeb, 0xff, 0x19, 0xb3, 0xeb, 0xff,
    0x19, 0xb3, 0xeb, 0xff, 0x19, 0xb2, 0xeb, 0xff, 0x19, 0xb2, 0xeb, 0xff, 0x1a, 0xb1, 0xeb, 0xff,
    0x1d, 0xa7, 0xe6, 0xff, 0x1b, 0xac, 0xe8, 0xff, 0x1a, 0xb1, 0xea, 0xff, 0x1a, 0xb1, 0xea, 0xff,
    0x1a, 0xb0, 0xea, 0xff, 0x1a, 0xb0, 0xea, 0xff, 0x1b, 0xb0, 0xea, 0xff, 0x1e, 0xa5, 0xe5, 0xff,
    0x1f, 0xa1, 0xe3, 0xff, 0x1f, 0xa2, 0xe4, 0xff, 0x1b, 0xae, 0xe9, 0xff, 0x1c, 0xae, 0xe9, 0xff,
    0x1c, 0xae, 0xe9, 0xff, 0x1c, 0xad, 0xe9, 0xff, 0x1c, 0xad, 0xe9, 0xff, 0x1d, 0xac, 0xe8, 0x8e,
    0x16, 0xb8, 0xed, 0x81, 0x16, 0xb7, 0xed, 0xff, 0x16, 0xb6, 0xed, 0xff, 0x16, 0xb6, 0xed, 0xff,
    0x17, 0xb6, 0xed, 0xff, 0x17, 0xb5, 0xed, 0xff, 0x17, 0xb5, 0xec, 0xff, 0x17, 0xb5, 0xec, 0xff,
    0x17, 0xb5, 0xec, 0xff, 0x18, 0xb4, 0xec, 0xff, 0x18, 0xb4, 0xec, 0xff, 0x18, 0xb4, 0xec, 0xff,
    0x18, 0xb3, 0xec, 0xff, 0x18, 0xb3, 0xeb, 0xff, 0x19, 0xb3, 0xeb, 0xff, 0x19, 0xb2, 0xeb, 0xff,
    0x19, 0xb2, 0xeb, 0xff, 0x19, 0xb2, 0xeb, 0xff, 0x19, 0xb1, 0xeb, 0xff, 0x1a, 0xb1, 0xea, 0xff,
    0x1a, 0xb1, 0xea, 0xff, 0x1a, 0xb1, 0xea, 0xff, 0x1a, 0xb0, 0xea, 0xff, 0x1a, 0xb0, 0xea, 0xff,
    0x1b, 0xb0, 0xea, 0xff, 0x1b, 0xaf, 0xea, 0xff, 0x1b, 0xaf, 0xe9, 0xff, 0x1b, 0xaf, 0xe9, 0xff,
    0x1b, 0xae, 0xe9, 0xff, 0x1c, 0xae, 0xe9, 0xff, 0x1c, 0xae, 0xe9, 0xff, 0x1f, 0xa4, 0xe5, 0xff,
    0x20, 0xa0, 0xe3, 0xff, 0x1f, 0xa3, 0xe4, 0xff, 0x1d, 0xac, 0xe8, 0xff, 0x1d, 0xac, 0xe8, 0xff,
    0x1d, 0xac, 0xe8, 0xff, 0x1d, 0xab, 0xe8, 0xff, 0x1d, 0xab, 0xe8, 0xff, 0x1d, 0xab, 0xe9, 0x7d,
    0x16, 0xb5, 0xed, 0x53, 0x17, 0xb5, 0xec, 0xff, 0x18, 0xb4, 0xec, 0xff, 0x18, 0xb4, 0xec, 0xff,
    0x18, 0xb4, 0xec, 0xff, 0x18, 0xb3, 0xec, 0xff, 0x18, 0xb3, 0xeb, 0xff, 0x19, 0xb3, 0xeb, 0xff,
    0x19, 0xb3, 0xeb, 0xff, 0x19, 0xb2, 0xeb, 0xff, 0x19, 0xb2, 0xeb, 0xff, 0x19, 0xb2, 0xeb, 0xff,
    0x1a, 0xb1, 0xea, 0xff, 0x1a, 0xb1, 0xea, 0xff, 0x1a, 0xb1, 0xea, 0xff, 0x1a, 0xb0, 0xea, 0xff,
    0x1a, 0xb0, 0xea, 0xff, 0x1b, 0xb0, 0xea, 0xff, 0x1b, 0xaf, 0xea, 0xff, 0x1b, 0xaf, 0xe9, 0xff,
    0x1b, 0xaf, 0xe9, 0xff, 0x1b, 0xaf, 0xe9, 0xff, 0x1c, 0xae, 0xe9, 0xff, 0x1c, 0xae, 0xe9, 0xff,
    0x1c, 0xae, 0xe9, 0xff, 0x1c, 0xad, 0xe9, 0xff, 0x1c, 0xad, 0xe8, 0xff, 0x1d, 0xad, 0xe8, 0xff,
    0x1d, 0xac, 0xe8, 0xff, 0x1d, 0xac, 0xe8, 0xff, 0x1d, 0xac, 0xe8, 0xff, 0x1d, 0xaa, 0xe7, 0xff,
    0x1e, 0xa8, 0xe6, 0xff, 0x1e, 0xaa, 0xe7, 0xff, 0x1e, 0xaa, 0xe7, 0xff, 0x1e, 0xaa, 0xe7, 0xff,
    0x1e, 0xaa, 0xe7, 0xff, 0x1f, 0xa9, 0xe7, 0xff, 0x1f, 0xa9, 0xe7, 0xff, 0x1f, 0xa9, 0xe6, 0x53,
    0x12, 0xb6, 0xed, 0x0e, 0x19, 0xb3, 0xeb, 0xf7, 0x19, 0xb3, 0xeb, 0xff, 0x19, 0xb2, 0xeb, 0xff,
    0x19, 0xb2, 0xeb, 0xff, 0x19, 0xb2, 0xeb, 0xff, 0x1a, 0xb1, 0xeb, 0xff, 0x1a, 0xb1, 0xea, 0xff,
    0x1a, 0xb1, 0xea, 0xff, 0x1a, 0xb0, 0xea, 0xff, 0x1a, 0xb0, 0xea, 0xff, 0x1b, 0xb0, 0xea, 0xff,
    0x1b, 0xb0, 0xea, 0xff, 0x1b, 0xaf, 0xe9, 0xff, 0x1b, 0xaf, 0xe9, 0xff, 0x1b, 0xaf, 0xe9, 0xff,
    0x1c, 0xae, 0xe9, 0xff, 0x1c, 0xae, 0xe9, 0xff, 0x1c, 0xae, 0xe9, 0xff, 0x1c, 0xad, 0xe9, 0xff,
    0x1c, 0xad, 0xe8, 0xff, 0x1d, 0xad, 0xe8, 0xff, 0x1d, 0xac, 0xe8, 0xff, 0x1d, 0xac, 0xe8, 0xff,
    0x1d, 0xac, 0xe8, 0xff, 0x1d, 0xab, 0xe8, 0xff, 0x1e, 0xab, 0xe8, 0xff, 0x1e, 0xab, 0xe7, 0xff,
    0x1e, 0xab, 0xe7, 0xff, 0x1e, 0xaa, 0xe7, 0xff, 0x1e, 0xaa, 0xe7, 0xff, 0x1f, 0xaa, 0xe7, 0xff,
    0x1f, 0xa9, 0xe7, 0xff, 0x1f, 0xa9, 0xe7, 0xff, 0x1f, 0xa9, 0xe6, 0xff, 0x1f, 0xa8, 0xe6, 0xff,
    0x20, 0xa8, 0xe6, 0xff, 0x20, 0xa8, 0xe6, 0xff, 0x20, 0xa7, 0xe6, 0xfa, 0x1c, 0xaa, 0xe3, 0x12,
    0x00, 0x00, 0x00, 0x00, 0x1a, 0xb1, 0xea, 0xbe, 0x1a, 0xb1, 0xea, 0xff, 0x1a, 0xb0, 0xea, 0xff,
    0x1a, 0xb0, 0xea, 0xff, 0x1b, 0xb0, 0xea, 0xff, 0x1b, 0xb0, 0xea, 0xff, 0x1b, 0xaf, 0xea, 0xff,
    0x1b, 0xaf, 0xe9, 0xff, 0x1b, 0xaf, 0xe9, 0xff, 0x1b, 0xae, 0xe9, 0xff, 0x1c, 0xae, 0xe9, 0xff,
    0x1c, 0xae, 0xe9, 0xff, 0x1c, 0xad, 0xe9, 0xff, 0x1c, 0xad, 0xe9, 0xff, 0x1c, 0xad, 0xe8, 0xff,
    0x1d, 0xac, 0xe8, 0xff, 0x1d, 0xac, 0xe8, 0xff, 0x1d, 0xac, 0xe8, 0xff, 0x1d, 0xab, 0xe8, 0xff,
    0x1d, 0xab, 0xe8, 0xff, 0x1e, 0xab, 0xe8, 0xff, 0x1e, 0xab, 0xe7, 0xff, 0x1e, 0xaa, 0xe7, 0xff,
    0x1e, 0xaa, 0xe7, 0xff, 0x1e, 0xaa, 0xe7, 0xff, 0x1f, 0xa9, 0xe7, 0xff, 0x1f, 0xa9, 0xe7, 0xff,
    0x1f, 0xa9, 0xe7, 0xff, 0x1f, 0xa8, 0xe6, 0xff, 0x1f, 0xa8, 0xe6, 0xff, 0x20, 0xa8, 0xe6, 0xff,
    0x20, 0xa7, 0xe6, 0xff, 0x20, 0xa7, 0xe6, 0xff, 0x20, 0xa7, 0xe6, 0xff, 0x20, 0xa7, 0xe5, 0xff,
    0x21, 0xa6, 0xe5, 0xff, 0x21, 0xa6, 0xe5, 0xff, 0x21, 0xa6, 0xe6, 0xc9, 0x00, 0x00, 0x00, 0x00,
    0x00, 0x00, 0x00, 0x00, 0x1c, 0xae, 0xea, 0x6e, 0x1b, 0xaf, 0xe9, 0xff, 0x1b, 0xae, 0xe9, 0xff,
    0x1c, 0xae, 0xe9, 0xff, 0x1c, 0xae, 0xe9, 0xff, 0x1c, 0xae, 0xe9, 0xff, 0x1c, 0xad, 0xe9, 0xff,
    0x1c, 0xad, 0xe8, 0xff, 0x1d, 0xad, 0xe8, 0xff, 0x1d, 0xac, 0xe8, 0xff, 0x1d, 0xac, 0xe8, 0xff,
    0x1d, 0xac, 0xe8, 0xff, 0x1d, 0xab, 0xe8, 0xff, 0x1e, 0xab, 0xe8, 0xff, 0x1e, 0xab, 0xe7, 0xff,
    0x1e, 0xaa, 0xe7, 0xff, 0x1e, 0xaa, 0xe7, 0xff, 0x1e, 0xaa, 0xe7, 0xff, 0x1f, 0xaa, 0xe7, 0xff,
    0x1f, 0xa9, 0xe7, 0xff, 0x1f, 0xa9, 0xe7, 0xff, 0x1f, 0xa9, 0xe6, 0xff, 0x1f, 0xa8, 0xe6, 0xff,
    0x20, 0xa8, 0xe6, 0xff, 0x20, 0xa8, 0xe6, 0xff, 0x20, 0xa7, 0xe6, 0xff, 0x20, 0xa7, 0xe6, 0xff,
    0x20, 0xa7, 0xe6, 0xff, 0x21, 0xa6, 0xe5, 0xff, 0x21, 0xa6, 0xe5, 0xff, 0x21, 0xa6, 0xe5, 0xff,
    0x21, 0xa6, 0xe5, 0xff, 0x21, 0xa5, 0xe5, 0xff, 0x22, 0xa5, 0xe5, 0xff, 0x22, 0xa5, 0xe5, 0xff,
    0x22, 0xa4, 0xe4, 0xff, 0x22, 0xa4, 0xe4, 0xff, 0x24, 0xa4, 0xe4, 0x79, 0x00, 0x00, 0x00, 0x00,
    0x00, 0x00, 0x00, 0x00, 0x20, 0xaf, 0xe7, 0x20, 0x1c, 0xad, 0xe9, 0xf4, 0x1d, 0xad, 0xe8, 0xff,
    0x1d, 0xac, 0xe8, 0xff, 0x1d, 0xac, 0xe8, 0xff, 0x1d, 0xac, 0xe8, 0xff, 0x1d, 0xab, 0xe8, 0xff,
    0x1e, 0xab, 0xe8, 0xff, 0x1e, 0xab, 0xe8, 0xff, 0x1e, 0xa8, 0xe6, 0xff, 0x20, 0xa4, 0xe5, 0xff,
    0x1e, 0xaa, 0xe7, 0xff, 0x1e, 0xa9, 0xe7, 0xff, 0x1f, 0xa9, 0xe7, 0xff, 0x1f, 0xa9, 0xe7, 0xff,
    0x1f, 0xa9, 0xe7, 0xff, 0x1f, 0xa8, 0xe6, 0xff, 0x20, 0xa8, 0xe6, 0xff, 0x20, 0xa8, 0xe6, 0xff,
    0x20, 0xa7, 0xe6, 0xff, 0x20, 0xa7, 0xe6, 0xff, 0x21, 0xa6, 0xe5, 0xff, 0x21, 0xa5, 0xe5, 0xff,
    0x21, 0xa6, 0xe5, 0xff, 0x21, 0xa6, 0xe5, 0xff, 0x21, 0xa5, 0xe5, 0xff, 0x21, 0xa5, 0xe5, 0xff,
    0x21, 0xa5, 0xe5, 0xff, 0x22, 0xa4, 0xe5, 0xff, 0x22, 0xa4, 0xe4, 0xff, 0x22, 0xa4, 0xe4, 0xff,
    0x22, 0xa4, 0xe4, 0xff, 0x22, 0xa3, 0xe4, 0xff, 0x23, 0xa3, 0xe4, 0xff, 0x23, 0xa3, 0xe4, 0xff,
    0x23, 0xa2, 0xe4, 0xff, 0x23, 0xa2, 0xe3, 0xf6, 0x22, 0xa1, 0xe4, 0x26, 0x00, 0x00, 0x00, 0x00,
    0x00, 0x00, 0x00, 0x00, 0x00, 0x00, 0x00, 0x00, 0x1f, 0xab, 0xe8, 0xa7, 0x1e, 0xab, 0xe7, 0xff,
    0x1e, 0xaa, 0xe7, 0xff, 0x1e, 0xaa, 0xe7, 0xff, 0x1e, 0xaa, 0xe7, 0xff, 0x1f, 0xa9, 0xe7, 0xff,
    0x1f, 0xa9, 0xe7, 0xff, 0x1f, 0xa9, 0xe7, 0xff, 0x23, 0x99, 0xe0, 0xff, 0x24, 0x96, 0xde, 0xff,
    0x20, 0xa6, 0xe6, 0xff, 0x20, 0xa7, 0xe6, 0xff, 0x20, 0xa7, 0xe6, 0xff, 0x20, 0xa7, 0xe6, 0xff,
    0x20, 0xa7, 0xe5, 0xff, 0x21, 0xa6, 0xe5, 0xff, 0x21, 0xa6, 0xe5, 0xff, 0x21, 0xa6, 0xe5, 0xff,
    0x21, 0xa5, 0xe5, 0xff, 0x23, 0x9f, 0xe2, 0xff, 0x23, 0x9a, 0xe0, 0xff, 0x24, 0x9a, 0xe0, 0xff,
    0x23, 0x9d, 0xe1, 0xff, 0x22, 0xa4, 0xe4, 0xff, 0x22, 0xa3, 0xe4, 0xff, 0x23, 0xa3, 0xe4, 0xff,
    0x23, 0xa3, 0xe4, 0xff, 0x23, 0xa2, 0xe4, 0xff, 0x23, 0xa2, 0xe3, 0xff, 0x23, 0xa2, 0xe3, 0xff,
    0x24, 0xa2, 0xe3, 0xff, 0x24, 0xa1, 0xe3, 0xff, 0x24, 0xa1, 0xe3, 0xff, 0x24, 0xa1, 0xe3, 0xff,
    0x24, 0xa0, 0xe3, 0xff, 0x23, 0x9f, 0xe2, 0x98, 0x00, 0xff, 0xff, 0x01, 0x00, 0x00, 0x00, 0x00,
    0x00, 0x00, 0x00, 0x00, 0x00, 0x00, 0x00, 0x00, 0x1c, 0xac, 0xea, 0x25, 0x1f, 0xa9, 0xe7, 0xf0,
    0x1f, 0xa9, 0xe6, 0xff, 0x1f, 0xa8, 0xe6, 0xff, 0x20, 0xa8, 0xe6, 0xff, 0x20, 0xa8, 0xe6, 0xff,
    0x20, 0xa7, 0xe6, 0xff, 0x20, 0xa7, 0xe6, 0xff, 0x23, 0x9a, 0xe0, 0xff, 0x23, 0x9a, 0xe0, 0xff,
    0x21, 0xa6, 0xe5, 0xff, 0x21, 0xa6, 0xe5, 0xff, 0x21, 0xa5, 0xe5, 0xff, 0x21, 0xa5, 0xe5, 0xff,
    0x22, 0xa5, 0xe5, 0xff, 0x22, 0xa4, 0xe4, 0xff, 0x22, 0xa4, 0xe4, 0xff, 0x22, 0xa4, 0xe4, 0xff,
    0x23, 0x9f, 0xe2, 0xff, 0x25, 0x99, 0xdf, 0xff, 0x25, 0x99, 0xdf, 0xff, 0x25, 0x98, 0xdf, 0xff,
    0x25, 0x98, 0xdf, 0xff, 0x24, 0x9e, 0xe2, 0xff, 0x24, 0xa2, 0xe3, 0xff, 0x24, 0xa1, 0xe3, 0xff,
    0x24, 0xa1, 0xe3, 0xff, 0x24, 0xa1, 0xe3, 0xff, 0x24, 0xa0, 0xe3, 0xff, 0x25, 0xa0, 0xe2, 0xff,
    0x25, 0xa0, 0xe2, 0xff, 0x25, 0x9f, 0xe2, 0xff, 0x25, 0x9f, 0xe2, 0xff, 0x25, 0x9f, 0xe2, 0xff,
    0x25, 0x9f, 0xe2, 0xef, 0x28, 0x9f, 0xdf, 0x20, 0x00, 0x00, 0x00, 0x00, 0x00, 0x00, 0x00, 0x00,
    0x00, 0x00, 0x00, 0x00, 0x00, 0x00, 0x00, 0x00, 0x00, 0x00, 0x00, 0x00, 0x21, 0xa8, 0xe6, 0x8c,
    0x20, 0xa7, 0xe6, 0xff, 0x21, 0xa6, 0xe5, 0xff, 0x21, 0xa6, 0xe5, 0xff, 0x21, 0xa6, 0xe5, 0xff,
    0x21, 0xa5, 0xe5, 0xff, 0x21, 0xa5, 0xe5, 0xff, 0x22, 0xa5, 0xe5, 0xff, 0x22, 0xa5, 0xe5, 0xff,
    0x22, 0xa4, 0xe4, 0xff, 0x22, 0xa4, 0xe4, 0xff, 0x22, 0xa4, 0xe4, 0xff, 0x23, 0xa3, 0xe4, 0xff,
    0x23, 0xa3, 0xe4, 0xff, 0x23, 0xa3, 0xe4, 0xff, 0x23, 0xa2, 0xe4, 0xff, 0x23, 0xa2, 0xe3, 0xff,
    0x25, 0x9a, 0xe0, 0xff, 0x25, 0x97, 0xdf, 0xff, 0x25, 0x97, 0xdf, 0xff, 0x25, 0x97, 0xdf, 0xff,
    0x25, 0x97, 0xdf, 0xff, 0x26, 0x98, 0xdf, 0xff, 0x25, 0xa0, 0xe2, 0xff, 0x25, 0x9f, 0xe2, 0xff,
    0x25, 0x9f, 0xe2, 0xff, 0x25, 0x9f, 0xe2, 0xff, 0x25, 0x9f, 0xe2, 0xff, 0x25, 0x9f, 0xe2, 0xff,
    0x25, 0x9f, 0xe2, 0xff, 0x25, 0x9f, 0xe2, 0xff, 0x25, 0x9f, 0xe2, 0xff, 0x25, 0x9f, 0xe2, 0xff,
    0x25, 0x9f, 0xe3, 0x88, 0x00, 0x00, 0x00, 0x00, 0x00, 0x00, 0x00, 0x00, 0x00, 0x00, 0x00, 0x00,
    0x00, 0x00, 0x00, 0x00, 0x00, 0x00, 0x00, 0x00, 0x00, 0x00, 0x00, 0x00, 0x27, 0x9d, 0xeb, 0x0d,
    0x22, 0xa5, 0xe5, 0xd4, 0x22, 0xa4, 0xe5, 0xff, 0x22, 0xa4, 0xe4, 0xff, 0x22, 0xa4, 0xe4, 0xff,
    0x22, 0xa3, 0xe4, 0xff, 0x23, 0xa3, 0xe4, 0xff, 0x23, 0xa3, 0xe4, 0xff, 0x23, 0xa3, 0xe4, 0xff,
    0x23, 0xa2, 0xe4, 0xff, 0x23, 0xa2, 0xe3, 0xff, 0x24, 0xa2, 0xe3, 0xff, 0x24, 0xa1, 0xe3, 0xff,
    0x24, 0xa1, 0xe3, 0xff, 0x24, 0xa1, 0xe3, 0xff, 0x24, 0xa0, 0xe3, 0xff, 0x25, 0xa0, 0xe2, 0xff,
    0x26, 0x99, 0xdf, 0xff, 0x26, 0x96, 0xde, 0xff, 0x26, 0x96, 0xde, 0xff, 0x26, 0x96, 0xde, 0xff,
    0x26, 0x96, 0xde, 0xff, 0x26, 0x96, 0xde, 0xff, 0x25, 0x9e, 0xe2, 0xff, 0x25, 0x9f, 0xe2, 0xff,
    0x25, 0x9f, 0xe2, 0xff, 0x25, 0x9f, 0xe2, 0xff, 0x25, 0x9f, 0xe2, 0xff, 0x25, 0x9f, 0xe2, 0xff,
    0x25, 0x9f, 0xe2, 0xff, 0x25, 0x9f, 0xe2, 0xff, 0x25, 0x9f, 0xe2, 0xff, 0x25, 0x9e, 0xe3, 0xce,
    0x1a, 0x99, 0xe6, 0x0a, 0x00, 0x00, 0x00, 0x00, 0x00, 0x00, 0x00, 0x00, 0x00, 0x00, 0x00, 0x00,
    0x00, 0x00, 0x00, 0x00, 0x00, 0x00, 0x00, 0x00, 0x00, 0x00, 0x00, 0x00, 0x00, 0x00, 0x00, 0x00,
    0x22, 0xa4, 0xe3, 0x2d, 0x23, 0xa2, 0xe3, 0xf1, 0x23, 0xa2, 0xe4, 0xff, 0x23, 0xa2, 0xe3, 0xff,
    0x24, 0xa2, 0xe3, 0xff, 0x24, 0xa1, 0xe3, 0xff, 0x24, 0xa1, 0xe3, 0xff, 0x24, 0xa1, 0xe3, 0xff,
    0x24, 0xa0, 0xe3, 0xff, 0x25, 0xa0, 0xe2, 0xff, 0x25, 0xa0, 0xe2, 0xff, 0x25, 0x9f, 0xe2, 0xff,
    0x25, 0x9f, 0xe2, 0xff, 0x25, 0x9f, 0xe2, 0xff, 0x25, 0x9f, 0xe2, 0xff, 0x25, 0x9f, 0xe2, 0xff,
    0x26, 0x99, 0xe0, 0xff, 0x26, 0x96, 0xde, 0xff, 0x26, 0x96, 0xde, 0xff, 0x26, 0x96, 0xde, 0xff,
    0x26, 0x96, 0xde, 0xff, 0x26, 0x96, 0xde, 0xff, 0x25, 0x9e, 0xe2, 0xff, 0x25, 0x9f, 0xe2, 0xff,
    0x25, 0x9f, 0xe2, 0xff, 0x25, 0x9f, 0xe2, 0xff, 0x25, 0x9f, 0xe2, 0xff, 0x25, 0x9f, 0xe2, 0xff,
    0x25, 0x9f, 0xe2, 0xff, 0x25, 0x9f, 0xe2, 0xff, 0x25, 0x9f, 0xe2, 0xf0, 0x25, 0xa2, 0xe0, 0x29,
    0x00, 0x00, 0x00, 0x00, 0x00, 0x00, 0x00, 0x00, 0x00, 0x00, 0x00, 0x00, 0x00, 0x00, 0x00, 0x00,
    0x00, 0x00, 0x00, 0x00, 0x00, 0x00, 0x00, 0x00, 0x00, 0x00, 0x00, 0x00, 0x00, 0x00, 0x00, 0x00,
    0x00, 0x00, 0x00, 0x00, 0x25, 0xa1, 0xe4, 0x4c, 0x24, 0xa0, 0xe3, 0xf8, 0x25, 0xa0, 0xe2, 0xff,
    0x25, 0xa0, 0xe2, 0xff, 0x25, 0x9f, 0xe2, 0xff, 0x25, 0x9f, 0xe2, 0xff, 0x25, 0x9f, 0xe2, 0xff,
    0x25, 0x9f, 0xe2, 0xff, 0x25, 0x9f, 0xe2, 0xff, 0x25, 0x9f, 0xe2, 0xff, 0x25, 0x9f, 0xe2, 0xff,
    0x25, 0x9f, 0xe2, 0xff, 0x25, 0x9f, 0xe2, 0xff, 0x25, 0x9f, 0xe2, 0xff, 0x25, 0x9f, 0xe2, 0xff,
    0x25, 0x9d, 0xe2, 0xff, 0x26, 0x96, 0xde, 0xff, 0x26, 0x96, 0xde, 0xff, 0x26, 0x96, 0xde, 0xff,
    0x26, 0x96, 0xde, 0xff, 0x26, 0x98, 0xdf, 0xff, 0x25, 0x9f, 0xe2, 0xff, 0x25, 0x9f, 0xe2, 0xff,
    0x25, 0x9f, 0xe2, 0xff, 0x25, 0x9f, 0xe2, 0xff, 0x25, 0x9f, 0xe2, 0xff, 0x25, 0x9f, 0xe2, 0xff,
    0x25, 0x9f, 0xe2, 0xff, 0x25, 0x9f, 0xe2, 0xf7, 0x24, 0xa0, 0xe2, 0x46, 0x00, 0x00, 0x00, 0x00,
    0x00, 0x00, 0x00, 0x00, 0x00, 0x00, 0x00, 0x00, 0x00, 0x00, 0x00, 0x00, 0x00, 0x00, 0x00, 0x00,
    0x00, 0x00, 0x00, 0x00, 0x00, 0x00, 0x00, 0x00, 0x00, 0x00, 0x00, 0x00, 0x00, 0x00, 0x00, 0x00,
    0x00, 0x00, 0x00, 0x00, 0x00, 0x00, 0x00, 0x00, 0x24, 0x9e, 0xe3, 0x5c, 0x25, 0x9f, 0xe2, 0xf8,
    0x25, 0x9f, 0xe2, 0xff, 0x25, 0x9f, 0xe2, 0xff, 0x25, 0x9f, 0xe2, 0xff, 0x25, 0x9f, 0xe2, 0xff,
    0x25, 0x9f, 0xe2, 0xff, 0x25, 0x9f, 0xe2, 0xff, 0x25, 0x9f, 0xe2, 0xff, 0x25, 0x9f, 0xe2, 0xff,
    0x25, 0x9f, 0xe2, 0xff, 0x25, 0x9f, 0xe2, 0xff, 0x25, 0x9f, 0xe2, 0xff, 0x25, 0x9f, 0xe2, 0xff,
    0x25, 0x9f, 0xe2, 0xff, 0x25, 0x9c, 0xe1, 0xff, 0x26, 0x98, 0xdf, 0xff, 0x26, 0x97, 0xde, 0xff,
    0x26, 0x98, 0xdf, 0xff, 0x25, 0x9d, 0xe1, 0xff, 0x25, 0x9f, 0xe2, 0xff, 0x25, 0x9f, 0xe2, 0xff,
    0x25, 0x9f, 0xe2, 0xff, 0x25, 0x9f, 0xe2, 0xff, 0x25, 0x9f, 0xe2, 0xff, 0x25, 0x9f, 0xe2, 0xff,
    0x25, 0x9f, 0xe2, 0xf7, 0x25, 0x9e, 0xe2, 0x59, 0x00, 0x00, 0x00, 0x00, 0x00, 0x00, 0x00, 0x00,
    0x00, 0x00, 0x00, 0x00, 0x00, 0x00, 0x00, 0x00, 0x00, 0x00, 0x00, 0x00, 0x00, 0x00, 0x00, 0x00,
    0x00, 0x00, 0x00, 0x00, 0x00, 0x00, 0x00, 0x00, 0x00, 0x00, 0x00, 0x00, 0x00, 0x00, 0x00, 0x00,
    0x00, 0x00, 0x00, 0x00, 0x00, 0x00, 0x00, 0x00, 0x00, 0x00, 0x00, 0x00, 0x26, 0x9e, 0xe2, 0x57,
    0x25, 0x9f, 0xe2, 0xf1, 0x25, 0x9f, 0xe2, 0xff, 0x25, 0x9f, 0xe2, 0xff, 0x25, 0x9f, 0xe2, 0xff,
    0x25, 0x9f, 0xe2, 0xff, 0x25, 0x9f, 0xe2, 0xff, 0x25, 0x9f, 0xe2, 0xff, 0x25, 0x9f, 0xe2, 0xff,
    0x25, 0x9f, 0xe2, 0xff, 0x25, 0x9f, 0xe2, 0xff, 0x25, 0x9f, 0xe2, 0xff, 0x25, 0x9f, 0xe2, 0xff,
    0x25, 0x9f, 0xe2, 0xff, 0x25, 0x9f, 0xe2, 0xff, 0x25, 0x9f, 0xe2, 0xff, 0x25, 0x9f, 0xe2, 0xff,
    0x25, 0x9f, 0xe2, 0xff, 0x25, 0x9f, 0xe2, 0xff, 0x25, 0x9f, 0xe2, 0xff, 0x25, 0x9f, 0xe2, 0xff,
    0x25, 0x9f, 0xe2, 0xff, 0x25, 0x9f, 0xe2, 0xff, 0x25, 0x9f, 0xe2, 0xff, 0x26, 0x9a, 0xe0, 0xf1,
    0x26, 0x9b, 0xe0, 0x4a, 0x00, 0x00, 0x00, 0x00, 0x00, 0x00, 0x00, 0x00, 0x00, 0x00, 0x00, 0x00,
    0x00, 0x00, 0x00, 0x00, 0x00, 0x00, 0x00, 0x00, 0x00, 0x00, 0x00, 0x00, 0x00, 0x00, 0x00, 0x00,
    0x00, 0x00, 0x00, 0x00, 0x00, 0x00, 0x00, 0x00, 0x00, 0x00, 0x00, 0x00, 0x00, 0x00, 0x00, 0x00,
    0x00, 0x00, 0x00, 0x00, 0x00, 0x00, 0x00, 0x00, 0x00, 0x00, 0x00, 0x00, 0x00, 0x00, 0x00, 0x00,
    0x23, 0x9c, 0xe2, 0x2c, 0x24, 0x9f, 0xe2, 0xd2, 0x25, 0x9f, 0xe2, 0xff, 0x25, 0x9f, 0xe2, 0xff,
    0x25, 0x9f, 0xe2, 0xff, 0x25, 0x9f, 0xe2, 0xff, 0x25, 0x9f, 0xe2, 0xff, 0x25, 0x9f, 0xe2, 0xff,
    0x25, 0x9f, 0xe2, 0xff, 0x25, 0x9f, 0xe2, 0xff, 0x25, 0x9f, 0xe2, 0xff, 0x25, 0x9f, 0xe2, 0xff,
    0x25, 0x9f, 0xe2, 0xff, 0x25, 0x9f, 0xe2, 0xff, 0x25, 0x9f, 0xe2, 0xff, 0x25, 0x9f, 0xe2, 0xff,
    0x25, 0x9f, 0xe2, 0xff, 0x25, 0x9f, 0xe2, 0xff, 0x25, 0x9f, 0xe2, 0xff, 0x25, 0x9f, 0xe2, 0xff,
    0x25, 0x9e, 0xe2, 0xff, 0x26, 0x98, 0xdf, 0xff, 0x27, 0x92, 0xdb, 0xd7, 0x27, 0x90, 0xd8, 0x2e,
    0x00, 0x00, 0x00, 0x00, 0x00, 0x00, 0x00, 0x00, 0x00, 0x00, 0x00, 0x00, 0x00, 0x00, 0x00, 0x00,
    0x00, 0x00, 0x00, 0x00, 0x00, 0x00, 0x00, 0x00, 0x00, 0x00, 0x00, 0x00, 0x00, 0x00, 0x00, 0x00,
    0x00, 0x00, 0x00, 0x00, 0x00, 0x00, 0x00, 0x00, 0x00, 0x00, 0x00, 0x00, 0x00, 0x00, 0x00, 0x00,
    0x00, 0x00, 0x00, 0x00, 0x00, 0x00, 0x00, 0x00, 0x00, 0x00, 0x00, 0x00, 0x00, 0x00, 0x00, 0x00,
    0x00, 0x00, 0x00, 0x00, 0x2a, 0x95, 0xea, 0x0c, 0x26, 0x99, 0xe0, 0x94, 0x26, 0x9b, 0xe0, 0xf3,
    0x25, 0x9e, 0xe1, 0xff, 0x25, 0x9f, 0xe2, 0xff, 0x25, 0x9f, 0xe2, 0xff, 0x25, 0x9f, 0xe2, 0xff,
    0x25, 0x9f, 0xe2, 0xff, 0x25, 0x9f, 0xe2, 0xff, 0x25, 0x9f, 0xe2, 0xff, 0x25, 0x9f, 0xe2, 0xff,
    0x25, 0x9f, 0xe2, 0xff, 0x25, 0x9f, 0xe2, 0xff, 0x25, 0x9f, 0xe2, 0xff, 0x25, 0x9f, 0xe2, 0xff,
    0x25, 0x9f, 0xe2, 0xff, 0x25, 0x9e, 0xe2, 0xff, 0x26, 0x9b, 0xe0, 0xff, 0x26, 0x96, 0xde, 0xff,
    0x27, 0x91, 0xdc, 0xf1, 0x27, 0x8e, 0xdc, 0x91, 0x24, 0x92, 0xdb, 0x0e, 0x00, 0x00, 0x00, 0x00,
    0x00, 0x00, 0x00, 0x00, 0x00, 0x00, 0x00, 0x00, 0x00, 0x00, 0x00, 0x00, 0x00, 0x00, 0x00, 0x00,
    0x00, 0x00, 0x00, 0x00, 0x00, 0x00, 0x00, 0x00, 0x00, 0x00, 0x00, 0x00, 0x00, 0x00, 0x00, 0x00,
    0x00, 0x00, 0x00, 0x00, 0x00, 0x00, 0x00, 0x00, 0x00, 0x00, 0x00, 0x00, 0x00, 0x00, 0x00, 0x00,
    0x00, 0x00, 0x00, 0x00, 0x00, 0x00, 0x00, 0x00, 0x00, 0x00, 0x00, 0x00, 0x00, 0x00, 0x00, 0x00,
    0x00, 0x00, 0x00, 0x00, 0x00, 0x00, 0x00, 0x00, 0x00, 0x00, 0x00, 0x00, 0x26, 0x8c, 0xd9, 0x28,
    0x27, 0x91, 0xdb, 0xac, 0x27, 0x93, 0xdd, 0xf8, 0x26, 0x97, 0xde, 0xff, 0x26, 0x9a, 0xe0, 0xff,
    0x25, 0x9c, 0xe1, 0xff, 0x25, 0x9d, 0xe1, 0xff, 0x25, 0x9e, 0xe1, 0xff, 0x25, 0x9e, 0xe1, 0xff,
    0x25, 0x9e, 0xe1, 0xff, 0x25, 0x9d, 0xe1, 0xff, 0x26, 0x9b, 0xe0, 0xff, 0x26, 0x97, 0xde, 0xff,
    0x27, 0x94, 0xdd, 0xff, 0x27, 0x91, 0xdc, 0xff, 0x27, 0x90, 0xdb, 0xf3, 0x26, 0x90, 0xdb, 0x93,
    0x25, 0x8e, 0xda, 0x22, 0x00, 0x00, 0x00, 0x00, 0x00, 0x00, 0x00, 0x00, 0x00, 0x00, 0x00, 0x00,
    0x00, 0x00, 0x00, 0x00, 0x00, 0x00, 0x00, 0x00, 0x00, 0x00, 0x00, 0x00, 0x00, 0x00, 0x00, 0x00,
    0x00, 0x00, 0x00, 0x00, 0x00, 0x00, 0x00, 0x00, 0x00, 0x00, 0x00, 0x00, 0x00, 0x00, 0x00, 0x00,
    0x00, 0x00, 0x00, 0x00, 0x00, 0x00, 0x00, 0x00, 0x00, 0x00, 0x00, 0x00, 0x00, 0x00, 0x00, 0x00,
    0x00, 0x00, 0x00, 0x00, 0x00, 0x00, 0x00, 0x00, 0x00, 0x00, 0x00, 0x00, 0x00, 0x00, 0x00, 0x00,
    0x00, 0x00, 0x00, 0x00, 0x00, 0x00, 0x00, 0x00, 0x00, 0x00, 0x00, 0x00, 0x00, 0x00, 0x00, 0x00,
    0x00, 0x80, 0xff, 0x02, 0x29, 0x91, 0xdc, 0x2c, 0x26, 0x90, 0xdb, 0x7e, 0x27, 0x90, 0xdb, 0xcc,
    0x27, 0x90, 0xdb, 0xfc, 0x27, 0x91, 0xdb, 0xff, 0x27, 0x91, 0xdb, 0xff, 0x27, 0x91, 0xdb, 0xff,
    0x27, 0x91, 0xdb, 0xff, 0x27, 0x90, 0xdb, 0xff, 0x27, 0x90, 0xdb, 0xff, 0x27, 0x91, 0xdc, 0xf6,
    0x27, 0x90, 0xdc, 0xbd, 0x28, 0x91, 0xdc, 0x6d, 0x29, 0x94, 0xde, 0x1f, 0x00, 0x00, 0x00, 0x00,
    0x00, 0x00, 0x00, 0x00, 0x00, 0x00, 0x00, 0x00, 0x00, 0x00, 0x00, 0x00, 0x00, 0x00, 0x00, 0x00,
    0x00, 0x00, 0x00, 0x00, 0x00, 0x00, 0x00, 0x00, 0x00, 0x00, 0x00, 0x00, 0x00, 0x00, 0x00, 0x00,
    0x00, 0x00, 0x00, 0x00, 0x00, 0x00, 0x00, 0x00, 0x00, 0x00, 0x00, 0x00, 0x00, 0x00, 0x00, 0x00,
    0x00, 0x00, 0x00, 0x00, 0x00, 0x00, 0x00, 0x00, 0x00, 0x00, 0x00, 0x00, 0x00, 0x00, 0x00, 0x00,
    0x00, 0x00, 0x00, 0x00, 0x00, 0x00, 0x00, 0x00, 0x00, 0x00, 0x00, 0x00, 0x00, 0x00, 0x00, 0x00,
    0x00, 0x00, 0x00, 0x00, 0x00, 0x00, 0x00, 0x00, 0x00, 0x00, 0x00, 0x00, 0x00, 0x00, 0x00, 0x00,
    0x00, 0x00, 0x00, 0x00, 0x00, 0x00, 0x00, 0x00, 0x00, 0x00, 0x00, 0x00, 0x00, 0x00, 0x00, 0x00,
    0x23, 0x97, 0xdc, 0x16, 0x27, 0x95, 0xdd, 0x5b, 0x28, 0x94, 0xdd, 0x81, 0x26, 0x94, 0xde, 0x92,
    0x26, 0x94, 0xde, 0x92, 0x26, 0x97, 0xdf, 0x80, 0x25, 0x9b, 0xe0, 0x52, 0x24, 0xa4, 0xdb, 0x0e,
    0x00, 0x00, 0x00, 0x00, 0x00, 0x00, 0x00, 0x00, 0x00, 0x00, 0x00, 0x00, 0x00, 0x00, 0x00, 0x00,
    0x00, 0x00, 0x00, 0x00, 0x00, 0x00, 0x00, 0x00, 0x00, 0x00, 0x00, 0x00, 0x00, 0x00, 0x00, 0x00,
    0x00, 0x00, 0x00, 0x00, 0x00, 0x00, 0x00, 0x00, 0x00, 0x00, 0x00, 0x00, 0x00, 0x00, 0x00, 0x00,
    0x00, 0x00, 0x00, 0x00, 0x00, 0x00, 0x00, 0x00, 0x00, 0x00, 0x00, 0x00, 0x00, 0x00, 0x00, 0x00,
};

#elif LV_COLOR_DEPTH == 16

/* ============================================================================
 * 16-bit display formats
 * ============================================================================ */

#if LV_COLOR_16_SWAP == 0
/* RGB565A8 - 16-bit color with separate 8-bit alpha channel (standard byte order) */

static const LV_ATTRIBUTE_MEM_ALIGN LV_ATTRIBUTE_LARGE_CONST LV_ATTRIBUTE_IMG_NIGHT_FULL_MOON_CLEAR uint8_t night_full_moon_clear_rgb565a8_map[] = {
    /* RGB565 color data (3200 bytes) */
    0x00, 0x00, 0x00, 0x00, 0x00, 0x00, 0x00, 0x00, 0x00, 0x00, 0x00, 0x00, 0x00, 0x00, 0x00, 0x00,
    0x00, 0x00, 0x00, 0x00, 0x00, 0x00, 0x00, 0x00, 0x00, 0x00, 0x00, 0x00, 0x00, 0x00, 0x00, 0x00,
    0xc0, 0xfe, 0xa0, 0xfe, 0x80, 0xfe, 0x80, 0xfe, 0x80, 0xfe, 0x80, 0xfe, 0x80, 0xfe, 0x40, 0xfe,
    0x00, 0x00, 0x00, 0x00, 0x00, 0x00, 0x00, 0x00, 0x00, 0x00, 0x00, 0x00, 0x00, 0x00, 0x00, 0x00,
    0x00, 0x00, 0x00, 0x00, 0x00, 0x00, 0x00, 0x00, 0x00, 0x00, 0x00, 0x00, 0x00, 0x00, 0x00, 0x00,
    0x00, 0x00, 0x00, 0x00, 0x00, 0x00, 0x00, 0x00, 0x00, 0x00, 0x00, 0x00, 0x00, 0x00, 0x00, 0x00,
    0x00, 0x00, 0x00, 0x00, 0x00, 0x00, 0x00, 0x00, 0xe0, 0xff, 0x80, 0xfe, 0x80, 0xfe, 0x80, 0xfe,
    0x80, 0xfe, 0xa0, 0xfe, 0xa0, 0xfe, 0xa0, 0xfe, 0xa0, 0xfe, 0x80, 0xfe, 0x80, 0xfe, 0x80, 0xfe,
    0x60, 0xfe, 0x80, 0xfe, 0x60, 0xfe, 0xe0, 0xff, 0x00, 0x00, 0x00, 0x00, 0x00, 0x00, 0x00, 0x00,
    0x00, 0x00, 0x00, 0x00, 0x00, 0x00, 0x00, 0x00, 0x00, 0x00, 0x00, 0x00, 0x00, 0x00, 0x00, 0x00,
    0x00, 0x00, 0x00, 0x00, 0x00, 0x00, 0x00, 0x00, 0x00, 0x00, 0x00, 0x00, 0x00, 0x00, 0x00, 0x00,
    0x00, 0x00, 0x00, 0x00, 0x00, 0x00, 0x60, 0xfe, 0x80, 0xfe, 0x80, 0xfe, 0xa0, 0xfe, 0xa0, 0xfe,
    0xa0, 0xfe, 0xa0, 0xfe, 0xa0, 0xfe, 0xa0, 0xfe, 0xa0, 0xfe, 0xa0, 0xfe, 0xa0, 0xfe, 0xa0, 0xfe,
    0x80, 0xfe, 0x80, 0xfe, 0x80, 0xfe, 0x80, 0xfe, 0x80, 0xfe, 0x00, 0x00, 0x00, 0x00, 0x00, 0x00,
    0x00, 0x00, 0x00, 0x00, 0x00, 0x00, 0x00, 0x00, 0x00, 0x00, 0x00, 0x00, 0x00, 0x00, 0x00, 0x00,
    0x00, 0x00, 0x00, 0x00, 0x00, 0x00, 0x00, 0x00, 0x00, 0x00, 0x00, 0x00, 0x00, 0x00, 0x00, 0x00,
    0x00, 0x00, 0xa0, 0xfe, 0x80, 0xfe, 0x80, 0xfe, 0xa0, 0xfe, 0xa0, 0xfe, 0xa0, 0xfe, 0xa0, 0xfe,
    0xa0, 0xfe, 0xa0, 0xfe, 0xa0, 0xfe, 0x80, 0xfe, 0x80, 0xfe, 0x80, 0xfe, 0x80, 0xfe, 0x80, 0xfe,
    0x80, 0xfe, 0x80, 0xfe, 0x80, 0xfe, 0x80, 0xfe, 0x60, 0xfe, 0x60, 0xfe, 0x60, 0xfe, 0x00, 0x00,
    0x00, 0x00, 0x00, 0x00, 0x00, 0x00, 0x00, 0x00, 0x00, 0x00, 0x00, 0x00, 0x00, 0x00, 0x00, 0x00,
    0x00, 0x00, 0x00, 0x00, 0x00, 0x00, 0x00, 0x00, 0x00, 0x00, 0x00, 0x00, 0x00, 0x00, 0x00, 0x00,
    0x80, 0xfe, 0x80, 0xfe, 0x80, 0xfe, 0xa0, 0xfe, 0xa0, 0xfe, 0x80, 0xfe, 0x80, 0xfe, 0x80, 0xfe,
    0x80, 0xfe, 0x80, 0xfe, 0x80, 0xfe, 0x80, 0xfe, 0x80, 0xfe, 0x80, 0xfe, 0x80, 0xfe, 0x80, 0xfe,
    0x80, 0xfe, 0x80, 0xfe, 0x60, 0xfe, 0x60, 0xfe, 0x60, 0xfe, 0x60, 0xfe, 0x60, 0xfe, 0x40, 0xfe,
    0x00, 0x00, 0x00, 0x00, 0x00, 0x00, 0x00, 0x00, 0x00, 0x00, 0x00, 0x00, 0x00, 0x00, 0x00, 0x00,
    0x00, 0x00, 0x00, 0x00, 0x00, 0x00, 0x00, 0x00, 0x00, 0x00, 0x00, 0x00, 0x00, 0x00, 0x80, 0xfe,
    0x80, 0xfe, 0x80, 0xfe, 0x80, 0xfe, 0x80, 0xfe, 0x80, 0xfe, 0x80, 0xfe, 0x80, 0xfe, 0x80, 0xfe,
    0x80, 0xfe, 0x80, 0xfe, 0x80, 0xfe, 0x60, 0xfe, 0x60, 0xfe, 0x60, 0xfe, 0x60, 0xfe, 0x41, 0xf6,
    0x41, 0xf6, 0x61, 0xfe, 0x61, 0xfe, 0x61, 0xf6, 0x61, 0xf6, 0x61, 0xf6, 0x61, 0xf6, 0x60, 0xfe,
    0x60, 0xfe, 0x00, 0x00, 0x00, 0x00, 0x00, 0x00, 0x00, 0x00, 0x00, 0x00, 0x00, 0x00, 0x00, 0x00,
    0x00, 0x00, 0x00, 0x00, 0x00, 0x00, 0x00, 0x00, 0x00, 0x00, 0x00, 0x00, 0x60, 0xfe, 0x80, 0xfe,
    0x80, 0xfe, 0x80, 0xfe, 0x80, 0xfe, 0x80, 0xfe, 0x80, 0xfe, 0x60, 0xfe, 0x60, 0xfe, 0x60, 0xfe,
    0x60, 0xfe, 0x60, 0xfe, 0x60, 0xfe, 0x60, 0xfe, 0x61, 0xfe, 0x61, 0xf6, 0x41, 0xf6, 0xa2, 0xed,
    0xc2, 0xed, 0x61, 0xf6, 0x41, 0xf6, 0x41, 0xf6, 0x41, 0xf6, 0x41, 0xf6, 0x41, 0xf6, 0x41, 0xf6,
    0x41, 0xfe, 0x41, 0xfe, 0x00, 0x00, 0x00, 0x00, 0x00, 0x00, 0x00, 0x00, 0x00, 0x00, 0x00, 0x00,
    0x00, 0x00, 0x00, 0x00, 0x00, 0x00, 0x00, 0x00, 0x00, 0x00, 0x60, 0xfe, 0x60, 0xfe, 0x60, 0xfe,
    0x60, 0xfe, 0x60, 0xfe, 0x60, 0xfe, 0x60, 0xfe, 0x60, 0xfe, 0x61, 0xfe, 0x61, 0xf6, 0x61, 0xf6,
    0x61, 0xf6, 0x61, 0xf6, 0x61, 0xf6, 0x61, 0xf6, 0x41, 0xf6, 0x41, 0xf6, 0x01, 0xf6, 0xa2, 0xed,
    0xa2, 0xed, 0x41, 0xf6, 0x41, 0xf6, 0x41, 0xf6, 0x41, 0xf6, 0x41, 0xf6, 0x41, 0xf6, 0x41, 0xf6,
    0x41, 0xf6, 0x41, 0xf6, 0x41, 0xfe, 0x00, 0x00, 0x00, 0x00, 0x00, 0x00, 0x00, 0x00, 0x00, 0x00,
    0x00, 0x00, 0x00, 0x00, 0x00, 0x00, 0x00, 0x00, 0x80, 0xfe, 0x60, 0xfe, 0x60, 0xfe, 0x61, 0xfe,
    0x61, 0xf6, 0x61, 0xf6, 0x61, 0xf6, 0x61, 0xf6, 0x61, 0xf6, 0x61, 0xf6, 0x41, 0xf6, 0x41, 0xf6,
    0x41, 0xf6, 0x41, 0xf6, 0x41, 0xf6, 0x41, 0xf6, 0x41, 0xf6, 0x41, 0xf6, 0x21, 0xf6, 0xa2, 0xed,
    0xa2, 0xed, 0x21, 0xf6, 0x41, 0xf6, 0x21, 0xf6, 0x21, 0xf6, 0x21, 0xf6, 0x21, 0xf6, 0x21, 0xf6,
    0x21, 0xf6, 0x21, 0xf6, 0x21, 0xf6, 0x01, 0xf6, 0x00, 0x00, 0x00, 0x00, 0x00, 0x00, 0x00, 0x00,
    0x00, 0x00, 0x00, 0x00, 0x00, 0x00, 0x80, 0xfe, 0x60, 0xfe, 0x61, 0xf6, 0x61, 0xf6, 0x61, 0xf6,
    0x41, 0xf6, 0x41, 0xf6, 0x41, 0xf6, 0x41, 0xf6, 0x41, 0xf6, 0x41, 0xf6, 0x41, 0xf6, 0x41, 0xf6,
    0x41, 0xf6, 0x41, 0xf6, 0x41, 0xf6, 0x41, 0xf6, 0x41, 0xf6, 0x21, 0xf6, 0x21, 0xf6, 0x21, 0xf6,
    0x21, 0xf6, 0x21, 0xf6, 0x21, 0xf6, 0x21, 0xf6, 0x21, 0xf6, 0x21, 0xf6, 0x21, 0xf6, 0x21, 0xf6,
    0x21, 0xf6, 0x21, 0xf6, 0x01, 0xf6, 0x01, 0xf6, 0xc2, 0xed, 0x00, 0x00, 0x00, 0x00, 0x00, 0x00,
    0x00, 0x00, 0x00, 0x00, 0x00, 0x00, 0x61, 0xfe, 0x41, 0xf6, 0x41, 0xf6, 0x41, 0xf6, 0x41, 0xf6,
    0x41, 0xf6, 0x41, 0xf6, 0x41, 0xf6, 0x41, 0xf6, 0x41, 0xf6, 0x41, 0xf6, 0x41, 0xf6, 0x21, 0xf6,
    0x21, 0xf6, 0x21, 0xf6, 0x21, 0xf6, 0x21, 0xf6, 0x21, 0xf6, 0x21, 0xf6, 0x21, 0xf6, 0x21, 0xf6,
    0x21, 0xf6, 0x21, 0xf6, 0x21, 0xf6, 0x21, 0xf6, 0x01, 0xf6, 0x01, 0xf6, 0x01, 0xf6, 0x01, 0xf6,
    0x01, 0xf6, 0x01, 0xf6, 0x01, 0xf6, 0x02, 0xf6, 0x01, 0xf6, 0x00, 0x00, 0x00, 0x00, 0x00, 0x00,
    0x00, 0x00, 0x00, 0x00, 0x61, 0xfe, 0x41, 0xf6, 0x41, 0xf6, 0x41, 0xf6, 0x41, 0xf6, 0x21, 0xf6,
    0x21, 0xf6, 0x21, 0xf6, 0x21, 0xf6, 0x21, 0xf6, 0x21, 0xf6, 0x21, 0xf6, 0x21, 0xf6, 0x21, 0xf6,
    0x21, 0xf6, 0x21, 0xf6, 0x21, 0xf6, 0x21, 0xf6, 0x21, 0xf6, 0x01, 0xf6, 0x01, 0xf6, 0x01, 0xf6,
    0x01, 0xf6, 0x01, 0xf6, 0x01, 0xf6, 0x01, 0xf6, 0x01, 0xf6, 0x01, 0xf6, 0x02, 0xf6, 0x02, 0xf6,
    0x02, 0xf6, 0x02, 0xf6, 0xe2, 0xf5, 0xe2, 0xf5, 0xe2, 0xf5, 0x02, 0xee, 0x00, 0x00, 0x00, 0x00,
    0x00, 0x00, 0xe0, 0xff, 0x21, 0xf6, 0x21, 0xf6, 0x21, 0xf6, 0x21, 0xf6, 0xa2, 0xed, 0x23, 0xe5,
    0x43, 0xe5, 0x21, 0xf6, 0x21, 0xf6, 0x21, 0xf6, 0x21, 0xf6, 0x21, 0xf6, 0x21, 0xf6, 0x01, 0xf6,
    0x01, 0xf6, 0x01, 0xf6, 0x01, 0xf6, 0x01, 0xf6, 0x01, 0xf6, 0x01, 0xf6, 0x02, 0xf6, 0x02, 0xf6,
    0x02, 0xf6, 0x02, 0xf6, 0x02, 0xf6, 0x02, 0xf6, 0xe2, 0xf5, 0xe2, 0xf5, 0xe2, 0xf5, 0xe2, 0xf5,
    0xe2, 0xf5, 0xe2, 0xf5, 0xe2, 0xf5, 0xe2, 0xf5, 0xe2, 0xf5, 0xe2, 0xed, 0x00, 0x00, 0x00, 0x00,
    0x00, 0x00, 0x21, 0xf6, 0x21, 0xf6, 0x21, 0xf6, 0x21, 0xf6, 0xc2, 0xed, 0x03, 0xe5, 0x03, 0xe5,
    0x03, 0xe5, 0xa2, 0xed, 0x01, 0xf6, 0x01, 0xf6, 0x01, 0xf6, 0x01, 0xf6, 0x01, 0xf6, 0x01, 0xf6,
    0xe2, 0xed, 0x82, 0xed, 0x82, 0xed, 0xe2, 0xf5, 0x02, 0xf6, 0x02, 0xf6, 0xe2, 0xf5, 0xe2, 0xf5,
    0xe2, 0xf5, 0xe2, 0xf5, 0xe2, 0xf5, 0xe2, 0xf5, 0xe2, 0xf5, 0xe2, 0xf5, 0xe2, 0xf5, 0xe2, 0xf5,
    0xe2, 0xf5, 0xe2, 0xed, 0xe2, 0xed, 0xc2, 0xed, 0xc2, 0xed, 0xc2, 0xed, 0xc2, 0xed, 0x00, 0x00,
    0x00, 0x00, 0x01, 0xf6, 0x21, 0xf6, 0x01, 0xf6, 0x01, 0xf6, 0x82, 0xed, 0x03, 0xe5, 0x03, 0xe5,
    0x03, 0xe5, 0x82, 0xed, 0x01, 0xf6, 0x02, 0xf6, 0x02, 0xf6, 0x02, 0xf6, 0x02, 0xf6, 0xe2, 0xf5,
    0x43, 0xe5, 0x23, 0xe5, 0x23, 0xe5, 0x82, 0xed, 0xe2, 0xf5, 0xe2, 0xf5, 0xe2, 0xf5, 0xe2, 0xf5,
    0xe2, 0xf5, 0xe2, 0xf5, 0xe2, 0xf5, 0xe2, 0xed, 0xe2, 0xed, 0xc2, 0xed, 0xc2, 0xed, 0xc2, 0xed,
    0xc2, 0xed, 0xc2, 0xed, 0xc2, 0xed, 0xc2, 0xed, 0xc2, 0xed, 0xc2, 0xed, 0xc2, 0xed, 0x00, 0x00,
    0x00, 0x00, 0x01, 0xf6, 0x01, 0xf6, 0x01, 0xf6, 0x01, 0xf6, 0x62, 0xed, 0x03, 0xe5, 0x03, 0xe5,
    0x03, 0xe5, 0xc2, 0xed, 0xe2, 0xf5, 0xe2, 0xf5, 0xe2, 0xf5, 0xe2, 0xf5, 0xe2, 0xf5, 0x63, 0xed,
    0x23, 0xe5, 0x23, 0xe5, 0x23, 0xe5, 0x63, 0xed, 0xe2, 0xf5, 0xe2, 0xed, 0xe2, 0xed, 0xc2, 0xed,
    0xc2, 0xed, 0xc2, 0xed, 0xc2, 0xed, 0xc2, 0xed, 0xc2, 0xed, 0xc2, 0xed, 0xc2, 0xed, 0xc2, 0xed,
    0xc2, 0xed, 0xc2, 0xed, 0xc2, 0xed, 0xc2, 0xed, 0xa2, 0xed, 0xa2, 0xed, 0xa2, 0xed, 0x00, 0x00,
    0xc1, 0xf5, 0x02, 0xf6, 0x02, 0xf6, 0x02, 0xf6, 0xe2, 0xf5, 0xc2, 0xed, 0x03, 0xe5, 0x03, 0xe5,
    0x63, 0xed, 0xe2, 0xf5, 0xe2, 0xf5, 0xe2, 0xf5, 0xe2, 0xf5, 0xe2, 0xf5, 0xe2, 0xf5, 0x43, 0xe5,
    0x23, 0xe5, 0x23, 0xe5, 0x23, 0xe5, 0x82, 0xed, 0xc2, 0xed, 0xc2, 0xed, 0xc2, 0xed, 0xc2, 0xed,
    0xc2, 0xed, 0xc2, 0xed, 0xc2, 0xed, 0xc2, 0xed, 0xc2, 0xed, 0xa2, 0xed, 0xa2, 0xed, 0xa2, 0xed,
    0xa2, 0xed, 0xa2, 0xed, 0xa2, 0xed, 0xa2, 0xed, 0xa2, 0xed, 0xa2, 0xed, 0xa3, 0xed, 0xc2, 0xed,
    0xe2, 0xf5, 0xe2, 0xf5, 0xe2, 0xf5, 0xe2, 0xf5, 0xe2, 0xf5, 0xe2, 0xf5, 0xc2, 0xed, 0xc2, 0xed,
    0xe2, 0xed, 0xe2, 0xed, 0xc2, 0xed, 0xc2, 0xed, 0xc2, 0xed, 0xc2, 0xed, 0xc2, 0xed, 0x23, 0xe5,
    0x03, 0xe5, 0x03, 0xe5, 0x23, 0xe5, 0xc2, 0xed, 0xc2, 0xed, 0xc2, 0xed, 0xc2, 0xed, 0xa2, 0xed,
    0xa2, 0xed, 0xa2, 0xed, 0xa2, 0xed, 0xa2, 0xed, 0xa2, 0xed, 0xa2, 0xed, 0xa2, 0xed, 0xa2, 0xed,
    0xa3, 0xed, 0xa3, 0xed, 0xa3, 0xed, 0xa3, 0xed, 0x83, 0xed, 0x83, 0xed, 0x83, 0xed, 0x83, 0xed,
    0xe2, 0xed, 0xe2, 0xf5, 0xe2, 0xed, 0xe2, 0xed, 0xe2, 0xed, 0xc2, 0xed, 0xc2, 0xed, 0xc2, 0xed,
    0xc2, 0xed, 0xc2, 0xed, 0xc2, 0xed, 0xc2, 0xed, 0xc2, 0xed, 0xc2, 0xed, 0xc2, 0xed, 0x83, 0xed,
    0x43, 0xe5, 0x43, 0xed, 0xa2, 0xed, 0xa2, 0xed, 0xa2, 0xed, 0xa2, 0xed, 0xa2, 0xed, 0xa2, 0xed,
    0x83, 0xed, 0x83, 0xed, 0xa2, 0xed, 0xa3, 0xed, 0xa3, 0xed, 0xa3, 0xed, 0x83, 0xed, 0x83, 0xed,
    0x83, 0xed, 0x83, 0xed, 0x83, 0xed, 0x83, 0xed, 0x83, 0xed, 0x83, 0xed, 0x83, 0xed, 0x63, 0xed,
    0xc2, 0xed, 0xc2, 0xed, 0xc2, 0xed, 0xc2, 0xed, 0xc2, 0xed, 0xc2, 0xed, 0xc2, 0xed, 0xc2, 0xed,
    0xc2, 0xed, 0xc2, 0xed, 0xc2, 0xed, 0xc2, 0xed, 0xa2, 0xed, 0xa2, 0xed, 0xa2, 0xed, 0xa2, 0xed,
    0xa2, 0xed, 0xa2, 0xed, 0xa2, 0xed, 0xa2, 0xed, 0xa2, 0xed, 0xa3, 0xed, 0xa3, 0xed, 0x83, 0xed,
    0x23, 0xe5, 0x23, 0xe5, 0x83, 0xed, 0x83, 0xed, 0x83, 0xed, 0x83, 0xed, 0x83, 0xed, 0x63, 0xed,
    0x43, 0xe5, 0x43, 0xed, 0x83, 0xed, 0x83, 0xed, 0x83, 0xed, 0x63, 0xed, 0x63, 0xed, 0x63, 0xed,
    0xc2, 0xed, 0xc2, 0xed, 0xc2, 0xed, 0xc2, 0xed, 0xc2, 0xed, 0xa2, 0xed, 0xa2, 0xed, 0xa2, 0xed,
    0xa2, 0xed, 0xa2, 0xed, 0xa2, 0xed, 0xa2, 0xed, 0xa2, 0xed, 0xa2, 0xed, 0xa2, 0xed, 0xa3, 0xed,
    0xa3, 0xed, 0xa3, 0xed, 0x83, 0xed, 0x83, 0xed, 0x83, 0xed, 0x83, 0xed, 0x83, 0xed, 0x83, 0xed,
    0x23, 0xe5, 0x63, 0xed, 0x83, 0xed, 0x83, 0xed, 0x83, 0xed, 0x83, 0xed, 0x83, 0xed, 0x23, 0xe5,
    0x03, 0xe5, 0x03, 0xe5, 0x63, 0xed, 0x63, 0xed, 0x63, 0xed, 0x63, 0xed, 0x63, 0xed, 0x63, 0xed,
    0xc2, 0xed, 0xa2, 0xed, 0xa2, 0xed, 0xa2, 0xed, 0xa2, 0xed, 0xa2, 0xed, 0xa2, 0xed, 0xa2, 0xed,
    0xa2, 0xed, 0xa3, 0xed, 0xa3, 0xed, 0xa3, 0xed, 0x83, 0xed, 0x83, 0xed, 0x83, 0xed, 0x83, 0xed,
    0x83, 0xed, 0x83, 0xed, 0x83, 0xed, 0x83, 0xed, 0x83, 0xed, 0x83, 0xed, 0x83, 0xed, 0x83, 0xed,
    0x83, 0xed, 0x63, 0xed, 0x63, 0xed, 0x63, 0xed, 0x63, 0xed, 0x63, 0xed, 0x63, 0xed, 0x23, 0xe5,
    0x04, 0xe5, 0x03, 0xe5, 0x63, 0xed, 0x63, 0xed, 0x63, 0xed, 0x43, 0xed, 0x43, 0xed, 0x43, 0xed,
    0xa2, 0xed, 0xa2, 0xed, 0xa3, 0xed, 0xa3, 0xed, 0xa3, 0xed, 0x83, 0xed, 0x83, 0xed, 0x83, 0xed,
    0x83, 0xed, 0x83, 0xed, 0x83, 0xed, 0x83, 0xed, 0x83, 0xed, 0x83, 0xed, 0x83, 0xed, 0x83, 0xed,
    0x83, 0xed, 0x83, 0xed, 0x63, 0xed, 0x63, 0xed, 0x63, 0xed, 0x63, 0xed, 0x63, 0xed, 0x63, 0xed,
    0x63, 0xed, 0x63, 0xed, 0x63, 0xed, 0x63, 0xed, 0x63, 0xed, 0x63, 0xed, 0x63, 0xed, 0x43, 0xe5,
    0x43, 0xe5, 0x43, 0xe5, 0x43, 0xe5, 0x43, 0xe5, 0x43, 0xe5, 0x43, 0xe5, 0x43, 0xe5, 0x43, 0xe5,
    0xa2, 0xed, 0x83, 0xed, 0x83, 0xed, 0x83, 0xed, 0x83, 0xed, 0x83, 0xed, 0x83, 0xed, 0x83, 0xed,
    0x83, 0xed, 0x83, 0xed, 0x83, 0xed, 0x83, 0xed, 0x83, 0xed, 0x63, 0xed, 0x63, 0xed, 0x63, 0xed,
    0x63, 0xed, 0x63, 0xed, 0x63, 0xed, 0x63, 0xed, 0x63, 0xed, 0x63, 0xed, 0x63, 0xed, 0x63, 0xed,
    0x63, 0xed, 0x43, 0xed, 0x43, 0xed, 0x43, 0xe5, 0x43, 0xe5, 0x43, 0xe5, 0x43, 0xe5, 0x43, 0xe5,
    0x43, 0xe5, 0x43, 0xe5, 0x43, 0xe5, 0x43, 0xe5, 0x44, 0xe5, 0x44, 0xe5, 0x24, 0xe5, 0x43, 0xe5,
    0x00, 0x00, 0x83, 0xed, 0x83, 0xed, 0x83, 0xed, 0x83, 0xed, 0x83, 0xed, 0x83, 0xed, 0x63, 0xed,
    0x63, 0xed, 0x63, 0xed, 0x63, 0xed, 0x63, 0xed, 0x63, 0xed, 0x63, 0xed, 0x63, 0xed, 0x63, 0xed,
    0x63, 0xed, 0x63, 0xed, 0x63, 0xed, 0x43, 0xed, 0x43, 0xed, 0x43, 0xed, 0x43, 0xe5, 0x43, 0xe5,
    0x43, 0xe5, 0x43, 0xe5, 0x43, 0xe5, 0x43, 0xe5, 0x43, 0xe5, 0x43, 0xe5, 0x43, 0xe5, 0x44, 0xe5,
    0x24, 0xe5, 0x24, 0xe5, 0x24, 0xe5, 0x24, 0xe5, 0x24, 0xe5, 0x24, 0xe5, 0x24, 0xe5, 0x00, 0x00,
    0x00, 0x00, 0x63, 0xed, 0x63, 0xed, 0x63, 0xed, 0x63, 0xed, 0x63, 0xed, 0x63, 0xed, 0x63, 0xed,
    0x63, 0xed, 0x63, 0xed, 0x63, 0xed, 0x63, 0xed, 0x63, 0xed, 0x43, 0xed, 0x43, 0xed, 0x43, 0xe5,
    0x43, 0xe5, 0x43, 0xe5, 0x43, 0xe5, 0x43, 0xe5, 0x43, 0xe5, 0x43, 0xe5, 0x43, 0xe5, 0x43, 0xe5,
    0x44, 0xe5, 0x44, 0xe5, 0x24, 0xe5, 0x24, 0xe5, 0x24, 0xe5, 0x24, 0xe5, 0x24, 0xe5, 0x24, 0xe5,
    0x24, 0xe5, 0x24, 0xe5, 0x24, 0xe5, 0x24, 0xe5, 0x24, 0xe5, 0x24, 0xe5, 0x24, 0xe5, 0x00, 0x00,
    0x00, 0x00, 0x64, 0xe5, 0x63, 0xed, 0x63, 0xed, 0x63, 0xed, 0x63, 0xed, 0x63, 0xed, 0x43, 0xed,
    0x43, 0xed, 0x43, 0xed, 0x43, 0xe5, 0x24, 0xe5, 0x43, 0xe5, 0x43, 0xe5, 0x43, 0xe5, 0x43, 0xe5,
    0x43, 0xe5, 0x43, 0xe5, 0x44, 0xe5, 0x44, 0xe5, 0x24, 0xe5, 0x24, 0xe5, 0x24, 0xe5, 0x24, 0xe5,
    0x24, 0xe5, 0x24, 0xe5, 0x24, 0xe5, 0x24, 0xe5, 0x24, 0xe5, 0x24, 0xe5, 0x24, 0xe5, 0x24, 0xe5,
    0x24, 0xe5, 0x04, 0xe5, 0x04, 0xe5, 0x04, 0xe5, 0x04, 0xe5, 0x04, 0xe5, 0x04, 0xe5, 0x00, 0x00,
    0x00, 0x00, 0x00, 0x00, 0x43, 0xed, 0x43, 0xe5, 0x43, 0xe5, 0x43, 0xe5, 0x43, 0xe5, 0x43, 0xe5,
    0x43, 0xe5, 0x43, 0xe5, 0xc4, 0xe4, 0xa4, 0xdc, 0x24, 0xe5, 0x24, 0xe5, 0x24, 0xe5, 0x24, 0xe5,
    0x24, 0xe5, 0x24, 0xe5, 0x24, 0xe5, 0x24, 0xe5, 0x24, 0xe5, 0xe4, 0xe4, 0xc4, 0xe4, 0xc4, 0xe4,
    0xe4, 0xe4, 0x24, 0xe5, 0x04, 0xe5, 0x04, 0xe5, 0x04, 0xe5, 0x04, 0xe5, 0x04, 0xe5, 0x04, 0xe5,
    0x04, 0xe5, 0x04, 0xe5, 0x04, 0xe5, 0x04, 0xe5, 0x04, 0xe5, 0xe4, 0xe4, 0xe0, 0xff, 0x00, 0x00,
    0x00, 0x00, 0x00, 0x00, 0x63, 0xed, 0x43, 0xe5, 0x43, 0xe5, 0x43, 0xe5, 0x44, 0xe5, 0x44, 0xe5,
    0x24, 0xe5, 0x24, 0xe5, 0xc4, 0xe4, 0xc4, 0xe4, 0x24, 0xe5, 0x24, 0xe5, 0x24, 0xe5, 0x24, 0xe5,
    0x24, 0xe5, 0x24, 0xe5, 0x24, 0xe5, 0x24, 0xe5, 0xe4, 0xe4, 0xc4, 0xdc, 0xc4, 0xdc, 0xc4, 0xdc,
    0xc4, 0xdc, 0xe4, 0xe4, 0x04, 0xe5, 0x04, 0xe5, 0x04, 0xe5, 0x04, 0xe5, 0x04, 0xe5, 0x04, 0xe5,
    0x04, 0xe5, 0xe4, 0xe4, 0xe4, 0xe4, 0xe4, 0xe4, 0xe4, 0xe4, 0xe5, 0xdc, 0x00, 0x00, 0x00, 0x00,
    0x00, 0x00, 0x00, 0x00, 0x00, 0x00, 0x44, 0xe5, 0x24, 0xe5, 0x24, 0xe5, 0x24, 0xe5, 0x24, 0xe5,
    0x24, 0xe5, 0x24, 0xe5, 0x24, 0xe5, 0x24, 0xe5, 0x24, 0xe5, 0x24, 0xe5, 0x24, 0xe5, 0x04, 0xe5,
    0x04, 0xe5, 0x04, 0xe5, 0x04, 0xe5, 0x04, 0xe5, 0xc4, 0xe4, 0xa4, 0xdc, 0xa4, 0xdc, 0xa4, 0xdc,
    0xa4, 0xdc, 0xc4, 0xdc, 0x04, 0xe5, 0xe4, 0xe4, 0xe4, 0xe4, 0xe4, 0xe4, 0xe4, 0xe4, 0xe4, 0xe4,
    0xe4, 0xe4, 0xe4, 0xe4, 0xe4, 0xe4, 0xe4, 0xe4, 0xe4, 0xe4, 0x00, 0x00, 0x00, 0x00, 0x00, 0x00,
    0x00, 0x00, 0x00, 0x00, 0x00, 0x00, 0xe4, 0xec, 0x24, 0xe5, 0x24, 0xe5, 0x24, 0xe5, 0x24, 0xe5,
    0x04, 0xe5, 0x04, 0xe5, 0x04, 0xe5, 0x04, 0xe5, 0x04, 0xe5, 0x04, 0xe5, 0x04, 0xe5, 0x04, 0xe5,
    0x04, 0xe5, 0x04, 0xe5, 0x04, 0xe5, 0x04, 0xe5, 0xc4, 0xdc, 0xa4, 0xdc, 0xa4, 0xdc, 0xa4, 0xdc,
    0xa4, 0xdc, 0xa4, 0xdc, 0xe4, 0xe4, 0xe4, 0xe4, 0xe4, 0xe4, 0xe4, 0xe4, 0xe4, 0xe4, 0xe4, 0xe4,
    0xe4, 0xe4, 0xe4, 0xe4, 0xe4, 0xe4, 0xe4, 0xe4, 0xc3, 0xe4, 0x00, 0x00, 0x00, 0x00, 0x00, 0x00,
    0x00, 0x00, 0x00, 0x00, 0x00, 0x00, 0x00, 0x00, 0x24, 0xe5, 0x04, 0xe5, 0x04, 0xe5, 0x04, 0xe5,
    0x04, 0xe5, 0x04, 0xe5, 0x04, 0xe5, 0x04, 0xe5, 0x04, 0xe5, 0x04, 0xe5, 0x04, 0xe5, 0xe4, 0xe4,
    0xe4, 0xe4, 0xe4, 0xe4, 0xe4, 0xe4, 0xe4, 0xe4, 0xc4, 0xe4, 0xa4, 0xdc, 0xa4, 0xdc, 0xa4, 0xdc,
    0xa4, 0xdc, 0xa4, 0xdc, 0xe4, 0xe4, 0xe4, 0xe4, 0xe4, 0xe4, 0xe4, 0xe4, 0xe4, 0xe4, 0xe4, 0xe4,
    0xe4, 0xe4, 0xe4, 0xe4, 0xe4, 0xe4, 0x04, 0xe5, 0x00, 0x00, 0x00, 0x00, 0x00, 0x00, 0x00, 0x00,
    0x00, 0x00, 0x00, 0x00, 0x00, 0x00, 0x00, 0x00, 0x00, 0x00, 0x04, 0xe5, 0x04, 0xe5, 0x04, 0xe5,
    0x04, 0xe5, 0xe4, 0xe4, 0xe4, 0xe4, 0xe4, 0xe4, 0xe4, 0xe4, 0xe4, 0xe4, 0xe4, 0xe4, 0xe4, 0xe4,
    0xe4, 0xe4, 0xe4, 0xe4, 0xe4, 0xe4, 0xe4, 0xe4, 0xe4, 0xe4, 0xa4, 0xdc, 0xa4, 0xdc, 0xa4, 0xdc,
    0xa4, 0xdc, 0xc4, 0xdc, 0xe4, 0xe4, 0xe4, 0xe4, 0xe4, 0xe4, 0xe4, 0xe4, 0xe4, 0xe4, 0xe4, 0xe4,
    0xe4, 0xe4, 0xe4, 0xe4, 0x04, 0xe5, 0x00, 0x00, 0x00, 0x00, 0x00, 0x00, 0x00, 0x00, 0x00, 0x00,
    0x00, 0x00, 0x00, 0x00, 0x00, 0x00, 0x00, 0x00, 0x00, 0x00, 0x00, 0x00, 0xe4, 0xe4, 0xe4, 0xe4,
    0xe4, 0xe4, 0xe4, 0xe4, 0xe4, 0xe4, 0xe4, 0xe4, 0xe4, 0xe4, 0xe4, 0xe4, 0xe4, 0xe4, 0xe4, 0xe4,
    0xe4, 0xe4, 0xe4, 0xe4, 0xe4, 0xe4, 0xe4, 0xe4, 0xe4, 0xe4, 0xe4, 0xe4, 0xc4, 0xdc, 0xa4, 0xdc,
    0xc4, 0xdc, 0xe4, 0xe4, 0xe4, 0xe4, 0xe4, 0xe4, 0xe4, 0xe4, 0xe4, 0xe4, 0xe4, 0xe4, 0xe4, 0xe4,
    0xe4, 0xe4, 0xe4, 0xe4, 0x00, 0x00, 0x00, 0x00, 0x00, 0x00, 0x00, 0x00, 0x00, 0x00, 0x00, 0x00,
    0x00, 0x00, 0x00, 0x00, 0x00, 0x00, 0x00, 0x00, 0x00, 0x00, 0x00, 0x00, 0x00, 0x00, 0xe4, 0xe4,
    0xe4, 0xe4, 0xe4, 0xe4, 0xe4, 0xe4, 0xe4, 0xe4, 0xe4, 0xe4, 0xe4, 0xe4, 0xe4, 0xe4, 0xe4, 0xe4,
    0xe4, 0xe4, 0xe4, 0xe4, 0xe4, 0xe4, 0xe4, 0xe4, 0xe4, 0xe4, 0xe4, 0xe4, 0xe4, 0xe4, 0xe4, 0xe4,
    0xe4, 0xe4, 0xe4, 0xe4, 0xe4, 0xe4, 0xe4, 0xe4, 0xe4, 0xe4, 0xe4, 0xe4, 0xe4, 0xe4, 0xc4, 0xe4,
    0xc4, 0xe4, 0x00, 0x00, 0x00, 0x00, 0x00, 0x00, 0x00, 0x00, 0x00, 0x00, 0x00, 0x00, 0x00, 0x00,
    0x00, 0x00, 0x00, 0x00, 0x00, 0x00, 0x00, 0x00, 0x00, 0x00, 0x00, 0x00, 0x00, 0x00, 0x00, 0x00,
    0xe4, 0xe4, 0xe4, 0xe4, 0xe4, 0xe4, 0xe4, 0xe4, 0xe4, 0xe4, 0xe4, 0xe4, 0xe4, 0xe4, 0xe4, 0xe4,
    0xe4, 0xe4, 0xe4, 0xe4, 0xe4, 0xe4, 0xe4, 0xe4, 0xe4, 0xe4, 0xe4, 0xe4, 0xe4, 0xe4, 0xe4, 0xe4,
    0xe4, 0xe4, 0xe4, 0xe4, 0xe4, 0xe4, 0xe4, 0xe4, 0xe4, 0xe4, 0xc4, 0xdc, 0x84, 0xdc, 0x84, 0xdc,
    0x00, 0x00, 0x00, 0x00, 0x00, 0x00, 0x00, 0x00, 0x00, 0x00, 0x00, 0x00, 0x00, 0x00, 0x00, 0x00,
    0x00, 0x00, 0x00, 0x00, 0x00, 0x00, 0x00, 0x00, 0x00, 0x00, 0x00, 0x00, 0x00, 0x00, 0x00, 0x00,
    0x00, 0x00, 0xa5, 0xec, 0xc4, 0xe4, 0xc4, 0xe4, 0xe4, 0xe4, 0xe4, 0xe4, 0xe4, 0xe4, 0xe4, 0xe4,
    0xe4, 0xe4, 0xe4, 0xe4, 0xe4, 0xe4, 0xe4, 0xe4, 0xe4, 0xe4, 0xe4, 0xe4, 0xe4, 0xe4, 0xe4, 0xe4,
    0xe4, 0xe4, 0xe4, 0xe4, 0xc4, 0xe4, 0xa4, 0xdc, 0x84, 0xdc, 0x64, 0xdc, 0x84, 0xdc, 0x00, 0x00,
    0x00, 0x00, 0x00, 0x00, 0x00, 0x00, 0x00, 0x00, 0x00, 0x00, 0x00, 0x00, 0x00, 0x00, 0x00, 0x00,
    0x00, 0x00, 0x00, 0x00, 0x00, 0x00, 0x00, 0x00, 0x00, 0x00, 0x00, 0x00, 0x00, 0x00, 0x00, 0x00,
    0x00, 0x00, 0x00, 0x00, 0x00, 0x00, 0x64, 0xdc, 0x84, 0xdc, 0x84, 0xdc, 0xa4, 0xdc, 0xc4, 0xe4,
    0xe4, 0xe4, 0xe4, 0xe4, 0xe4, 0xe4, 0xe4, 0xe4, 0xe4, 0xe4, 0xe4, 0xe4, 0xc4, 0xe4, 0xa4, 0xdc,
    0xa4, 0xdc, 0x84, 0xdc, 0x84, 0xdc, 0x84, 0xdc, 0x64, 0xdc, 0x00, 0x00, 0x00, 0x00, 0x00, 0x00,
    0x00, 0x00, 0x00, 0x00, 0x00, 0x00, 0x00, 0x00, 0x00, 0x00, 0x00, 0x00, 0x00, 0x00, 0x00, 0x00,
    0x00, 0x00, 0x00, 0x00, 0x00, 0x00, 0x00, 0x00, 0x00, 0x00, 0x00, 0x00, 0x00, 0x00, 0x00, 0x00,
    0x00, 0x00, 0x00, 0x00, 0x00, 0x00, 0x00, 0x00, 0x00, 0xfc, 0x85, 0xdc, 0x84, 0xdc, 0x84, 0xdc,
    0x84, 0xdc, 0x84, 0xdc, 0x84, 0xdc, 0x84, 0xdc, 0x84, 0xdc, 0x84, 0xdc, 0x84, 0xdc, 0x84, 0xdc,
    0x84, 0xdc, 0x85, 0xdc, 0xa5, 0xdc, 0x00, 0x00, 0x00, 0x00, 0x00, 0x00, 0x00, 0x00, 0x00, 0x00,
    0x00, 0x00, 0x00, 0x00, 0x00, 0x00, 0x00, 0x00, 0x00, 0x00, 0x00, 0x00, 0x00, 0x00, 0x00, 0x00,
    0x00, 0x00, 0x00, 0x00, 0x00, 0x00, 0x00, 0x00, 0x00, 0x00, 0x00, 0x00, 0x00, 0x00, 0x00, 0x00,
    0x00, 0x00, 0x00, 0x00, 0x00, 0x00, 0x00, 0x00, 0x00, 0x00, 0x00, 0x00, 0x00, 0x00, 0x00, 0x00,
    0xa4, 0xdc, 0xa4, 0xdc, 0xa5, 0xdc, 0xa4, 0xdc, 0xa4, 0xdc, 0xa4, 0xdc, 0xc4, 0xe4, 0x24, 0xdd,
    0x00, 0x00, 0x00, 0x00, 0x00, 0x00, 0x00, 0x00, 0x00, 0x00, 0x00, 0x00, 0x00, 0x00, 0x00, 0x00,
    0x00, 0x00, 0x00, 0x00, 0x00, 0x00, 0x00, 0x00, 0x00, 0x00, 0x00, 0x00, 0x00, 0x00, 0x00, 0x00,
    /* Alpha channel data (1600 bytes) */
    0x00, 0x00, 0x00, 0x00, 0x00, 0x00, 0x00, 0x00, 0x00, 0x00, 0x00, 0x00, 0x00, 0x00, 0x00, 0x00,
    0x0d, 0x53, 0x7f, 0x90, 0x90, 0x7f, 0x57, 0x18, 0x00, 0x00, 0x00, 0x00, 0x00, 0x00, 0x00, 0x00,
    0x00, 0x00, 0x00, 0x00, 0x00, 0x00, 0x00, 0x00, 0x00, 0x00, 0x00, 0x00, 0x00, 0x00, 0x00, 0x00,
    0x00, 0x00, 0x00, 0x00, 0x01, 0x22, 0x70, 0xbf, 0xf6, 0xff, 0xff, 0xff, 0xff, 0xff, 0xff, 0xfc,
    0xd1, 0x83, 0x2f, 0x02, 0x00, 0x00, 0x00, 0x00, 0x00, 0x00, 0x00, 0x00, 0x00, 0x00, 0x00, 0x00,
    0x00, 0x00, 0x00, 0x00, 0x00, 0x00, 0x00, 0x00, 0x00, 0x00, 0x00, 0x25, 0xae, 0xf5, 0xff, 0xff,
    0xff, 0xff, 0xff, 0xff, 0xff, 0xff, 0xff, 0xff, 0xff, 0xff, 0xf9, 0xb7, 0x31, 0x00, 0x00, 0x00,
    0x00, 0x00, 0x00, 0x00, 0x00, 0x00, 0x00, 0x00, 0x00, 0x00, 0x00, 0x00, 0x00, 0x00, 0x00, 0x00,
    0x00, 0x0c, 0x8a, 0xef, 0xff, 0xff, 0xff, 0xff, 0xff, 0xff, 0xff, 0xff, 0xff, 0xff, 0xff, 0xff,
    0xff, 0xff, 0xff, 0xff, 0xf3, 0x95, 0x0f, 0x00, 0x00, 0x00, 0x00, 0x00, 0x00, 0x00, 0x00, 0x00,
    0x00, 0x00, 0x00, 0x00, 0x00, 0x00, 0x00, 0x00, 0x2c, 0xd2, 0xff, 0xff, 0xff, 0xff, 0xff, 0xff,
    0xff, 0xff, 0xff, 0xff, 0xff, 0xff, 0xff, 0xff, 0xff, 0xff, 0xff, 0xff, 0xff, 0xff, 0xd8, 0x30,
    0x00, 0x00, 0x00, 0x00, 0x00, 0x00, 0x00, 0x00, 0x00, 0x00, 0x00, 0x00, 0x00, 0x00, 0x00, 0x57,
    0xf1, 0xff, 0xff, 0xff, 0xff, 0xff, 0xff, 0xff, 0xff, 0xff, 0xff, 0xff, 0xff, 0xff, 0xff, 0xff,
    0xff, 0xff, 0xff, 0xff, 0xff, 0xff, 0xff, 0xf2, 0x4d, 0x00, 0x00, 0x00, 0x00, 0x00, 0x00, 0x00,
    0x00, 0x00, 0x00, 0x00, 0x00, 0x00, 0x59, 0xf8, 0xff, 0xff, 0xff, 0xff, 0xff, 0xff, 0xff, 0xff,
    0xff, 0xff, 0xff, 0xff, 0xff, 0xff, 0xff, 0xff, 0xff, 0xff, 0xff, 0xff, 0xff, 0xff, 0xff, 0xff,
    0xf8, 0x5d, 0x00, 0x00, 0x00, 0x00, 0x00, 0x00, 0x00, 0x00, 0x00, 0x00, 0x00, 0x55, 0xf8, 0xff,
    0xff, 0xff, 0xff, 0xff, 0xff, 0xff, 0xff, 0xff, 0xff, 0xff, 0xff, 0xff, 0xff, 0xff, 0xff, 0xff,
    0xff, 0xff, 0xff, 0xff, 0xff, 0xff, 0xff, 0xff, 0xff, 0xf8, 0x58, 0x00, 0x00, 0x00, 0x00, 0x00,
    0x00, 0x00, 0x00, 0x00, 0x2b, 0xf0, 0xff, 0xff, 0xff, 0xff, 0xff, 0xff, 0xff, 0xff, 0xff, 0xff,
    0xff, 0xff, 0xff, 0xff, 0xff, 0xff, 0xff, 0xff, 0xff, 0xff, 0xff, 0xff, 0xff, 0xff, 0xff, 0xff,
    0xff, 0xff, 0xf0, 0x2a, 0x00, 0x00, 0x00, 0x00, 0x00, 0x00, 0x00, 0x0b, 0xd1, 0xff, 0xff, 0xff,
    0xff, 0xff, 0xff, 0xff, 0xff, 0xff, 0xff, 0xff, 0xff, 0xff, 0xff, 0xff, 0xff, 0xff, 0xff, 0xff,
    0xff, 0xff, 0xff, 0xff, 0xff, 0xff, 0xff, 0xff, 0xff, 0xff, 0xff, 0xcf, 0x0b, 0x00, 0x00, 0x00,
    0x00, 0x00, 0x00, 0x8b, 0xff, 0xff, 0xff, 0xff, 0xff, 0xff, 0xff, 0xff, 0xff, 0xff, 0xff, 0xff,
    0xff, 0xff, 0xff, 0xff, 0xff, 0xff, 0xff, 0xff, 0xff, 0xff, 0xff, 0xff, 0xff, 0xff, 0xff, 0xff,
    0xff, 0xff, 0xff, 0xff, 0x87, 0x00, 0x00, 0x00, 0x00, 0x00, 0x28, 0xf0, 0xff, 0xff, 0xff, 0xff,
    0xff, 0xff, 0xff, 0xff, 0xff, 0xff, 0xff, 0xff, 0xff, 0xff, 0xff, 0xff, 0xff, 0xff, 0xff, 0xff,
    0xff, 0xff, 0xff, 0xff, 0xff, 0xff, 0xff, 0xff, 0xff, 0xff, 0xff, 0xff, 0xee, 0x1d, 0x00, 0x00,
    0x00, 0x01, 0xb3, 0xff, 0xff, 0xff, 0xff, 0xff, 0xff, 0xff, 0xff, 0xff, 0xff, 0xff, 0xff, 0xff,
    0xff, 0xff, 0xff, 0xff, 0xff, 0xff, 0xff, 0xff, 0xff, 0xff, 0xff, 0xff, 0xff, 0xff, 0xff, 0xff,
    0xff, 0xff, 0xff, 0xff, 0xff, 0x93, 0x00, 0x00, 0x00, 0x28, 0xf7, 0xff, 0xff, 0xff, 0xff, 0xff,
    0xff, 0xff, 0xff, 0xff, 0xff, 0xff, 0xff, 0xff, 0xff, 0xff, 0xff, 0xff, 0xff, 0xff, 0xff, 0xff,
    0xff, 0xff, 0xff, 0xff, 0xff, 0xff, 0xff, 0xff, 0xff, 0xff, 0xff, 0xff, 0xff, 0xf2, 0x1d, 0x00,
    0x00, 0x7c, 0xff, 0xff, 0xff, 0xff, 0xff, 0xff, 0xff, 0xff, 0xff, 0xff, 0xff, 0xff, 0xff, 0xff,
    0xff, 0xff, 0xff, 0xff, 0xff, 0xff, 0xff, 0xff, 0xff, 0xff, 0xff, 0xff, 0xff, 0xff, 0xff, 0xff,
    0xff, 0xff, 0xff, 0xff, 0xff, 0xff, 0x69, 0x00, 0x00, 0xcc, 0xff, 0xff, 0xff, 0xff, 0xff, 0xff,
    0xff, 0xff, 0xff, 0xff, 0xff, 0xff, 0xff, 0xff, 0xff, 0xff, 0xff, 0xff, 0xff, 0xff, 0xff, 0xff,
    0xff, 0xff, 0xff, 0xff, 0xff, 0xff, 0xff, 0xff, 0xff, 0xff, 0xff, 0xff, 0xff, 0xff, 0xba, 0x00,
    0x16, 0xfb, 0xff, 0xff, 0xff, 0xff, 0xff, 0xff, 0xff, 0xff, 0xff, 0xff, 0xff, 0xff, 0xff, 0xff,
    0xff, 0xff, 0xff, 0xff, 0xff, 0xff, 0xff, 0xff, 0xff, 0xff, 0xff, 0xff, 0xff, 0xff, 0xff, 0xff,
    0xff, 0xff, 0xff, 0xff, 0xff, 0xff, 0xf5, 0x0b, 0x5b, 0xff, 0xff, 0xff, 0xff, 0xff, 0xff, 0xff,
    0xff, 0xff, 0xff, 0xff, 0xff, 0xff, 0xff, 0xff, 0xff, 0xff, 0xff, 0xff, 0xff, 0xff, 0xff, 0xff,
    0xff, 0xff, 0xff, 0xff, 0xff, 0xff, 0xff, 0xff, 0xff, 0xff, 0xff, 0xff, 0xff, 0xff, 0xff, 0x50,
    0x81, 0xff, 0xff, 0xff, 0xff, 0xff, 0xff, 0xff, 0xff, 0xff, 0xff, 0xff, 0xff, 0xff, 0xff, 0xff,
    0xff, 0xff, 0xff, 0xff, 0xff, 0xff, 0xff, 0xff, 0xff, 0xff, 0xff, 0xff, 0xff, 0xff, 0xff, 0xff,
    0xff, 0xff, 0xff, 0xff, 0xff, 0xff, 0xff, 0x7d, 0x92, 0xff, 0xff, 0xff, 0xff, 0xff, 0xff, 0xff,
    0xff, 0xff, 0xff, 0xff, 0xff, 0xff, 0xff, 0xff, 0xff, 0xff, 0xff, 0xff, 0xff, 0xff, 0xff, 0xff,
    0xff, 0xff, 0xff, 0xff, 0xff, 0xff, 0xff, 0xff, 0xff, 0xff, 0xff, 0xff, 0xff, 0xff, 0xff, 0x8f,
    0x92, 0xff, 0xff, 0xff, 0xff, 0xff, 0xff, 0xff, 0xff, 0xff, 0xff, 0xff, 0xff, 0xff, 0xff, 0xff,
    0xff, 0xff, 0xff, 0xff, 0xff, 0xff, 0xff, 0xff, 0xff, 0xff, 0xff, 0xff, 0xff, 0xff, 0xff, 0xff,
    0xff, 0xff, 0xff, 0xff, 0xff, 0xff, 0xff, 0x8e, 0x81, 0xff, 0xff, 0xff, 0xff, 0xff, 0xff, 0xff,
    0xff, 0xff, 0xff, 0xff, 0xff, 0xff, 0xff, 0xff, 0xff, 0xff, 0xff, 0xff, 0xff, 0xff, 0xff, 0xff,
    0xff, 0xff, 0xff, 0xff, 0xff, 0xff, 0xff, 0xff, 0xff, 0xff, 0xff, 0xff, 0xff, 0xff, 0xff, 0x7d,
    0x53, 0xff, 0xff, 0xff, 0xff, 0xff, 0xff, 0xff, 0xff, 0xff, 0xff, 0xff, 0xff, 0xff, 0xff, 0xff,
    0xff, 0xff, 0xff, 0xff, 0xff, 0xff, 0xff, 0xff, 0xff, 0xff, 0xff, 0xff, 0xff, 0xff, 0xff, 0xff,
    0xff, 0xff, 0xff, 0xff, 0xff, 0xff, 0xff, 0x53, 0x0e, 0xf7, 0xff, 0xff, 0xff, 0xff, 0xff, 0xff,
    0xff, 0xff, 0xff, 0xff, 0xff, 0xff, 0xff, 0xff, 0xff, 0xff, 0xff, 0xff, 0xff, 0xff, 0xff, 0xff,
    0xff, 0xff, 0xff, 0xff, 0xff, 0xff, 0xff, 0xff, 0xff, 0xff, 0xff, 0xff, 0xff, 0xff, 0xfa, 0x12,
    0x00, 0xbe, 0xff, 0xff, 0xff, 0xff, 0xff, 0xff, 0xff, 0xff, 0xff, 0xff, 0xff, 0xff, 0xff, 0xff,
    0xff, 0xff, 0xff, 0xff, 0xff, 0xff, 0xff, 0xff, 0xff, 0xff, 0xff, 0xff, 0xff, 0xff, 0xff, 0xff,
    0xff, 0xff, 0xff, 0xff, 0xff, 0xff, 0xc9, 0x00, 0x00, 0x6e, 0xff, 0xff, 0xff, 0xff, 0xff, 0xff,
    0xff, 0xff, 0xff, 0xff, 0xff, 0xff, 0xff, 0xff, 0xff, 0xff, 0xff, 0xff, 0xff, 0xff, 0xff, 0xff,
    0xff, 0xff, 0xff, 0xff, 0xff, 0xff, 0xff, 0xff, 0xff, 0xff, 0xff, 0xff, 0xff, 0xff, 0x79, 0x00,
    0x00, 0x20, 0xf4, 0xff, 0xff, 0xff, 0xff, 0xff, 0xff, 0xff, 0xff, 0xff, 0xff, 0xff, 0xff, 0xff,
    0xff, 0xff, 0xff, 0xff, 0xff, 0xff, 0xff, 0xff, 0xff, 0xff, 0xff, 0xff, 0xff, 0xff, 0xff, 0xff,
    0xff, 0xff, 0xff, 0xff, 0xff, 0xf6, 0x26, 0x00, 0x00, 0x00, 0xa7, 0xff, 0xff, 0xff, 0xff, 0xff,
    0xff, 0xff, 0xff, 0xff, 0xff, 0xff, 0xff, 0xff, 0xff, 0xff, 0xff, 0xff, 0xff, 0xff, 0xff, 0xff,
    0xff, 0xff, 0xff, 0xff, 0xff, 0xff, 0xff, 0xff, 0xff, 0xff, 0xff, 0xff, 0xff, 0x98, 0x01, 0x00,
    0x00, 0x00, 0x25, 0xf0, 0xff, 0xff, 0xff, 0xff, 0xff, 0xff, 0xff, 0xff, 0xff, 0xff, 0xff, 0xff,
    0xff, 0xff, 0xff, 0xff, 0xff, 0xff, 0xff, 0xff, 0xff, 0xff, 0xff, 0xff, 0xff, 0xff, 0xff, 0xff,
    0xff, 0xff, 0xff, 0xff, 0xef, 0x20, 0x00, 0x00, 0x00, 0x00, 0x00, 0x8c, 0xff, 0xff, 0xff, 0xff,
    0xff, 0xff, 0xff, 0xff, 0xff, 0xff, 0xff, 0xff, 0xff, 0xff, 0xff, 0xff, 0xff, 0xff, 0xff, 0xff,
    0xff, 0xff, 0xff, 0xff, 0xff, 0xff, 0xff, 0xff, 0xff, 0xff, 0xff, 0xff, 0x88, 0x00, 0x00, 0x00,
    0x00, 0x00, 0x00, 0x0d, 0xd4, 0xff, 0xff, 0xff, 0xff, 0xff, 0xff, 0xff, 0xff, 0xff, 0xff, 0xff,
    0xff, 0xff, 0xff, 0xff, 0xff, 0xff, 0xff, 0xff, 0xff, 0xff, 0xff, 0xff, 0xff, 0xff, 0xff, 0xff,
    0xff, 0xff, 0xff, 0xce, 0x0a, 0x00, 0x00, 0x00, 0x00, 0x00, 0x00, 0x00, 0x2d, 0xf1, 0xff, 0xff,
    0xff, 0xff, 0xff, 0xff, 0xff, 0xff, 0xff, 0xff, 0xff, 0xff, 0xff, 0xff, 0xff, 0xff, 0xff, 0xff,
    0xff, 0xff, 0xff, 0xff, 0xff, 0xff, 0xff, 0xff, 0xff, 0xff, 0xf0, 0x29, 0x00, 0x00, 0x00, 0x00,
    0x00, 0x00, 0x00, 0x00, 0x00, 0x4c, 0xf8, 0xff, 0xff, 0xff, 0xff, 0xff, 0xff, 0xff, 0xff, 0xff,
    0xff, 0xff, 0xff, 0xff, 0xff, 0xff, 0xff, 0xff, 0xff, 0xff, 0xff, 0xff, 0xff, 0xff, 0xff, 0xff,
    0xff, 0xf7, 0x46, 0x00, 0x00, 0x00, 0x00, 0x00, 0x00, 0x00, 0x00, 0x00, 0x00, 0x00, 0x5c, 0xf8,
    0xff, 0xff, 0xff, 0xff, 0xff, 0xff, 0xff, 0xff, 0xff, 0xff, 0xff, 0xff, 0xff, 0xff, 0xff, 0xff,
    0xff, 0xff, 0xff, 0xff, 0xff, 0xff, 0xff, 0xff, 0xf7, 0x59, 0x00, 0x00, 0x00, 0x00, 0x00, 0x00,
    0x00, 0x00, 0x00, 0x00, 0x00, 0x00, 0x00, 0x57, 0xf1, 0xff, 0xff, 0xff, 0xff, 0xff, 0xff, 0xff,
    0xff, 0xff, 0xff, 0xff, 0xff, 0xff, 0xff, 0xff, 0xff, 0xff, 0xff, 0xff, 0xff, 0xff, 0xff, 0xf1,
    0x4a, 0x00, 0x00, 0x00, 0x00, 0x00, 0x00, 0x00, 0x00, 0x00, 0x00, 0x00, 0x00, 0x00, 0x00, 0x00,
    0x2c, 0xd2, 0xff, 0xff, 0xff, 0xff, 0xff, 0xff, 0xff, 0xff, 0xff, 0xff, 0xff, 0xff, 0xff, 0xff,
    0xff, 0xff, 0xff, 0xff, 0xff, 0xff, 0xd7, 0x2e, 0x00, 0x00, 0x00, 0x00, 0x00, 0x00, 0x00, 0x00,
    0x00, 0x00, 0x00, 0x00, 0x00, 0x00, 0x00, 0x00, 0x00, 0x0c, 0x94, 0xf3, 0xff, 0xff, 0xff, 0xff,
    0xff, 0xff, 0xff, 0xff, 0xff, 0xff, 0xff, 0xff, 0xff, 0xff, 0xff, 0xff, 0xf1, 0x91, 0x0e, 0x00,
    0x00, 0x00, 0x00, 0x00, 0x00, 0x00, 0x00, 0x00, 0x00, 0x00, 0x00, 0x00, 0x00, 0x00, 0x00, 0x00,
    0x00, 0x00, 0x00, 0x28, 0xac, 0xf8, 0xff, 0xff, 0xff, 0xff, 0xff, 0xff, 0xff, 0xff, 0xff, 0xff,
    0xff, 0xff, 0xf3, 0x93, 0x22, 0x00, 0x00, 0x00, 0x00, 0x00, 0x00, 0x00, 0x00, 0x00, 0x00, 0x00,
    0x00, 0x00, 0x00, 0x00, 0x00, 0x00, 0x00, 0x00, 0x00, 0x00, 0x00, 0x00, 0x02, 0x2c, 0x7e, 0xcc,
    0xfc, 0xff, 0xff, 0xff, 0xff, 0xff, 0xff, 0xf6, 0xbd, 0x6d, 0x1f, 0x00, 0x00, 0x00, 0x00, 0x00,
    0x00, 0x00, 0x00, 0x00, 0x00, 0x00, 0x00, 0x00, 0x00, 0x00, 0x00, 0x00, 0x00, 0x00, 0x00, 0x00,
    0x00, 0x00, 0x00, 0x00, 0x00, 0x00, 0x00, 0x00, 0x16, 0x5b, 0x81, 0x92, 0x92, 0x80, 0x52, 0x0e,
    0x00, 0x00, 0x00, 0x00, 0x00, 0x00, 0x00, 0x00, 0x00, 0x00, 0x00, 0x00, 0x00, 0x00, 0x00, 0x00,
};
#else
/* RGB565A8 - 16-bit color with separate 8-bit alpha channel (swapped byte order) */

static const LV_ATTRIBUTE_MEM_ALIGN LV_ATTRIBUTE_LARGE_CONST LV_ATTRIBUTE_IMG_NIGHT_FULL_MOON_CLEAR uint8_t night_full_moon_clear_rgb565a8_swap_map[] = {
    /* RGB565 color data (3200 bytes, byte-swapped) */
    0x00, 0x00, 0x00, 0x00, 0x00, 0x00, 0x00, 0x00, 0x00, 0x00, 0x00, 0x00, 0x00, 0x00, 0x00, 0x00,
    0x00, 0x00, 0x00, 0x00, 0x00, 0x00, 0x00, 0x00, 0x00, 0x00, 0x00, 0x00, 0x00, 0x00, 0x00, 0x00,
    0xfe, 0xc0, 0xfe, 0xa0, 0xfe, 0x80, 0xfe, 0x80, 0xfe, 0x80, 0xfe, 0x80, 0xfe, 0x80, 0xfe, 0x40,
    0x00, 0x00, 0x00, 0x00, 0x00, 0x00, 0x00, 0x00, 0x00, 0x00, 0x00, 0x00, 0x00, 0x00, 0x00, 0x00,
    0x00, 0x00, 0x00, 0x00, 0x00, 0x00, 0x00, 0x00, 0x00, 0x00, 0x00, 0x00, 0x00, 0x00, 0x00, 0x00,
    0x00, 0x00, 0x00, 0x00, 0x00, 0x00, 0x00, 0x00, 0x00, 0x00, 0x00, 0x00, 0x00, 0x00, 0x00, 0x00,
    0x00, 0x00, 0x00, 0x00, 0x00, 0x00, 0x00, 0x00, 0xff, 0xe0, 0xfe, 0x80, 0xfe, 0x80, 0xfe, 0x80,
    0xfe, 0x80, 0xfe, 0xa0, 0xfe, 0xa0, 0xfe, 0xa0, 0xfe, 0xa0, 0xfe, 0x80, 0xfe, 0x80, 0xfe, 0x80,
    0xfe, 0x60, 0xfe, 0x80, 0xfe, 0x60, 0xff, 0xe0, 0x00, 0x00, 0x00, 0x00, 0x00, 0x00, 0x00, 0x00,
    0x00, 0x00, 0x00, 0x00, 0x00, 0x00, 0x00, 0x00, 0x00, 0x00, 0x00, 0x00, 0x00, 0x00, 0x00, 0x00,
    0x00, 0x00, 0x00, 0x00, 0x00, 0x00, 0x00, 0x00, 0x00, 0x00, 0x00, 0x00, 0x00, 0x00, 0x00, 0x00,
    0x00, 0x00, 0x00, 0x00, 0x00, 0x00, 0xfe, 0x60, 0xfe, 0x80, 0xfe, 0x80, 0xfe, 0xa0, 0xfe, 0xa0,
    0xfe, 0xa0, 0xfe, 0xa0, 0xfe, 0xa0, 0xfe, 0xa0, 0xfe, 0xa0, 0xfe, 0xa0, 0xfe, 0xa0, 0xfe, 0xa0,
    0xfe, 0x80, 0xfe, 0x80, 0xfe, 0x80, 0xfe, 0x80, 0xfe, 0x80, 0x00, 0x00, 0x00, 0x00, 0x00, 0x00,
    0x00, 0x00, 0x00, 0x00, 0x00, 0x00, 0x00, 0x00, 0x00, 0x00, 0x00, 0x00, 0x00, 0x00, 0x00, 0x00,
    0x00, 0x00, 0x00, 0x00, 0x00, 0x00, 0x00, 0x00, 0x00, 0x00, 0x00, 0x00, 0x00, 0x00, 0x00, 0x00,
    0x00, 0x00, 0xfe, 0xa0, 0xfe, 0x80, 0xfe, 0x80, 0xfe, 0xa0, 0xfe, 0xa0, 0xfe, 0xa0, 0xfe, 0xa0,
    0xfe, 0xa0, 0xfe, 0xa0, 0xfe, 0xa0, 0xfe, 0x80, 0xfe, 0x80, 0xfe, 0x80, 0xfe, 0x80, 0xfe, 0x80,
    0xfe, 0x80, 0xfe, 0x80, 0xfe, 0x80, 0xfe, 0x80, 0xfe, 0x60, 0xfe, 0x60, 0xfe, 0x60, 0x00, 0x00,
    0x00, 0x00, 0x00, 0x00, 0x00, 0x00, 0x00, 0x00, 0x00, 0x00, 0x00, 0x00, 0x00, 0x00, 0x00, 0x00,
    0x00, 0x00, 0x00, 0x00, 0x00, 0x00, 0x00, 0x00, 0x00, 0x00, 0x00, 0x00, 0x00, 0x00, 0x00, 0x00,
    0xfe, 0x80, 0xfe, 0x80, 0xfe, 0x80, 0xfe, 0xa0, 0xfe, 0xa0, 0xfe, 0x80, 0xfe, 0x80, 0xfe, 0x80,
    0xfe, 0x80, 0xfe, 0x80, 0xfe, 0x80, 0xfe, 0x80, 0xfe, 0x80, 0xfe, 0x80, 0xfe, 0x80, 0xfe, 0x80,
    0xfe, 0x80, 0xfe, 0x80, 0xfe, 0x60, 0xfe, 0x60, 0xfe, 0x60, 0xfe, 0x60, 0xfe, 0x60, 0xfe, 0x40,
    0x00, 0x00, 0x00, 0x00, 0x00, 0x00, 0x00, 0x00, 0x00, 0x00, 0x00, 0x00, 0x00, 0x00, 0x00, 0x00,
    0x00, 0x00, 0x00, 0x00, 0x00, 0x00, 0x00, 0x00, 0x00, 0x00, 0x00, 0x00, 0x00, 0x00, 0xfe, 0x80,
    0xfe, 0x80, 0xfe, 0x80, 0xfe, 0x80, 0xfe, 0x80, 0xfe, 0x80, 0xfe, 0x80, 0xfe, 0x80, 0xfe, 0x80,
    0xfe, 0x80, 0xfe, 0x80, 0xfe, 0x80, 0xfe, 0x60, 0xfe, 0x60, 0xfe, 0x60, 0xfe, 0x60, 0xf6, 0x41,
    0xf6, 0x41, 0xfe, 0x61, 0xfe, 0x61, 0xf6, 0x61, 0xf6, 0x61, 0xf6, 0x61, 0xf6, 0x61, 0xfe, 0x60,
    0xfe, 0x60, 0x00, 0x00, 0x00, 0x00, 0x00, 0x00, 0x00, 0x00, 0x00, 0x00, 0x00, 0x00, 0x00, 0x00,
    0x00, 0x00, 0x00, 0x00, 0x00, 0x00, 0x00, 0x00, 0x00, 0x00, 0x00, 0x00, 0xfe, 0x60, 0xfe, 0x80,
    0xfe, 0x80, 0xfe, 0x80, 0xfe, 0x80, 0xfe, 0x80, 0xfe, 0x80, 0xfe, 0x60, 0xfe, 0x60, 0xfe, 0x60,
    0xfe, 0x60, 0xfe, 0x60, 0xfe, 0x60, 0xfe, 0x60, 0xfe, 0x61, 0xf6, 0x61, 0xf6, 0x41, 0xed, 0xa2,
    0xed, 0xc2, 0xf6, 0x61, 0xf6, 0x41, 0xf6, 0x41, 0xf6, 0x41, 0xf6, 0x41, 0xf6, 0x41, 0xf6, 0x41,
    0xfe, 0x41, 0xfe, 0x41, 0x00, 0x00, 0x00, 0x00, 0x00, 0x00, 0x00, 0x00, 0x00, 0x00, 0x00, 0x00,
    0x00, 0x00, 0x00, 0x00, 0x00, 0x00, 0x00, 0x00, 0x00, 0x00, 0xfe, 0x60, 0xfe, 0x60, 0xfe, 0x60,
    0xfe, 0x60, 0xfe, 0x60, 0xfe, 0x60, 0xfe, 0x60, 0xfe, 0x60, 0xfe, 0x61, 0xf6, 0x61, 0xf6, 0x61,
    0xf6, 0x61, 0xf6, 0x61, 0xf6, 0x61, 0xf6, 0x61, 0xf6, 0x41, 0xf6, 0x41, 0xf6, 0x01, 0xed, 0xa2,
    0xed, 0xa2, 0xf6, 0x41, 0xf6, 0x41, 0xf6, 0x41, 0xf6, 0x41, 0xf6, 0x41, 0xf6, 0x41, 0xf6, 0x41,
    0xf6, 0x41, 0xf6, 0x41, 0xfe, 0x41, 0x00, 0x00, 0x00, 0x00, 0x00, 0x00, 0x00, 0x00, 0x00, 0x00,
    0x00, 0x00, 0x00, 0x00, 0x00, 0x00, 0x00, 0x00, 0xfe, 0x80, 0xfe, 0x60, 0xfe, 0x60, 0xfe, 0x61,
    0xf6, 0x61, 0xf6, 0x61, 0xf6, 0x61, 0xf6, 0x61, 0xf6, 0x61, 0xf6, 0x61, 0xf6, 0x41, 0xf6, 0x41,
    0xf6, 0x41, 0xf6, 0x41, 0xf6, 0x41, 0xf6, 0x41, 0xf6, 0x41, 0xf6, 0x41, 0xf6, 0x21, 0xed, 0xa2,
    0xed, 0xa2, 0xf6, 0x21, 0xf6, 0x41, 0xf6, 0x21, 0xf6, 0x21, 0xf6, 0x21, 0xf6, 0x21, 0xf6, 0x21,
    0xf6, 0x21, 0xf6, 0x21, 0xf6, 0x21, 0xf6, 0x01, 0x00, 0x00, 0x00, 0x00, 0x00, 0x00, 0x00, 0x00,
    0x00, 0x00, 0x00, 0x00, 0x00, 0x00, 0xfe, 0x80, 0xfe, 0x60, 0xf6, 0x61, 0xf6, 0x61, 0xf6, 0x61,
    0xf6, 0x41, 0xf6, 0x41, 0xf6, 0x41, 0xf6, 0x41, 0xf6, 0x41, 0xf6, 0x41, 0xf6, 0x41, 0xf6, 0x41,
    0xf6, 0x41, 0xf6, 0x41, 0xf6, 0x41, 0xf6, 0x41, 0xf6, 0x41, 0xf6, 0x21, 0xf6, 0x21, 0xf6, 0x21,
    0xf6, 0x21, 0xf6, 0x21, 0xf6, 0x21, 0xf6, 0x21, 0xf6, 0x21, 0xf6, 0x21, 0xf6, 0x21, 0xf6, 0x21,
    0xf6, 0x21, 0xf6, 0x21, 0xf6, 0x01, 0xf6, 0x01, 0xed, 0xc2, 0x00, 0x00, 0x00, 0x00, 0x00, 0x00,
    0x00, 0x00, 0x00, 0x00, 0x00, 0x00, 0xfe, 0x61, 0xf6, 0x41, 0xf6, 0x41, 0xf6, 0x41, 0xf6, 0x41,
    0xf6, 0x41, 0xf6, 0x41, 0xf6, 0x41, 0xf6, 0x41, 0xf6, 0x41, 0xf6, 0x41, 0xf6, 0x41, 0xf6, 0x21,
    0xf6, 0x21, 0xf6, 0x21, 0xf6, 0x21, 0xf6, 0x21, 0xf6, 0x21, 0xf6, 0x21, 0xf6, 0x21, 0xf6, 0x21,
    0xf6, 0x21, 0xf6, 0x21, 0xf6, 0x21, 0xf6, 0x21, 0xf6, 0x01, 0xf6, 0x01, 0xf6, 0x01, 0xf6, 0x01,
    0xf6, 0x01, 0xf6, 0x01, 0xf6, 0x01, 0xf6, 0x02, 0xf6, 0x01, 0x00, 0x00, 0x00, 0x00, 0x00, 0x00,
    0x00, 0x00, 0x00, 0x00, 0xfe, 0x61, 0xf6, 0x41, 0xf6, 0x41, 0xf6, 0x41, 0xf6, 0x41, 0xf6, 0x21,
    0xf6, 0x21, 0xf6, 0x21, 0xf6, 0x21, 0xf6, 0x21, 0xf6, 0x21, 0xf6, 0x21, 0xf6, 0x21, 0xf6, 0x21,
    0xf6, 0x21, 0xf6, 0x21, 0xf6, 0x21, 0xf6, 0x21, 0xf6, 0x21, 0xf6, 0x01, 0xf6, 0x01, 0xf6, 0x01,
    0xf6, 0x01, 0xf6, 0x01, 0xf6, 0x01, 0xf6, 0x01, 0xf6, 0x01, 0xf6, 0x01, 0xf6, 0x02, 0xf6, 0x02,
    0xf6, 0x02, 0xf6, 0x02, 0xf5, 0xe2, 0xf5, 0xe2, 0xf5, 0xe2, 0xee, 0x02, 0x00, 0x00, 0x00, 0x00,
    0x00, 0x00, 0xff, 0xe0, 0xf6, 0x21, 0xf6, 0x21, 0xf6, 0x21, 0xf6, 0x21, 0xed, 0xa2, 0xe5, 0x23,
    0xe5, 0x43, 0xf6, 0x21, 0xf6, 0x21, 0xf6, 0x21, 0xf6, 0x21, 0xf6, 0x21, 0xf6, 0x21, 0xf6, 0x01,
    0xf6, 0x01, 0xf6, 0x01, 0xf6, 0x01, 0xf6, 0x01, 0xf6, 0x01, 0xf6, 0x01, 0xf6, 0x02, 0xf6, 0x02,
    0xf6, 0x02, 0xf6, 0x02, 0xf6, 0x02, 0xf6, 0x02, 0xf5, 0xe2, 0xf5, 0xe2, 0xf5, 0xe2, 0xf5, 0xe2,
    0xf5, 0xe2, 0xf5, 0xe2, 0xf5, 0xe2, 0xf5, 0xe2, 0xf5, 0xe2, 0xed, 0xe2, 0x00, 0x00, 0x00, 0x00,
    0x00, 0x00, 0xf6, 0x21, 0xf6, 0x21, 0xf6, 0x21, 0xf6, 0x21, 0xed, 0xc2, 0xe5, 0x03, 0xe5, 0x03,
    0xe5, 0x03, 0xed, 0xa2, 0xf6, 0x01, 0xf6, 0x01, 0xf6, 0x01, 0xf6, 0x01, 0xf6, 0x01, 0xf6, 0x01,
    0xed, 0xe2, 0xed, 0x82, 0xed, 0x82, 0xf5, 0xe2, 0xf6, 0x02, 0xf6, 0x02, 0xf5, 0xe2, 0xf5, 0xe2,
    0xf5, 0xe2, 0xf5, 0xe2, 0xf5, 0xe2, 0xf5, 0xe2, 0xf5, 0xe2, 0xf5, 0xe2, 0xf5, 0xe2, 0xf5, 0xe2,
    0xf5, 0xe2, 0xed, 0xe2, 0xed, 0xe2, 0xed, 0xc2, 0xed, 0xc2, 0xed, 0xc2, 0xed, 0xc2, 0x00, 0x00,
    0x00, 0x00, 0xf6, 0x01, 0xf6, 0x21, 0xf6, 0x01, 0xf6, 0x01, 0xed, 0x82, 0xe5, 0x03, 0xe5, 0x03,
    0xe5, 0x03, 0xed, 0x82, 0xf6, 0x01, 0xf6, 0x02, 0xf6, 0x02, 0xf6, 0x02, 0xf6, 0x02, 0xf5, 0xe2,
    0xe5, 0x43, 0xe5, 0x23, 0xe5, 0x23, 0xed, 0x82, 0xf5, 0xe2, 0xf5, 0xe2, 0xf5, 0xe2, 0xf5, 0xe2,
    0xf5, 0xe2, 0xf5, 0xe2, 0xf5, 0xe2, 0xed, 0xe2, 0xed, 0xe2, 0xed, 0xc2, 0xed, 0xc2, 0xed, 0xc2,
    0xed, 0xc2, 0xed, 0xc2, 0xed, 0xc2, 0xed, 0xc2, 0xed, 0xc2, 0xed, 0xc2, 0xed, 0xc2, 0x00, 0x00,
    0x00, 0x00, 0xf6, 0x01, 0xf6, 0x01, 0xf6, 0x01, 0xf6, 0x01, 0xed, 0x62, 0xe5, 0x03, 0xe5, 0x03,
    0xe5, 0x03, 0xed, 0xc2, 0xf5, 0xe2, 0xf5, 0xe2, 0xf5, 0xe2, 0xf5, 0xe2, 0xf5, 0xe2, 0xed, 0x63,
    0xe5, 0x23, 0xe5, 0x23, 0xe5, 0x23, 0xed, 0x63, 0xf5, 0xe2, 0xed, 0xe2, 0xed, 0xe2, 0xed, 0xc2,
    0xed, 0xc2, 0xed, 0xc2, 0xed, 0xc2, 0xed, 0xc2, 0xed, 0xc2, 0xed, 0xc2, 0xed, 0xc2, 0xed, 0xc2,
    0xed, 0xc2, 0xed, 0xc2, 0xed, 0xc2, 0xed, 0xc2, 0xed, 0xa2, 0xed, 0xa2, 0xed, 0xa2, 0x00, 0x00,
    0xf5, 0xc1, 0xf6, 0x02, 0xf6, 0x02, 0xf6, 0x02, 0xf5, 0xe2, 0xed, 0xc2, 0xe5, 0x03, 0xe5, 0x03,
    0xed, 0x63, 0xf5, 0xe2, 0xf5, 0xe2, 0xf5, 0xe2, 0xf5, 0xe2, 0xf5, 0xe2, 0xf5, 0xe2, 0xe5, 0x43,
    0xe5, 0x23, 0xe5, 0x23, 0xe5, 0x23, 0xed, 0x82, 0xed, 0xc2, 0xed, 0xc2, 0xed, 0xc2, 0xed, 0xc2,
    0xed, 0xc2, 0xed, 0xc2, 0xed, 0xc2, 0xed, 0xc2, 0xed, 0xc2, 0xed, 0xa2, 0xed, 0xa2, 0xed, 0xa2,
    0xed, 0xa2, 0xed, 0xa2, 0xed, 0xa2, 0xed, 0xa2, 0xed, 0xa2, 0xed, 0xa2, 0xed, 0xa3, 0xed, 0xc2,
    0xf5, 0xe2, 0xf5, 0xe2, 0xf5, 0xe2, 0xf5, 0xe2, 0xf5, 0xe2, 0xf5, 0xe2, 0xed, 0xc2, 0xed, 0xc2,
    0xed, 0xe2, 0xed, 0xe2, 0xed, 0xc2, 0xed, 0xc2, 0xed, 0xc2, 0xed, 0xc2, 0xed, 0xc2, 0xe5, 0x23,
    0xe5, 0x03, 0xe5, 0x03, 0xe5, 0x23, 0xed, 0xc2, 0xed, 0xc2, 0xed, 0xc2, 0xed, 0xc2, 0xed, 0xa2,
    0xed, 0xa2, 0xed, 0xa2, 0xed, 0xa2, 0xed, 0xa2, 0xed, 0xa2, 0xed, 0xa2, 0xed, 0xa2, 0xed, 0xa2,
    0xed, 0xa3, 0xed, 0xa3, 0xed, 0xa3, 0xed, 0xa3, 0xed, 0x83, 0xed, 0x83, 0xed, 0x83, 0xed, 0x83,
    0xed, 0xe2, 0xf5, 0xe2, 0xed, 0xe2, 0xed, 0xe2, 0xed, 0xe2, 0xed, 0xc2, 0xed, 0xc2, 0xed, 0xc2,
    0xed, 0xc2, 0xed, 0xc2, 0xed, 0xc2, 0xed, 0xc2, 0xed, 0xc2, 0xed, 0xc2, 0xed, 0xc2, 0xed, 0x83,
    0xe5, 0x43, 0xed, 0x43, 0xed, 0xa2, 0xed, 0xa2, 0xed, 0xa2, 0xed, 0xa2, 0xed, 0xa2, 0xed, 0xa2,
    0xed, 0x83, 0xed, 0x83, 0xed, 0xa2, 0xed, 0xa3, 0xed, 0xa3, 0xed, 0xa3, 0xed, 0x83, 0xed, 0x83,
    0xed, 0x83, 0xed, 0x83, 0xed, 0x83, 0xed, 0x83, 0xed, 0x83, 0xed, 0x83, 0xed, 0x83, 0xed, 0x63,
    0xed, 0xc2, 0xed, 0xc2, 0xed, 0xc2, 0xed, 0xc2, 0xed, 0xc2, 0xed, 0xc2, 0xed, 0xc2, 0xed, 0xc2,
    0xed, 0xc2, 0xed, 0xc2, 0xed, 0xc2, 0xed, 0xc2, 0xed, 0xa2, 0xed, 0xa2, 0xed, 0xa2, 0xed, 0xa2,
    0xed, 0xa2, 0xed, 0xa2, 0xed, 0xa2, 0xed, 0xa2, 0xed, 0xa2, 0xed, 0xa3, 0xed, 0xa3, 0xed, 0x83,
    0xe5, 0x23, 0xe5, 0x23, 0xed, 0x83, 0xed, 0x83, 0xed, 0x83, 0xed, 0x83, 0xed, 0x83, 0xed, 0x63,
    0xe5, 0x43, 0xed, 0x43, 0xed, 0x83, 0xed, 0x83, 0xed, 0x83, 0xed, 0x63, 0xed, 0x63, 0xed, 0x63,
    0xed, 0xc2, 0xed, 0xc2, 0xed, 0xc2, 0xed, 0xc2, 0xed, 0xc2, 0xed, 0xa2, 0xed, 0xa2, 0xed, 0xa2,
    0xed, 0xa2, 0xed, 0xa2, 0xed, 0xa2, 0xed, 0xa2, 0xed, 0xa2, 0xed, 0xa2, 0xed, 0xa2, 0xed, 0xa3,
    0xed, 0xa3, 0xed, 0xa3, 0xed, 0x83, 0xed, 0x83, 0xed, 0x83, 0xed, 0x83, 0xed, 0x83, 0xed, 0x83,
    0xe5, 0x23, 0xed, 0x63, 0xed, 0x83, 0xed, 0x83, 0xed, 0x83, 0xed, 0x83, 0xed, 0x83, 0xe5, 0x23,
    0xe5, 0x03, 0xe5, 0x03, 0xed, 0x63, 0xed, 0x63, 0xed, 0x63, 0xed, 0x63, 0xed, 0x63, 0xed, 0x63,
    0xed, 0xc2, 0xed, 0xa2, 0xed, 0xa2, 0xed, 0xa2, 0xed, 0xa2, 0xed, 0xa2, 0xed, 0xa2, 0xed, 0xa2,
    0xed, 0xa2, 0xed, 0xa3, 0xed, 0xa3, 0xed, 0xa3, 0xed, 0x83, 0xed, 0x83, 0xed, 0x83, 0xed, 0x83,
    0xed, 0x83, 0xed, 0x83, 0xed, 0x83, 0xed, 0x83, 0xed, 0x83, 0xed, 0x83, 0xed, 0x83, 0xed, 0x83,
    0xed, 0x83, 0xed, 0x63, 0xed, 0x63, 0xed, 0x63, 0xed, 0x63, 0xed, 0x63, 0xed, 0x63, 0xe5, 0x23,
    0xe5, 0x04, 0xe5, 0x03, 0xed, 0x63, 0xed, 0x63, 0xed, 0x63, 0xed, 0x43, 0xed, 0x43, 0xed, 0x43,
    0xed, 0xa2, 0xed, 0xa2, 0xed, 0xa3, 0xed, 0xa3, 0xed, 0xa3, 0xed, 0x83, 0xed, 0x83, 0xed, 0x83,
    0xed, 0x83, 0xed, 0x83, 0xed, 0x83, 0xed, 0x83, 0xed, 0x83, 0xed, 0x83, 0xed, 0x83, 0xed, 0x83,
    0xed, 0x83, 0xed, 0x83, 0xed, 0x63, 0xed, 0x63, 0xed, 0x63, 0xed, 0x63, 0xed, 0x63, 0xed, 0x63,
    0xed, 0x63, 0xed, 0x63, 0xed, 0x63, 0xed, 0x63, 0xed, 0x63, 0xed, 0x63, 0xed, 0x63, 0xe5, 0x43,
    0xe5, 0x43, 0xe5, 0x43, 0xe5, 0x43, 0xe5, 0x43, 0xe5, 0x43, 0xe5, 0x43, 0xe5, 0x43, 0xe5, 0x43,
    0xed, 0xa2, 0xed, 0x83, 0xed, 0x83, 0xed, 0x83, 0xed, 0x83, 0xed, 0x83, 0xed, 0x83, 0xed, 0x83,
    0xed, 0x83, 0xed, 0x83, 0xed, 0x83, 0xed, 0x83, 0xed, 0x83, 0xed, 0x63, 0xed, 0x63, 0xed, 0x63,
    0xed, 0x63, 0xed, 0x63, 0xed, 0x63, 0xed, 0x63, 0xed, 0x63, 0xed, 0x63, 0xed, 0x63, 0xed, 0x63,
    0xed, 0x63, 0xed, 0x43, 0xed, 0x43, 0xe5, 0x43, 0xe5, 0x43, 0xe5, 0x43, 0xe5, 0x43, 0xe5, 0x43,
    0xe5, 0x43, 0xe5, 0x43, 0xe5, 0x43, 0xe5, 0x43, 0xe5, 0x44, 0xe5, 0x44, 0xe5, 0x24, 0xe5, 0x43,
    0x00, 0x00, 0xed, 0x83, 0xed, 0x83, 0xed, 0x83, 0xed, 0x83, 0xed, 0x83, 0xed, 0x83, 0xed, 0x63,
    0xed, 0x63, 0xed, 0x63, 0xed, 0x63, 0xed, 0x63, 0xed, 0x63, 0xed, 0x63, 0xed, 0x63, 0xed, 0x63,
    0xed, 0x63, 0xed, 0x63, 0xed, 0x63, 0xed, 0x43, 0xed, 0x43, 0xed, 0x43, 0xe5, 0x43, 0xe5, 0x43,
    0xe5, 0x43, 0xe5, 0x43, 0xe5, 0x43, 0xe5, 0x43, 0xe5, 0x43, 0xe5, 0x43, 0xe5, 0x43, 0xe5, 0x44,
    0xe5, 0x24, 0xe5, 0x24, 0xe5, 0x24, 0xe5, 0x24, 0xe5, 0x24, 0xe5, 0x24, 0xe5, 0x24, 0x00, 0x00,
    0x00, 0x00, 0xed, 0x63, 0xed, 0x63, 0xed, 0x63, 0xed, 0x63, 0xed, 0x63, 0xed, 0x63, 0xed, 0x63,
    0xed, 0x63, 0xed, 0x63, 0xed, 0x63, 0xed, 0x63, 0xed, 0x63, 0xed, 0x43, 0xed, 0x43, 0xe5, 0x43,
    0xe5, 0x43, 0xe5, 0x43, 0xe5, 0x43, 0xe5, 0x43, 0xe5, 0x43, 0xe5, 0x43, 0xe5, 0x43, 0xe5, 0x43,
    0xe5, 0x44, 0xe5, 0x44, 0xe5, 0x24, 0xe5, 0x24, 0xe5, 0x24, 0xe5, 0x24, 0xe5, 0x24, 0xe5, 0x24,
    0xe5, 0x24, 0xe5, 0x24, 0xe5, 0x24, 0xe5, 0x24, 0xe5, 0x24, 0xe5, 0x24, 0xe5, 0x24, 0x00, 0x00,
    0x00, 0x00, 0xe5, 0x64, 0xed, 0x63, 0xed, 0x63, 0xed, 0x63, 0xed, 0x63, 0xed, 0x63, 0xed, 0x43,
    0xed, 0x43, 0xed, 0x43, 0xe5, 0x43, 0xe5, 0x24, 0xe5, 0x43, 0xe5, 0x43, 0xe5, 0x43, 0xe5, 0x43,
    0xe5, 0x43, 0xe5, 0x43, 0xe5, 0x44, 0xe5, 0x44, 0xe5, 0x24, 0xe5, 0x24, 0xe5, 0x24, 0xe5, 0x24,
    0xe5, 0x24, 0xe5, 0x24, 0xe5, 0x24, 0xe5, 0x24, 0xe5, 0x24, 0xe5, 0x24, 0xe5, 0x24, 0xe5, 0x24,
    0xe5, 0x24, 0xe5, 0x04, 0xe5, 0x04, 0xe5, 0x04, 0xe5, 0x04, 0xe5, 0x04, 0xe5, 0x04, 0x00, 0x00,
    0x00, 0x00, 0x00, 0x00, 0xed, 0x43, 0xe5, 0x43, 0xe5, 0x43, 0xe5, 0x43, 0xe5, 0x43, 0xe5, 0x43,
    0xe5, 0x43, 0xe5, 0x43, 0xe4, 0xc4, 0xdc, 0xa4, 0xe5, 0x24, 0xe5, 0x24, 0xe5, 0x24, 0xe5, 0x24,
    0xe5, 0x24, 0xe5, 0x24, 0xe5, 0x24, 0xe5, 0x24, 0xe5, 0x24, 0xe4, 0xe4, 0xe4, 0xc4, 0xe4, 0xc4,
    0xe4, 0xe4, 0xe5, 0x24, 0xe5, 0x04, 0xe5, 0x04, 0xe5, 0x04, 0xe5, 0x04, 0xe5, 0x04, 0xe5, 0x04,
    0xe5, 0x04, 0xe5, 0x04, 0xe5, 0x04, 0xe5, 0x04, 0xe5, 0x04, 0xe4, 0xe4, 0xff, 0xe0, 0x00, 0x00,
    0x00, 0x00, 0x00, 0x00, 0xed, 0x63, 0xe5, 0x43, 0xe5, 0x43, 0xe5, 0x43, 0xe5, 0x44, 0xe5, 0x44,
    0xe5, 0x24, 0xe5, 0x24, 0xe4, 0xc4, 0xe4, 0xc4, 0xe5, 0x24, 0xe5, 0x24, 0xe5, 0x24, 0xe5, 0x24,
    0xe5, 0x24, 0xe5, 0x24, 0xe5, 0x24, 0xe5, 0x24, 0xe4, 0xe4, 0xdc, 0xc4, 0xdc, 0xc4, 0xdc, 0xc4,
    0xdc, 0xc4, 0xe4, 0xe4, 0xe5, 0x04, 0xe5, 0x04, 0xe5, 0x04, 0xe5, 0x04, 0xe5, 0x04, 0xe5, 0x04,
    0xe5, 0x04, 0xe4, 0xe4, 0xe4, 0xe4, 0xe4, 0xe4, 0xe4, 0xe4, 0xdc, 0xe5, 0x00, 0x00, 0x00, 0x00,
    0x00, 0x00, 0x00, 0x00, 0x00, 0x00, 0xe5, 0x44, 0xe5, 0x24, 0xe5, 0x24, 0xe5, 0x24, 0xe5, 0x24,
    0xe5, 0x24, 0xe5, 0x24, 0xe5, 0x24, 0xe5, 0x24, 0xe5, 0x24, 0xe5, 0x24, 0xe5, 0x24, 0xe5, 0x04,
    0xe5, 0x04, 0xe5, 0x04, 0xe5, 0x04, 0xe5, 0x04, 0xe4, 0xc4, 0xdc, 0xa4, 0xdc, 0xa4, 0xdc, 0xa4,
    0xdc, 0xa4, 0xdc, 0xc4, 0xe5, 0x04, 0xe4, 0xe4, 0xe4, 0xe4, 0xe4, 0xe4, 0xe4, 0xe4, 0xe4, 0xe4,
    0xe4, 0xe4, 0xe4, 0xe4, 0xe4, 0xe4, 0xe4, 0xe4, 0xe4, 0xe4, 0x00, 0x00, 0x00, 0x00, 0x00, 0x00,
    0x00, 0x00, 0x00, 0x00, 0x00, 0x00, 0xec, 0xe4, 0xe5, 0x24, 0xe5, 0x24, 0xe5, 0x24, 0xe5, 0x24,
    0xe5, 0x04, 0xe5, 0x04, 0xe5, 0x04, 0xe5, 0x04, 0xe5, 0x04, 0xe5, 0x04, 0xe5, 0x04, 0xe5, 0x04,
    0xe5, 0x04, 0xe5, 0x04, 0xe5, 0x04, 0xe5, 0x04, 0xdc, 0xc4, 0xdc, 0xa4, 0xdc, 0xa4, 0xdc, 0xa4,
    0xdc, 0xa4, 0xdc, 0xa4, 0xe4, 0xe4, 0xe4, 0xe4, 0xe4, 0xe4, 0xe4, 0xe4, 0xe4, 0xe4, 0xe4, 0xe4,
    0xe4, 0xe4, 0xe4, 0xe4, 0xe4, 0xe4, 0xe4, 0xe4, 0xe4, 0xc3, 0x00, 0x00, 0x00, 0x00, 0x00, 0x00,
    0x00, 0x00, 0x00, 0x00, 0x00, 0x00, 0x00, 0x00, 0xe5, 0x24, 0xe5, 0x04, 0xe5, 0x04, 0xe5, 0x04,
    0xe5, 0x04, 0xe5, 0x04, 0xe5, 0x04, 0xe5, 0x04, 0xe5, 0x04, 0xe5, 0x04, 0xe5, 0x04, 0xe4, 0xe4,
    0xe4, 0xe4, 0xe4, 0xe4, 0xe4, 0xe4, 0xe4, 0xe4, 0xe4, 0xc4, 0xdc, 0xa4, 0xdc, 0xa4, 0xdc, 0xa4,
    0xdc, 0xa4, 0xdc, 0xa4, 0xe4, 0xe4, 0xe4, 0xe4, 0xe4, 0xe4, 0xe4, 0xe4, 0xe4, 0xe4, 0xe4, 0xe4,
    0xe4, 0xe4, 0xe4, 0xe4, 0xe4, 0xe4, 0xe5, 0x04, 0x00, 0x00, 0x00, 0x00, 0x00, 0x00, 0x00, 0x00,
    0x00, 0x00, 0x00, 0x00, 0x00, 0x00, 0x00, 0x00, 0x00, 0x00, 0xe5, 0x04, 0xe5, 0x04, 0xe5, 0x04,
    0xe5, 0x04, 0xe4, 0xe4, 0xe4, 0xe4, 0xe4, 0xe4, 0xe4, 0xe4, 0xe4, 0xe4, 0xe4, 0xe4, 0xe4, 0xe4,
    0xe4, 0xe4, 0xe4, 0xe4, 0xe4, 0xe4, 0xe4, 0xe4, 0xe4, 0xe4, 0xdc, 0xa4, 0xdc, 0xa4, 0xdc, 0xa4,
    0xdc, 0xa4, 0xdc, 0xc4, 0xe4, 0xe4, 0xe4, 0xe4, 0xe4, 0xe4, 0xe4, 0xe4, 0xe4, 0xe4, 0xe4, 0xe4,
    0xe4, 0xe4, 0xe4, 0xe4, 0xe5, 0x04, 0x00, 0x00, 0x00, 0x00, 0x00, 0x00, 0x00, 0x00, 0x00, 0x00,
    0x00, 0x00, 0x00, 0x00, 0x00, 0x00, 0x00, 0x00, 0x00, 0x00, 0x00, 0x00, 0xe4, 0xe4, 0xe4, 0xe4,
    0xe4, 0xe4, 0xe4, 0xe4, 0xe4, 0xe4, 0xe4, 0xe4, 0xe4, 0xe4, 0xe4, 0xe4, 0xe4, 0xe4, 0xe4, 0xe4,
    0xe4, 0xe4, 0xe4, 0xe4, 0xe4, 0xe4, 0xe4, 0xe4, 0xe4, 0xe4, 0xe4, 0xe4, 0xdc, 0xc4, 0xdc, 0xa4,
    0xdc, 0xc4, 0xe4, 0xe4, 0xe4, 0xe4, 0xe4, 0xe4, 0xe4, 0xe4, 0xe4, 0xe4, 0xe4, 0xe4, 0xe4, 0xe4,
    0xe4, 0xe4, 0xe4, 0xe4, 0x00, 0x00, 0x00, 0x00, 0x00, 0x00, 0x00, 0x00, 0x00, 0x00, 0x00, 0x00,
    0x00, 0x00, 0x00, 0x00, 0x00, 0x00, 0x00, 0x00, 0x00, 0x00, 0x00, 0x00, 0x00, 0x00, 0xe4, 0xe4,
    0xe4, 0xe4, 0xe4, 0xe4, 0xe4, 0xe4, 0xe4, 0xe4, 0xe4, 0xe4, 0xe4, 0xe4, 0xe4, 0xe4, 0xe4, 0xe4,
    0xe4, 0xe4, 0xe4, 0xe4, 0xe4, 0xe4, 0xe4, 0xe4, 0xe4, 0xe4, 0xe4, 0xe4, 0xe4, 0xe4, 0xe4, 0xe4,
    0xe4, 0xe4, 0xe4, 0xe4, 0xe4, 0xe4, 0xe4, 0xe4, 0xe4, 0xe4, 0xe4, 0xe4, 0xe4, 0xe4, 0xe4, 0xc4,
    0xe4, 0xc4, 0x00, 0x00, 0x00, 0x00, 0x00, 0x00, 0x00, 0x00, 0x00, 0x00, 0x00, 0x00, 0x00, 0x00,
    0x00, 0x00, 0x00, 0x00, 0x00, 0x00, 0x00, 0x00, 0x00, 0x00, 0x00, 0x00, 0x00, 0x00, 0x00, 0x00,
    0xe4, 0xe4, 0xe4, 0xe4, 0xe4, 0xe4, 0xe4, 0xe4, 0xe4, 0xe4, 0xe4, 0xe4, 0xe4, 0xe4, 0xe4, 0xe4,
    0xe4, 0xe4, 0xe4, 0xe4, 0xe4, 0xe4, 0xe4, 0xe4, 0xe4, 0xe4, 0xe4, 0xe4, 0xe4, 0xe4, 0xe4, 0xe4,
    0xe4, 0xe4, 0xe4, 0xe4, 0xe4, 0xe4, 0xe4, 0xe4, 0xe4, 0xe4, 0xdc, 0xc4, 0xdc, 0x84, 0xdc, 0x84,
    0x00, 0x00, 0x00, 0x00, 0x00, 0x00, 0x00, 0x00, 0x00, 0x00, 0x00, 0x00, 0x00, 0x00, 0x00, 0x00,
    0x00, 0x00, 0x00, 0x00, 0x00, 0x00, 0x00, 0x00, 0x00, 0x00, 0x00, 0x00, 0x00, 0x00, 0x00, 0x00,
    0x00, 0x00, 0xec, 0xa5, 0xe4, 0xc4, 0xe4, 0xc4, 0xe4, 0xe4, 0xe4, 0xe4, 0xe4, 0xe4, 0xe4, 0xe4,
    0xe4, 0xe4, 0xe4, 0xe4, 0xe4, 0xe4, 0xe4, 0xe4, 0xe4, 0xe4, 0xe4, 0xe4, 0xe4, 0xe4, 0xe4, 0xe4,
    0xe4, 0xe4, 0xe4, 0xe4, 0xe4, 0xc4, 0xdc, 0xa4, 0xdc, 0x84, 0xdc, 0x64, 0xdc, 0x84, 0x00, 0x00,
    0x00, 0x00, 0x00, 0x00, 0x00, 0x00, 0x00, 0x00, 0x00, 0x00, 0x00, 0x00, 0x00, 0x00, 0x00, 0x00,
    0x00, 0x00, 0x00, 0x00, 0x00, 0x00, 0x00, 0x00, 0x00, 0x00, 0x00, 0x00, 0x00, 0x00, 0x00, 0x00,
    0x00, 0x00, 0x00, 0x00, 0x00, 0x00, 0xdc, 0x64, 0xdc, 0x84, 0xdc, 0x84, 0xdc, 0xa4, 0xe4, 0xc4,
    0xe4, 0xe4, 0xe4, 0xe4, 0xe4, 0xe4, 0xe4, 0xe4, 0xe4, 0xe4, 0xe4, 0xe4, 0xe4, 0xc4, 0xdc, 0xa4,
    0xdc, 0xa4, 0xdc, 0x84, 0xdc, 0x84, 0xdc, 0x84, 0xdc, 0x64, 0x00, 0x00, 0x00, 0x00, 0x00, 0x00,
    0x00, 0x00, 0x00, 0x00, 0x00, 0x00, 0x00, 0x00, 0x00, 0x00, 0x00, 0x00, 0x00, 0x00, 0x00, 0x00,
    0x00, 0x00, 0x00, 0x00, 0x00, 0x00, 0x00, 0x00, 0x00, 0x00, 0x00, 0x00, 0x00, 0x00, 0x00, 0x00,
    0x00, 0x00, 0x00, 0x00, 0x00, 0x00, 0x00, 0x00, 0xfc, 0x00, 0xdc, 0x85, 0xdc, 0x84, 0xdc, 0x84,
    0xdc, 0x84, 0xdc, 0x84, 0xdc, 0x84, 0xdc, 0x84, 0xdc, 0x84, 0xdc, 0x84, 0xdc, 0x84, 0xdc, 0x84,
    0xdc, 0x84, 0xdc, 0x85, 0xdc, 0xa5, 0x00, 0x00, 0x00, 0x00, 0x00, 0x00, 0x00, 0x00, 0x00, 0x00,
    0x00, 0x00, 0x00, 0x00, 0x00, 0x00, 0x00, 0x00, 0x00, 0x00, 0x00, 0x00, 0x00, 0x00, 0x00, 0x00,
    0x00, 0x00, 0x00, 0x00, 0x00, 0x00, 0x00, 0x00, 0x00, 0x00, 0x00, 0x00, 0x00, 0x00, 0x00, 0x00,
    0x00, 0x00, 0x00, 0x00, 0x00, 0x00, 0x00, 0x00, 0x00, 0x00, 0x00, 0x00, 0x00, 0x00, 0x00, 0x00,
    0xdc, 0xa4, 0xdc, 0xa4, 0xdc, 0xa5, 0xdc, 0xa4, 0xdc, 0xa4, 0xdc, 0xa4, 0xe4, 0xc4, 0xdd, 0x24,
    0x00, 0x00, 0x00, 0x00, 0x00, 0x00, 0x00, 0x00, 0x00, 0x00, 0x00, 0x00, 0x00, 0x00, 0x00, 0x00,
    0x00, 0x00, 0x00, 0x00, 0x00, 0x00, 0x00, 0x00, 0x00, 0x00, 0x00, 0x00, 0x00, 0x00, 0x00, 0x00,
    /* Alpha channel data (1600 bytes) */
    0x00, 0x00, 0x00, 0x00, 0x00, 0x00, 0x00, 0x00, 0x00, 0x00, 0x00, 0x00, 0x00, 0x00, 0x00, 0x00,
    0x0d, 0x53, 0x7f, 0x90, 0x90, 0x7f, 0x57, 0x18, 0x00, 0x00, 0x00, 0x00, 0x00, 0x00, 0x00, 0x00,
    0x00, 0x00, 0x00, 0x00, 0x00, 0x00, 0x00, 0x00, 0x00, 0x00, 0x00, 0x00, 0x00, 0x00, 0x00, 0x00,
    0x00, 0x00, 0x00, 0x00, 0x01, 0x22, 0x70, 0xbf, 0xf6, 0xff, 0xff, 0xff, 0xff, 0xff, 0xff, 0xfc,
    0xd1, 0x83, 0x2f, 0x02, 0x00, 0x00, 0x00, 0x00, 0x00, 0x00, 0x00, 0x00, 0x00, 0x00, 0x00, 0x00,
    0x00, 0x00, 0x00, 0x00, 0x00, 0x00, 0x00, 0x00, 0x00, 0x00, 0x00, 0x25, 0xae, 0xf5, 0xff, 0xff,
    0xff, 0xff, 0xff, 0xff, 0xff, 0xff, 0xff, 0xff, 0xff, 0xff, 0xf9, 0xb7, 0x31, 0x00, 0x00, 0x00,
    0x00, 0x00, 0x00, 0x00, 0x00, 0x00, 0x00, 0x00, 0x00, 0x00, 0x00, 0x00, 0x00, 0x00, 0x00, 0x00,
    0x00, 0x0c, 0x8a, 0xef, 0xff, 0xff, 0xff, 0xff, 0xff, 0xff, 0xff, 0xff, 0xff, 0xff, 0xff, 0xff,
    0xff, 0xff, 0xff, 0xff, 0xf3, 0x95, 0x0f, 0x00, 0x00, 0x00, 0x00, 0x00, 0x00, 0x00, 0x00, 0x00,
    0x00, 0x00, 0x00, 0x00, 0x00, 0x00, 0x00, 0x00, 0x2c, 0xd2, 0xff, 0xff, 0xff, 0xff, 0xff, 0xff,
    0xff, 0xff, 0xff, 0xff, 0xff, 0xff, 0xff, 0xff, 0xff, 0xff, 0xff, 0xff, 0xff, 0xff, 0xd8, 0x30,
    0x00, 0x00, 0x00, 0x00, 0x00, 0x00, 0x00, 0x00, 0x00, 0x00, 0x00, 0x00, 0x00, 0x00, 0x00, 0x57,
    0xf1, 0xff, 0xff, 0xff, 0xff, 0xff, 0xff, 0xff, 0xff, 0xff, 0xff, 0xff, 0xff, 0xff, 0xff, 0xff,
    0xff, 0xff, 0xff, 0xff, 0xff, 0xff, 0xff, 0xf2, 0x4d, 0x00, 0x00, 0x00, 0x00, 0x00, 0x00, 0x00,
    0x00, 0x00, 0x00, 0x00, 0x00, 0x00, 0x59, 0xf8, 0xff, 0xff, 0xff, 0xff, 0xff, 0xff, 0xff, 0xff,
    0xff, 0xff, 0xff, 0xff, 0xff, 0xff, 0xff, 0xff, 0xff, 0xff, 0xff, 0xff, 0xff, 0xff, 0xff, 0xff,
    0xf8, 0x5d, 0x00, 0x00, 0x00, 0x00, 0x00, 0x00, 0x00, 0x00, 0x00, 0x00, 0x00, 0x55, 0xf8, 0xff,
    0xff, 0xff, 0xff, 0xff, 0xff, 0xff, 0xff, 0xff, 0xff, 0xff, 0xff, 0xff, 0xff, 0xff, 0xff, 0xff,
    0xff, 0xff, 0xff, 0xff, 0xff, 0xff, 0xff, 0xff, 0xff, 0xf8, 0x58, 0x00, 0x00, 0x00, 0x00, 0x00,
    0x00, 0x00, 0x00, 0x00, 0x2b, 0xf0, 0xff, 0xff, 0xff, 0xff, 0xff, 0xff, 0xff, 0xff, 0xff, 0xff,
    0xff, 0xff, 0xff, 0xff, 0xff, 0xff, 0xff, 0xff, 0xff, 0xff, 0xff, 0xff, 0xff, 0xff, 0xff, 0xff,
    0xff, 0xff, 0xf0, 0x2a, 0x00, 0x00, 0x00, 0x00, 0x00, 0x00, 0x00, 0x0b, 0xd1, 0xff, 0xff, 0xff,
    0xff, 0xff, 0xff, 0xff, 0xff, 0xff, 0xff, 0xff, 0xff, 0xff, 0xff, 0xff, 0xff, 0xff, 0xff, 0xff,
    0xff, 0xff, 0xff, 0xff, 0xff, 0xff, 0xff, 0xff, 0xff, 0xff, 0xff, 0xcf, 0x0b, 0x00, 0x00, 0x00,
    0x00, 0x00, 0x00, 0x8b, 0xff, 0xff, 0xff, 0xff, 0xff, 0xff, 0xff, 0xff, 0xff, 0xff, 0xff, 0xff,
    0xff, 0xff, 0xff, 0xff, 0xff, 0xff, 0xff, 0xff, 0xff, 0xff, 0xff, 0xff, 0xff, 0xff, 0xff, 0xff,
    0xff, 0xff, 0xff, 0xff, 0x87, 0x00, 0x00, 0x00, 0x00, 0x00, 0x28, 0xf0, 0xff, 0xff, 0xff, 0xff,
    0xff, 0xff, 0xff, 0xff, 0xff, 0xff, 0xff, 0xff, 0xff, 0xff, 0xff, 0xff, 0xff, 0xff, 0xff, 0xff,
    0xff, 0xff, 0xff, 0xff, 0xff, 0xff, 0xff, 0xff, 0xff, 0xff, 0xff, 0xff, 0xee, 0x1d, 0x00, 0x00,
    0x00, 0x01, 0xb3, 0xff, 0xff, 0xff, 0xff, 0xff, 0xff, 0xff, 0xff, 0xff, 0xff, 0xff, 0xff, 0xff,
    0xff, 0xff, 0xff, 0xff, 0xff, 0xff, 0xff, 0xff, 0xff, 0xff, 0xff, 0xff, 0xff, 0xff, 0xff, 0xff,
    0xff, 0xff, 0xff, 0xff, 0xff, 0x93, 0x00, 0x00, 0x00, 0x28, 0xf7, 0xff, 0xff, 0xff, 0xff, 0xff,
    0xff, 0xff, 0xff, 0xff, 0xff, 0xff, 0xff, 0xff, 0xff, 0xff, 0xff, 0xff, 0xff, 0xff, 0xff, 0xff,
    0xff, 0xff, 0xff, 0xff, 0xff, 0xff, 0xff, 0xff, 0xff, 0xff, 0xff, 0xff, 0xff, 0xf2, 0x1d, 0x00,
    0x00, 0x7c, 0xff, 0xff, 0xff, 0xff, 0xff, 0xff, 0xff, 0xff, 0xff, 0xff, 0xff, 0xff, 0xff, 0xff,
    0xff, 0xff, 0xff, 0xff, 0xff, 0xff, 0xff, 0xff, 0xff, 0xff, 0xff, 0xff, 0xff, 0xff, 0xff, 0xff,
    0xff, 0xff, 0xff, 0xff, 0xff, 0xff, 0x69, 0x00, 0x00, 0xcc, 0xff, 0xff, 0xff, 0xff, 0xff, 0xff,
    0xff, 0xff, 0xff, 0xff, 0xff, 0xff, 0xff, 0xff, 0xff, 0xff, 0xff, 0xff, 0xff, 0xff, 0xff, 0xff,
    0xff, 0xff, 0xff, 0xff, 0xff, 0xff, 0xff, 0xff, 0xff, 0xff, 0xff, 0xff, 0xff, 0xff, 0xba, 0x00,
    0x16, 0xfb, 0xff, 0xff, 0xff, 0xff, 0xff, 0xff, 0xff, 0xff, 0xff, 0xff, 0xff, 0xff, 0xff, 0xff,
    0xff, 0xff, 0xff, 0xff, 0xff, 0xff, 0xff, 0xff, 0xff, 0xff, 0xff, 0xff, 0xff, 0xff, 0xff, 0xff,
    0xff, 0xff, 0xff, 0xff, 0xff, 0xff, 0xf5, 0x0b, 0x5b, 0xff, 0xff, 0xff, 0xff, 0xff, 0xff, 0xff,
    0xff, 0xff, 0xff, 0xff, 0xff, 0xff, 0xff, 0xff, 0xff, 0xff, 0xff, 0xff, 0xff, 0xff, 0xff, 0xff,
    0xff, 0xff, 0xff, 0xff, 0xff, 0xff, 0xff, 0xff, 0xff, 0xff, 0xff, 0xff, 0xff, 0xff, 0xff, 0x50,
    0x81, 0xff, 0xff, 0xff, 0xff, 0xff, 0xff, 0xff, 0xff, 0xff, 0xff, 0xff, 0xff, 0xff, 0xff, 0xff,
    0xff, 0xff, 0xff, 0xff, 0xff, 0xff, 0xff, 0xff, 0xff, 0xff, 0xff, 0xff, 0xff, 0xff, 0xff, 0xff,
    0xff, 0xff, 0xff, 0xff, 0xff, 0xff, 0xff, 0x7d, 0x92, 0xff, 0xff, 0xff, 0xff, 0xff, 0xff, 0xff,
    0xff, 0xff, 0xff, 0xff, 0xff, 0xff, 0xff, 0xff, 0xff, 0xff, 0xff, 0xff, 0xff, 0xff, 0xff, 0xff,
    0xff, 0xff, 0xff, 0xff, 0xff, 0xff, 0xff, 0xff, 0xff, 0xff, 0xff, 0xff, 0xff, 0xff, 0xff, 0x8f,
    0x92, 0xff, 0xff, 0xff, 0xff, 0xff, 0xff, 0xff, 0xff, 0xff, 0xff, 0xff, 0xff, 0xff, 0xff, 0xff,
    0xff, 0xff, 0xff, 0xff, 0xff, 0xff, 0xff, 0xff, 0xff, 0xff, 0xff, 0xff, 0xff, 0xff, 0xff, 0xff,
    0xff, 0xff, 0xff, 0xff, 0xff, 0xff, 0xff, 0x8e, 0x81, 0xff, 0xff, 0xff, 0xff, 0xff, 0xff, 0xff,
    0xff, 0xff, 0xff, 0xff, 0xff, 0xff, 0xff, 0xff, 0xff, 0xff, 0xff, 0xff, 0xff, 0xff, 0xff, 0xff,
    0xff, 0xff, 0xff, 0xff, 0xff, 0xff, 0xff, 0xff, 0xff, 0xff, 0xff, 0xff, 0xff, 0xff, 0xff, 0x7d,
    0x53, 0xff, 0xff, 0xff, 0xff, 0xff, 0xff, 0xff, 0xff, 0xff, 0xff, 0xff, 0xff, 0xff, 0xff, 0xff,
    0xff, 0xff, 0xff, 0xff, 0xff, 0xff, 0xff, 0xff, 0xff, 0xff, 0xff, 0xff, 0xff, 0xff, 0xff, 0xff,
    0xff, 0xff, 0xff, 0xff, 0xff, 0xff, 0xff, 0x53, 0x0e, 0xf7, 0xff, 0xff, 0xff, 0xff, 0xff, 0xff,
    0xff, 0xff, 0xff, 0xff, 0xff, 0xff, 0xff, 0xff, 0xff, 0xff, 0xff, 0xff, 0xff, 0xff, 0xff, 0xff,
    0xff, 0xff, 0xff, 0xff, 0xff, 0xff, 0xff, 0xff, 0xff, 0xff, 0xff, 0xff, 0xff, 0xff, 0xfa, 0x12,
    0x00, 0xbe, 0xff, 0xff, 0xff, 0xff, 0xff, 0xff, 0xff, 0xff, 0xff, 0xff, 0xff, 0xff, 0xff, 0xff,
    0xff, 0xff, 0xff, 0xff, 0xff, 0xff, 0xff, 0xff, 0xff, 0xff, 0xff, 0xff, 0xff, 0xff, 0xff, 0xff,
    0xff, 0xff, 0xff, 0xff, 0xff, 0xff, 0xc9, 0x00, 0x00, 0x6e, 0xff, 0xff, 0xff, 0xff, 0xff, 0xff,
    0xff, 0xff, 0xff, 0xff, 0xff, 0xff, 0xff, 0xff, 0xff, 0xff, 0xff, 0xff, 0xff, 0xff, 0xff, 0xff,
    0xff, 0xff, 0xff, 0xff, 0xff, 0xff, 0xff, 0xff, 0xff, 0xff, 0xff, 0xff, 0xff, 0xff, 0x79, 0x00,
    0x00, 0x20, 0xf4, 0xff, 0xff, 0xff, 0xff, 0xff, 0xff, 0xff, 0xff, 0xff, 0xff, 0xff, 0xff, 0xff,
    0xff, 0xff, 0xff, 0xff, 0xff, 0xff, 0xff, 0xff, 0xff, 0xff, 0xff, 0xff, 0xff, 0xff, 0xff, 0xff,
    0xff, 0xff, 0xff, 0xff, 0xff, 0xf6, 0x26, 0x00, 0x00, 0x00, 0xa7, 0xff, 0xff, 0xff, 0xff, 0xff,
    0xff, 0xff, 0xff, 0xff, 0xff, 0xff, 0xff, 0xff, 0xff, 0xff, 0xff, 0xff, 0xff, 0xff, 0xff, 0xff,
    0xff, 0xff, 0xff, 0xff, 0xff, 0xff, 0xff, 0xff, 0xff, 0xff, 0xff, 0xff, 0xff, 0x98, 0x01, 0x00,
    0x00, 0x00, 0x25, 0xf0, 0xff, 0xff, 0xff, 0xff, 0xff, 0xff, 0xff, 0xff, 0xff, 0xff, 0xff, 0xff,
    0xff, 0xff, 0xff, 0xff, 0xff, 0xff, 0xff, 0xff, 0xff, 0xff, 0xff, 0xff, 0xff, 0xff, 0xff, 0xff,
    0xff, 0xff, 0xff, 0xff, 0xef, 0x20, 0x00, 0x00, 0x00, 0x00, 0x00, 0x8c, 0xff, 0xff, 0xff, 0xff,
    0xff, 0xff, 0xff, 0xff, 0xff, 0xff, 0xff, 0xff, 0xff, 0xff, 0xff, 0xff, 0xff, 0xff, 0xff, 0xff,
    0xff, 0xff, 0xff, 0xff, 0xff, 0xff, 0xff, 0xff, 0xff, 0xff, 0xff, 0xff, 0x88, 0x00, 0x00, 0x00,
    0x00, 0x00, 0x00, 0x0d, 0xd4, 0xff, 0xff, 0xff, 0xff, 0xff, 0xff, 0xff, 0xff, 0xff, 0xff, 0xff,
    0xff, 0xff, 0xff, 0xff, 0xff, 0xff, 0xff, 0xff, 0xff, 0xff, 0xff, 0xff, 0xff, 0xff, 0xff, 0xff,
    0xff, 0xff, 0xff, 0xce, 0x0a, 0x00, 0x00, 0x00, 0x00, 0x00, 0x00, 0x00, 0x2d, 0xf1, 0xff, 0xff,
    0xff, 0xff, 0xff, 0xff, 0xff, 0xff, 0xff, 0xff, 0xff, 0xff, 0xff, 0xff, 0xff, 0xff, 0xff, 0xff,
    0xff, 0xff, 0xff, 0xff, 0xff, 0xff, 0xff, 0xff, 0xff, 0xff, 0xf0, 0x29, 0x00, 0x00, 0x00, 0x00,
    0x00, 0x00, 0x00, 0x00, 0x00, 0x4c, 0xf8, 0xff, 0xff, 0xff, 0xff, 0xff, 0xff, 0xff, 0xff, 0xff,
    0xff, 0xff, 0xff, 0xff, 0xff, 0xff, 0xff, 0xff, 0xff, 0xff, 0xff, 0xff, 0xff, 0xff, 0xff, 0xff,
    0xff, 0xf7, 0x46, 0x00, 0x00, 0x00, 0x00, 0x00, 0x00, 0x00, 0x00, 0x00, 0x00, 0x00, 0x5c, 0xf8,
    0xff, 0xff, 0xff, 0xff, 0xff, 0xff, 0xff, 0xff, 0xff, 0xff, 0xff, 0xff, 0xff, 0xff, 0xff, 0xff,
    0xff, 0xff, 0xff, 0xff, 0xff, 0xff, 0xff, 0xff, 0xf7, 0x59, 0x00, 0x00, 0x00, 0x00, 0x00, 0x00,
    0x00, 0x00, 0x00, 0x00, 0x00, 0x00, 0x00, 0x57, 0xf1, 0xff, 0xff, 0xff, 0xff, 0xff, 0xff, 0xff,
    0xff, 0xff, 0xff, 0xff, 0xff, 0xff, 0xff, 0xff, 0xff, 0xff, 0xff, 0xff, 0xff, 0xff, 0xff, 0xf1,
    0x4a, 0x00, 0x00, 0x00, 0x00, 0x00, 0x00, 0x00, 0x00, 0x00, 0x00, 0x00, 0x00, 0x00, 0x00, 0x00,
    0x2c, 0xd2, 0xff, 0xff, 0xff, 0xff, 0xff, 0xff, 0xff, 0xff, 0xff, 0xff, 0xff, 0xff, 0xff, 0xff,
    0xff, 0xff, 0xff, 0xff, 0xff, 0xff, 0xd7, 0x2e, 0x00, 0x00, 0x00, 0x00, 0x00, 0x00, 0x00, 0x00,
    0x00, 0x00, 0x00, 0x00, 0x00, 0x00, 0x00, 0x00, 0x00, 0x0c, 0x94, 0xf3, 0xff, 0xff, 0xff, 0xff,
    0xff, 0xff, 0xff, 0xff, 0xff, 0xff, 0xff, 0xff, 0xff, 0xff, 0xff, 0xff, 0xf1, 0x91, 0x0e, 0x00,
    0x00, 0x00, 0x00, 0x00, 0x00, 0x00, 0x00, 0x00, 0x00, 0x00, 0x00, 0x00, 0x00, 0x00, 0x00, 0x00,
    0x00, 0x00, 0x00, 0x28, 0xac, 0xf8, 0xff, 0xff, 0xff, 0xff, 0xff, 0xff, 0xff, 0xff, 0xff, 0xff,
    0xff, 0xff, 0xf3, 0x93, 0x22, 0x00, 0x00, 0x00, 0x00, 0x00, 0x00, 0x00, 0x00, 0x00, 0x00, 0x00,
    0x00, 0x00, 0x00, 0x00, 0x00, 0x00, 0x00, 0x00, 0x00, 0x00, 0x00, 0x00, 0x02, 0x2c, 0x7e, 0xcc,
    0xfc, 0xff, 0xff, 0xff, 0xff, 0xff, 0xff, 0xf6, 0xbd, 0x6d, 0x1f, 0x00, 0x00, 0x00, 0x00, 0x00,
    0x00, 0x00, 0x00, 0x00, 0x00, 0x00, 0x00, 0x00, 0x00, 0x00, 0x00, 0x00, 0x00, 0x00, 0x00, 0x00,
    0x00, 0x00, 0x00, 0x00, 0x00, 0x00, 0x00, 0x00, 0x16, 0x5b, 0x81, 0x92, 0x92, 0x80, 0x52, 0x0e,
    0x00, 0x00, 0x00, 0x00, 0x00, 0x00, 0x00, 0x00, 0x00, 0x00, 0x00, 0x00, 0x00, 0x00, 0x00, 0x00,
};
#endif


#elif LV_COLOR_DEPTH == 8

#error "8-bit color depth (LV_COLOR_DEPTH == 8) is not yet supported for image export. Use 16 or 32-bit."

#else
#error "Unsupported LV_COLOR_DEPTH. Please use 16 or 32."
#endif

const lv_img_dsc_t night_full_moon_clear = {
#if LV_COLOR_DEPTH == 32
    .header.cf = LV_IMG_CF_TRUE_COLOR_ALPHA,
    .header.always_zero = 0,
    .header.reserved = 0,
    .header.w = 40,
    .header.h = 40,
    .data_size = 6400,
    .data = night_full_moon_clear_argb8888_map,
#elif LV_COLOR_DEPTH == 16
    .header.cf = LV_IMG_CF_RGB565A8,
    .header.always_zero = 0,
    .header.reserved = 0,
    .header.w = 40,
    .header.h = 40,
    .data_size = 4800, /* RGB565 (3200) + Alpha (1600) */
#if LV_COLOR_16_SWAP == 0
    .data = night_full_moon_clear_rgb565a8_map,
#else
    .data = night_full_moon_clear_rgb565a8_swap_map,
#endif
#endif
};
