/**
 * @file thunder.c
 * @brief LVGL image asset with multi-format support
 *
 * Generated by PicoPixel.io — https://picopixel.io
 *
 * Image: thunder
 * Size: 40 x 40 pixels
 * Has transparency: Yes
 *
 * Color format is selected at compile time based on LV_COLOR_DEPTH:
 * - LV_COLOR_DEPTH == 32: ARGB8888 (best quality, full alpha)
 * - LV_COLOR_DEPTH == 16 with alpha: RGB565A8 (16-bit color + 8-bit alpha)
 * - LV_COLOR_DEPTH == 16 without alpha: RGB565
 */

#include "../screens.h"

#ifndef LV_ATTRIBUTE_MEM_ALIGN
#define LV_ATTRIBUTE_MEM_ALIGN
#endif

#ifndef LV_ATTRIBUTE_LARGE_CONST
#define LV_ATTRIBUTE_LARGE_CONST
#endif

#ifndef LV_ATTRIBUTE_IMG_THUNDER
#define LV_ATTRIBUTE_IMG_THUNDER
#endif

#ifndef LV_COLOR_16_SWAP
#define LV_COLOR_16_SWAP 0
#endif

/* ============================================================================
 * TRUE_COLOR_ALPHA (ARGB8888) - 32-bit displays with full alpha support
 * ============================================================================ */
#if LV_COLOR_DEPTH == 32

static const LV_ATTRIBUTE_MEM_ALIGN LV_ATTRIBUTE_LARGE_CONST LV_ATTRIBUTE_IMG_THUNDER uint8_t thunder_argb8888_map[] = {
    0x00, 0x00, 0x00, 0x00, 0x00, 0x00, 0x00, 0x00, 0x00, 0x00, 0x00, 0x00, 0xc8, 0xc8, 0xb6, 0x0e,
    0xd3, 0xc7, 0xbf, 0xcc, 0xdd, 0xd7, 0xcd, 0xff, 0xe2, 0xde, 0xd3, 0xff, 0xe2, 0xde, 0xd3, 0xff,
    0xe2, 0xde, 0xd3, 0xff, 0xe2, 0xde, 0xd3, 0xff, 0xe2, 0xde, 0xd3, 0xff, 0xe2, 0xde, 0xd3, 0xff,
    0xe2, 0xde, 0xd3, 0xff, 0xe2, 0xde, 0xd3, 0xff, 0xe2, 0xde, 0xd3, 0xff, 0xe2, 0xde, 0xd3, 0xff,
    0xe2, 0xde, 0xd3, 0xff, 0xe2, 0xde, 0xd3, 0xff, 0xe2, 0xde, 0xd3, 0xff, 0xdd, 0xd7, 0xcd, 0xff,
    0xd3, 0xc7, 0xbf, 0xcc, 0xc8, 0xc8, 0xb6, 0x0e, 0x00, 0x00, 0x00, 0x00, 0x00, 0x00, 0x00, 0x00,
    0x00, 0x00, 0x00, 0x00, 0x00, 0x00, 0x00, 0x00, 0x00, 0x00, 0x00, 0x00, 0x00, 0x00, 0x00, 0x00,
    0x00, 0x00, 0x00, 0x00, 0x00, 0x00, 0x00, 0x00, 0x00, 0x00, 0x00, 0x00, 0x00, 0x00, 0x00, 0x00,
    0x00, 0x00, 0x00, 0x00, 0x00, 0x00, 0x00, 0x00, 0x00, 0x00, 0x00, 0x00, 0x00, 0x00, 0x00, 0x00,
    0x00, 0x00, 0x00, 0x00, 0x00, 0x00, 0x00, 0x00, 0x00, 0x00, 0x00, 0x00, 0x00, 0x00, 0x00, 0x00,
    0x00, 0x00, 0x00, 0x00, 0x00, 0x00, 0x00, 0x00, 0xff, 0xff, 0x80, 0x02, 0xd2, 0xc8, 0xbe, 0x9a,
    0xdd, 0xd6, 0xcc, 0xff, 0xe2, 0xde, 0xd3, 0xff, 0xe2, 0xde, 0xd3, 0xff, 0xe2, 0xde, 0xd3, 0xff,
    0xe2, 0xde, 0xd3, 0xff, 0xe2, 0xde, 0xd3, 0xff, 0xe2, 0xde, 0xd3, 0xff, 0xe2, 0xde, 0xd3, 0xff,
    0xe2, 0xde, 0xd3, 0xff, 0xe2, 0xde, 0xd3, 0xff, 0xe2, 0xde, 0xd3, 0xff, 0xe2, 0xde, 0xd3, 0xff,
    0xe2, 0xde, 0xd3, 0xff, 0xe2, 0xde, 0xd3, 0xff, 0xe2, 0xde, 0xd3, 0xff, 0xe2, 0xde, 0xd3, 0xff,
    0xdd, 0xd6, 0xcc, 0xff, 0xd2, 0xc8, 0xbe, 0x9a, 0xff, 0xff, 0x80, 0x02, 0x00, 0x00, 0x00, 0x00,
    0x00, 0x00, 0x00, 0x00, 0x00, 0x00, 0x00, 0x00, 0x00, 0x00, 0x00, 0x00, 0x00, 0x00, 0x00, 0x00,
    0x00, 0x00, 0x00, 0x00, 0x00, 0x00, 0x00, 0x00, 0x00, 0x00, 0x00, 0x00, 0x00, 0x00, 0x00, 0x00,
    0x00, 0x00, 0x00, 0x00, 0x00, 0x00, 0x00, 0x00, 0x00, 0x00, 0x00, 0x00, 0x00, 0x00, 0x00, 0x00,
    0x00, 0x00, 0x00, 0x00, 0x00, 0x00, 0x00, 0x00, 0x00, 0x00, 0x00, 0x00, 0x00, 0x00, 0x00, 0x00,
    0xd2, 0xc6, 0xbe, 0xbd, 0xd3, 0xc5, 0xbe, 0x96, 0xd1, 0xc7, 0xbd, 0x69, 0xdb, 0xd4, 0xca, 0xfa,
    0xe2, 0xde, 0xd3, 0xff, 0xe2, 0xde, 0xd3, 0xff, 0xe2, 0xde, 0xd3, 0xff, 0xe2, 0xde, 0xd3, 0xff,
    0xe2, 0xde, 0xd3, 0xff, 0xe2, 0xde, 0xd3, 0xff, 0xe2, 0xde, 0xd3, 0xff, 0xe2, 0xde, 0xd3, 0xff,
    0xe2, 0xde, 0xd3, 0xff, 0xe2, 0xde, 0xd3, 0xff, 0xe2, 0xde, 0xd3, 0xff, 0xe2, 0xde, 0xd3, 0xff,
    0xe2, 0xde, 0xd3, 0xff, 0xe2, 0xde, 0xd3, 0xff, 0xe2, 0xde, 0xd3, 0xff, 0xe2, 0xde, 0xd3, 0xff,
    0xe2, 0xde, 0xd3, 0xff, 0xdb, 0xd4, 0xca, 0xfa, 0xd2, 0xc6, 0xbe, 0x66, 0xd3, 0xc5, 0xbe, 0x96,
    0xd2, 0xc6, 0xbe, 0xbd, 0xd2, 0xc6, 0xbe, 0xbf, 0xd2, 0xc7, 0xbe, 0x9e, 0xd1, 0xc5, 0xbd, 0x42,
    0xcc, 0xcc, 0xcc, 0x05, 0x00, 0x00, 0x00, 0x00, 0x00, 0x00, 0x00, 0x00, 0x00, 0x00, 0x00, 0x00,
    0x00, 0x00, 0x00, 0x00, 0x00, 0x00, 0x00, 0x00, 0x00, 0x00, 0x00, 0x00, 0x00, 0x00, 0x00, 0x00,
    0x00, 0x00, 0x00, 0x00, 0x00, 0x00, 0x00, 0x00, 0x00, 0x00, 0x00, 0x00, 0x00, 0x00, 0x00, 0x00,
    0xdb, 0xd4, 0xca, 0xff, 0xd9, 0xd1, 0xc7, 0xff, 0xd7, 0xce, 0xc5, 0xff, 0xe1, 0xdd, 0xd2, 0xff,
    0xe2, 0xde, 0xd3, 0xff, 0xe2, 0xde, 0xd3, 0xff, 0xe2, 0xde, 0xd3, 0xff, 0xe2, 0xde, 0xd3, 0xff,
    0xe2, 0xde, 0xd3, 0xff, 0xdf, 0xd9, 0xcf, 0xff, 0xd9, 0xd0, 0xc7, 0xff, 0xd6, 0xcb, 0xc3, 0xff,
    0xd5, 0xca, 0xc2, 0xff, 0xd6, 0xcc, 0xc3, 0xff, 0xd9, 0xd1, 0xc7, 0xff, 0xdf, 0xda, 0xcf, 0xff,
    0xe2, 0xde, 0xd3, 0xff, 0xe2, 0xde, 0xd3, 0xff, 0xe2, 0xde, 0xd3, 0xff, 0xe2, 0xde, 0xd3, 0xff,
    0xe2, 0xde, 0xd3, 0xff, 0xe1, 0xdd, 0xd2, 0xff, 0xd7, 0xce, 0xc5, 0xff, 0xd9, 0xd1, 0xc7, 0xff,
    0xdb, 0xd4, 0xca, 0xff, 0xdb, 0xd4, 0xca, 0xff, 0xd9, 0xd1, 0xc8, 0xff, 0xd5, 0xcb, 0xc2, 0xfd,
    0xd3, 0xc5, 0xbe, 0xc3, 0xd2, 0xc8, 0xbe, 0x33, 0x00, 0x00, 0x00, 0x00, 0x00, 0x00, 0x00, 0x00,
    0x00, 0x00, 0x00, 0x00, 0x00, 0x00, 0x00, 0x00, 0x00, 0x00, 0x00, 0x00, 0x00, 0x00, 0x00, 0x00,
    0x00, 0x00, 0x00, 0x00, 0x00, 0x00, 0x00, 0x00, 0x00, 0x00, 0x00, 0x00, 0x00, 0x00, 0x00, 0x00,
    0xe2, 0xde, 0xd3, 0xff, 0xe2, 0xde, 0xd3, 0xff, 0xe2, 0xde, 0xd3, 0xff, 0xe2, 0xde, 0xd3, 0xff,
    0xe2, 0xde, 0xd3, 0xff, 0xe2, 0xde, 0xd3, 0xff, 0xe2, 0xde, 0xd3, 0xff, 0xe2, 0xdd, 0xd3, 0xff,
    0xd9, 0xd0, 0xc7, 0xff, 0xd3, 0xc7, 0xbf, 0xff, 0xd8, 0xce, 0xc5, 0xff, 0xdb, 0xd3, 0xc9, 0xff,
    0xdc, 0xd5, 0xcb, 0xff, 0xda, 0xd3, 0xc9, 0xff, 0xd7, 0xce, 0xc5, 0xff, 0xd2, 0xc7, 0xbf, 0xff,
    0xda, 0xd2, 0xc8, 0xff, 0xe2, 0xde, 0xd3, 0xff, 0xe2, 0xde, 0xd3, 0xff, 0xe2, 0xde, 0xd3, 0xff,
    0xe2, 0xde, 0xd3, 0xff, 0xe2, 0xde, 0xd3, 0xff, 0xe2, 0xde, 0xd3, 0xff, 0xe2, 0xde, 0xd3, 0xff,
    0xe2, 0xde, 0xd3, 0xff, 0xe2, 0xde, 0xd3, 0xff, 0xe2, 0xde, 0xd3, 0xff, 0xe2, 0xde, 0xd3, 0xff,
    0xdd, 0xd6, 0xcc, 0xff, 0xd4, 0xc8, 0xc0, 0xf3, 0xd1, 0xc5, 0xbf, 0x2c, 0x00, 0x00, 0x00, 0x00,
    0x00, 0x00, 0x00, 0x00, 0x00, 0x00, 0x00, 0x00, 0x00, 0x00, 0x00, 0x00, 0x00, 0x00, 0x00, 0x00,
    0x00, 0x00, 0x00, 0x00, 0x00, 0x00, 0x00, 0x00, 0x00, 0x00, 0x00, 0x00, 0x00, 0x00, 0x00, 0x00,
    0xe2, 0xde, 0xd3, 0xff, 0xe2, 0xde, 0xd3, 0xff, 0xe2, 0xde, 0xd3, 0xff, 0xe2, 0xde, 0xd3, 0xff,
    0xe2, 0xde, 0xd3, 0xff, 0xe2, 0xde, 0xd3, 0xff, 0xe2, 0xdd, 0xd2, 0xff, 0xd6, 0xcd, 0xc4, 0xff,
    0xd8, 0xd0, 0xc6, 0xff, 0xe1, 0xdc, 0xd2, 0xff, 0xe2, 0xde, 0xd3, 0xff, 0xe2, 0xde, 0xd3, 0xff,
    0xe2, 0xde, 0xd3, 0xff, 0xe2, 0xde, 0xd3, 0xff, 0xe2, 0xde, 0xd3, 0xff, 0xe1, 0xdc, 0xd1, 0xff,
    0xd8, 0xce, 0xc5, 0xff, 0xd8, 0xcf, 0xc6, 0xff, 0xe2, 0xde, 0xd3, 0xff, 0xe2, 0xde, 0xd3, 0xff,
    0xe2, 0xde, 0xd3, 0xff, 0xe2, 0xde, 0xd3, 0xff, 0xe2, 0xde, 0xd3, 0xff, 0xe2, 0xde, 0xd3, 0xff,
    0xe2, 0xde, 0xd3, 0xff, 0xe2, 0xde, 0xd3, 0xff, 0xe2, 0xde, 0xd3, 0xff, 0xe2, 0xde, 0xd3, 0xff,
    0xe2, 0xde, 0xd3, 0xff, 0xe1, 0xdc, 0xd1, 0xff, 0xd4, 0xca, 0xc1, 0xe4, 0xd5, 0xc6, 0xb8, 0x12,
    0x00, 0x00, 0x00, 0x00, 0x00, 0x00, 0x00, 0x00, 0x00, 0x00, 0x00, 0x00, 0x00, 0x00, 0x00, 0x00,
    0x00, 0x00, 0x00, 0x00, 0x00, 0x00, 0x00, 0x00, 0x00, 0x00, 0x00, 0x00, 0x00, 0x00, 0x00, 0x00,
    0xe2, 0xde, 0xd3, 0xff, 0xe2, 0xde, 0xd3, 0xff, 0xe1, 0xdd, 0xd2, 0xff, 0xde, 0xd8, 0xce, 0xff,
    0xdc, 0xd5, 0xcb, 0xff, 0xdd, 0xd6, 0xcc, 0xff, 0xdb, 0xd3, 0xc9, 0xff, 0xda, 0xd2, 0xc9, 0xff,
    0xe2, 0xde, 0xd3, 0xff, 0xe2, 0xde, 0xd3, 0xff, 0xe2, 0xde, 0xd3, 0xff, 0xe2, 0xde, 0xd3, 0xff,
    0xe2, 0xde, 0xd3, 0xff, 0xe2, 0xde, 0xd3, 0xff, 0xe2, 0xde, 0xd3, 0xff, 0xe2, 0xde, 0xd3, 0xff,
    0xe2, 0xdd, 0xd3, 0xff, 0xd9, 0xd0, 0xc7, 0xff, 0xdb, 0xd4, 0xca, 0xff, 0xdc, 0xd6, 0xcc, 0xff,
    0xdc, 0xd5, 0xcb, 0xff, 0xde, 0xd8, 0xce, 0xff, 0xe2, 0xde, 0xd3, 0xff, 0xe2, 0xde, 0xd3, 0xff,
    0xe2, 0xde, 0xd3, 0xff, 0xe2, 0xde, 0xd3, 0xff, 0xe2, 0xde, 0xd3, 0xff, 0xe2, 0xde, 0xd3, 0xff,
    0xe2, 0xde, 0xd3, 0xff, 0xe2, 0xde, 0xd3, 0xff, 0xdf, 0xda, 0xcf, 0xff, 0xd3, 0xc9, 0xc0, 0x7a,
    0x00, 0x00, 0x00, 0x00, 0x00, 0x00, 0x00, 0x00, 0x00, 0x00, 0x00, 0x00, 0x00, 0x00, 0x00, 0x00,
    0x00, 0x00, 0x00, 0x00, 0x00, 0x00, 0x00, 0x00, 0x00, 0x00, 0x00, 0x00, 0x00, 0x00, 0x00, 0x00,
    0xe2, 0xde, 0xd3, 0xff, 0xe0, 0xdb, 0xd0, 0xff, 0xd5, 0xca, 0xc2, 0xff, 0xd3, 0xc8, 0xc0, 0xff,
    0xd5, 0xca, 0xc1, 0xff, 0xd4, 0xc9, 0xc1, 0xff, 0xd7, 0xce, 0xc5, 0xff, 0xe2, 0xde, 0xd3, 0xff,
    0xe2, 0xde, 0xd3, 0xff, 0xe2, 0xde, 0xd3, 0xff, 0xe2, 0xde, 0xd3, 0xff, 0xe2, 0xde, 0xd3, 0xff,
    0xe2, 0xde, 0xd3, 0xff, 0xe2, 0xde, 0xd3, 0xff, 0xe2, 0xde, 0xd3, 0xff, 0xe2, 0xde, 0xd3, 0xff,
    0xe2, 0xde, 0xd3, 0xff, 0xe2, 0xde, 0xd3, 0xff, 0xd6, 0xcd, 0xc4, 0xff, 0xd4, 0xc9, 0xc1, 0xff,
    0xd5, 0xca, 0xc1, 0xff, 0xd3, 0xc8, 0xc0, 0xff, 0xd6, 0xcc, 0xc3, 0xff, 0xe0, 0xdb, 0xd1, 0xff,
    0xe2, 0xde, 0xd3, 0xff, 0xe2, 0xde, 0xd3, 0xff, 0xe2, 0xde, 0xd3, 0xff, 0xe2, 0xde, 0xd3, 0xff,
    0xe2, 0xde, 0xd3, 0xff, 0xe2, 0xde, 0xd3, 0xff, 0xe2, 0xde, 0xd3, 0xff, 0xdb, 0xd3, 0xca, 0xcc,
    0xff, 0xff, 0xff, 0x01, 0x00, 0x00, 0x00, 0x00, 0x00, 0x00, 0x00, 0x00, 0x00, 0x00, 0x00, 0x00,
    0x00, 0x00, 0x00, 0x00, 0x00, 0x00, 0x00, 0x00, 0x00, 0x00, 0x00, 0x00, 0x00, 0x00, 0x00, 0x00,
    0xe2, 0xdd, 0xd3, 0xff, 0xd6, 0xcc, 0xc4, 0xff, 0xdc, 0xd5, 0xcb, 0xff, 0xe1, 0xdc, 0xd1, 0xff,
    0xe2, 0xde, 0xd3, 0xff, 0xe2, 0xdd, 0xd2, 0xff, 0xe1, 0xdd, 0xd2, 0xff, 0xe2, 0xde, 0xd3, 0xff,
    0xe2, 0xde, 0xd3, 0xff, 0xe2, 0xde, 0xd3, 0xff, 0xe2, 0xde, 0xd3, 0xff, 0xe2, 0xde, 0xd3, 0xff,
    0xe2, 0xde, 0xd3, 0xff, 0xe2, 0xde, 0xd3, 0xff, 0xe2, 0xde, 0xd3, 0xff, 0xe2, 0xde, 0xd3, 0xff,
    0xe2, 0xde, 0xd3, 0xff, 0xe2, 0xde, 0xd3, 0xff, 0xe1, 0xdd, 0xd2, 0xff, 0xe2, 0xdd, 0xd3, 0xff,
    0xe2, 0xde, 0xd3, 0xff, 0xe1, 0xdc, 0xd1, 0xff, 0xdb, 0xd3, 0xc9, 0xff, 0xd7, 0xcd, 0xc4, 0xff,
    0xe2, 0xde, 0xd3, 0xff, 0xe2, 0xde, 0xd3, 0xff, 0xe2, 0xde, 0xd3, 0xff, 0xe2, 0xde, 0xd3, 0xff,
    0xe2, 0xde, 0xd3, 0xff, 0xe2, 0xde, 0xd3, 0xff, 0xe2, 0xde, 0xd3, 0xff, 0xe0, 0xda, 0xd0, 0xe8,
    0xdb, 0xc8, 0xb6, 0x0e, 0x00, 0x00, 0x00, 0x00, 0x00, 0x00, 0x00, 0x00, 0x00, 0x00, 0x00, 0x00,
    0x00, 0x00, 0x00, 0x00, 0x00, 0x00, 0x00, 0x00, 0x00, 0x00, 0x00, 0x00, 0x00, 0x00, 0x00, 0x00,
    0xdb, 0xd4, 0xca, 0xff, 0xdd, 0xd6, 0xcc, 0xff, 0xe2, 0xde, 0xd3, 0xff, 0xe2, 0xde, 0xd3, 0xff,
    0xe2, 0xde, 0xd3, 0xff, 0xe2, 0xde, 0xd3, 0xff, 0xe2, 0xde, 0xd3, 0xff, 0xe2, 0xde, 0xd3, 0xff,
    0xe2, 0xde, 0xd3, 0xff, 0xe2, 0xde, 0xd3, 0xff, 0xe2, 0xde, 0xd3, 0xff, 0xe2, 0xde, 0xd3, 0xff,
    0xe2, 0xde, 0xd3, 0xff, 0xe2, 0xde, 0xd3, 0xff, 0xe2, 0xde, 0xd3, 0xff, 0xe2, 0xde, 0xd3, 0xff,
    0xe2, 0xde, 0xd3, 0xff, 0xe2, 0xde, 0xd3, 0xff, 0xe2, 0xde, 0xd3, 0xff, 0xe2, 0xde, 0xd3, 0xff,
    0xe2, 0xde, 0xd3, 0xff, 0xe2, 0xde, 0xd3, 0xff, 0xe2, 0xde, 0xd3, 0xff, 0xdc, 0xd4, 0xcb, 0xff,
    0xdd, 0xd7, 0xcd, 0xff, 0xe2, 0xde, 0xd3, 0xff, 0xe2, 0xde, 0xd3, 0xff, 0xe2, 0xde, 0xd3, 0xff,
    0xe2, 0xde, 0xd3, 0xff, 0xe2, 0xde, 0xd3, 0xff, 0xe2, 0xde, 0xd3, 0xff, 0xe2, 0xdd, 0xd2, 0xed,
    0xe3, 0xd5, 0xc6, 0x12, 0x00, 0x00, 0x00, 0x00, 0x00, 0x00, 0x00, 0x00, 0x00, 0x00, 0x00, 0x00,
    0x00, 0x00, 0x00, 0x00, 0x00, 0x00, 0x00, 0x00, 0x00, 0x00, 0x00, 0x00, 0x00, 0x00, 0x00, 0x00,
    0xdd, 0xd7, 0xcc, 0xff, 0xe2, 0xde, 0xd3, 0xff, 0xe2, 0xde, 0xd3, 0xff, 0xe2, 0xde, 0xd3, 0xff,
    0xe2, 0xde, 0xd3, 0xff, 0xe2, 0xde, 0xd3, 0xff, 0xe2, 0xde, 0xd3, 0xff, 0xe2, 0xde, 0xd3, 0xff,
    0xe2, 0xde, 0xd3, 0xff, 0xe2, 0xde, 0xd3, 0xff, 0xe2, 0xde, 0xd3, 0xff, 0xe2, 0xde, 0xd3, 0xff,
    0xe2, 0xde, 0xd3, 0xff, 0xe2, 0xde, 0xd3, 0xff, 0xe2, 0xde, 0xd3, 0xff, 0xe2, 0xde, 0xd3, 0xff,
    0xe2, 0xde, 0xd3, 0xff, 0xe2, 0xde, 0xd3, 0xff, 0xe2, 0xde, 0xd3, 0xff, 0xe2, 0xde, 0xd3, 0xff,
    0xe2, 0xde, 0xd3, 0xff, 0xe2, 0xde, 0xd3, 0xff, 0xe2, 0xde, 0xd3, 0xff, 0xe2, 0xde, 0xd3, 0xff,
    0xdd, 0xd6, 0xcc, 0xff, 0xe2, 0xde, 0xd3, 0xff, 0xe2, 0xde, 0xd3, 0xff, 0xe2, 0xde, 0xd3, 0xff,
    0xe2, 0xde, 0xd3, 0xff, 0xe2, 0xde, 0xd3, 0xff, 0xe2, 0xde, 0xd3, 0xff, 0xe2, 0xde, 0xd3, 0xed,
    0xe3, 0xe3, 0xd5, 0x12, 0x00, 0x00, 0x00, 0x00, 0x00, 0x00, 0x00, 0x00, 0x00, 0x00, 0x00, 0x00,
    0x00, 0x00, 0x00, 0x00, 0x00, 0x00, 0x00, 0x00, 0x00, 0x00, 0x00, 0x00, 0x00, 0x00, 0x00, 0x00,
    0xe1, 0xdd, 0xd2, 0xff, 0xe2, 0xde, 0xd3, 0xff, 0xe2, 0xde, 0xd3, 0xff, 0xe2, 0xde, 0xd3, 0xff,
    0xe2, 0xde, 0xd3, 0xff, 0xe2, 0xde, 0xd3, 0xff, 0xe2, 0xde, 0xd3, 0xff, 0xe2, 0xde, 0xd3, 0xff,
    0xe2, 0xde, 0xd3, 0xff, 0xe2, 0xde, 0xd3, 0xff, 0xe2, 0xde, 0xd3, 0xff, 0xe2, 0xde, 0xd3, 0xff,
    0xe2, 0xde, 0xd3, 0xff, 0xe2, 0xde, 0xd3, 0xff, 0xe2, 0xde, 0xd3, 0xff, 0xe2, 0xde, 0xd3, 0xff,
    0xe2, 0xde, 0xd3, 0xff, 0xe2, 0xde, 0xd3, 0xff, 0xe2, 0xde, 0xd3, 0xff, 0xe2, 0xde, 0xd3, 0xff,
    0xe2, 0xde, 0xd3, 0xff, 0xe2, 0xde, 0xd3, 0xff, 0xe2, 0xde, 0xd3, 0xff, 0xe2, 0xde, 0xd3, 0xff,
    0xe1, 0xdd, 0xd2, 0xff, 0xe2, 0xde, 0xd3, 0xff, 0xe2, 0xde, 0xd3, 0xff, 0xe2, 0xde, 0xd3, 0xff,
    0xe2, 0xde, 0xd3, 0xff, 0xe2, 0xde, 0xd3, 0xff, 0xe2, 0xde, 0xd3, 0xff, 0xe2, 0xde, 0xd3, 0xe2,
    0xe3, 0xe3, 0xe3, 0x09, 0x00, 0x00, 0x00, 0x00, 0x00, 0x00, 0x00, 0x00, 0x00, 0x00, 0x00, 0x00,
    0x00, 0x00, 0x00, 0x00, 0x00, 0x00, 0x00, 0x00, 0x00, 0x00, 0x00, 0x00, 0x00, 0x00, 0x00, 0x00,
    0xe2, 0xde, 0xd3, 0xff, 0xe2, 0xde, 0xd3, 0xff, 0xe2, 0xde, 0xd3, 0xff, 0xe2, 0xde, 0xd3, 0xff,
    0xe2, 0xde, 0xd3, 0xff, 0xe2, 0xde, 0xd3, 0xff, 0xe2, 0xde, 0xd3, 0xff, 0xe2, 0xde, 0xd3, 0xff,
    0xe2, 0xde, 0xd3, 0xff, 0xe2, 0xde, 0xd3, 0xff, 0xe2, 0xde, 0xd3, 0xff, 0xe2, 0xde, 0xd3, 0xff,
    0xe2, 0xde, 0xd3, 0xff, 0xe2, 0xde, 0xd3, 0xff, 0xe2, 0xde, 0xd3, 0xff, 0xe2, 0xde, 0xd3, 0xff,
    0xe2, 0xde, 0xd3, 0xff, 0xe2, 0xde, 0xd3, 0xff, 0xe2, 0xde, 0xd3, 0xff, 0xe2, 0xde, 0xd3, 0xff,
    0xe2, 0xde, 0xd3, 0xff, 0xe2, 0xde, 0xd3, 0xff, 0xe2, 0xde, 0xd3, 0xff, 0xe2, 0xde, 0xd3, 0xff,
    0xe2, 0xde, 0xd3, 0xff, 0xe2, 0xde, 0xd3, 0xff, 0xe2, 0xde, 0xd3, 0xff, 0xe2, 0xde, 0xd3, 0xff,
    0xe2, 0xde, 0xd3, 0xff, 0xe2, 0xde, 0xd3, 0xff, 0xe2, 0xde, 0xd3, 0xff, 0xe3, 0xde, 0xd3, 0xb3,
    0x00, 0x00, 0x00, 0x00, 0x00, 0x00, 0x00, 0x00, 0x00, 0x00, 0x00, 0x00, 0x00, 0x00, 0x00, 0x00,
    0x00, 0x00, 0x00, 0x00, 0x00, 0x00, 0x00, 0x00, 0x00, 0x00, 0x00, 0x00, 0x00, 0x00, 0x00, 0x00,
    0xe2, 0xde, 0xd3, 0xff, 0xe2, 0xde, 0xd3, 0xff, 0xe2, 0xde, 0xd3, 0xff, 0xe2, 0xde, 0xd3, 0xff,
    0xe2, 0xde, 0xd3, 0xff, 0xe2, 0xde, 0xd3, 0xff, 0xe2, 0xde, 0xd3, 0xff, 0xe2, 0xde, 0xd3, 0xff,
    0xe2, 0xde, 0xd3, 0xff, 0xe2, 0xde, 0xd3, 0xff, 0xe2, 0xde, 0xd3, 0xff, 0xe2, 0xde, 0xd3, 0xff,
    0xe2, 0xde, 0xd3, 0xff, 0xe2, 0xde, 0xd3, 0xff, 0xe2, 0xde, 0xd3, 0xff, 0xe2, 0xde, 0xd3, 0xff,
    0xe2, 0xde, 0xd3, 0xff, 0xe2, 0xde, 0xd3, 0xff, 0xe2, 0xde, 0xd3, 0xff, 0xe2, 0xde, 0xd3, 0xff,
    0xe2, 0xde, 0xd3, 0xff, 0xe2, 0xde, 0xd3, 0xff, 0xe2, 0xde, 0xd3, 0xff, 0xe2, 0xde, 0xd3, 0xff,
    0xe2, 0xde, 0xd3, 0xff, 0xe2, 0xde, 0xd3, 0xff, 0xe2, 0xde, 0xd3, 0xff, 0xe2, 0xde, 0xd3, 0xff,
    0xe2, 0xde, 0xd3, 0xff, 0xe2, 0xde, 0xd3, 0xff, 0xe2, 0xde, 0xd3, 0xff, 0xe1, 0xde, 0xd2, 0x55,
    0x00, 0x00, 0x00, 0x00, 0x00, 0x00, 0x00, 0x00, 0x00, 0x00, 0x00, 0x00, 0x00, 0x00, 0x00, 0x00,
    0x00, 0x00, 0x00, 0x00, 0x00, 0x00, 0x00, 0x00, 0x00, 0x00, 0x00, 0x00, 0x00, 0x00, 0x00, 0x00,
    0xe2, 0xde, 0xd3, 0xff, 0xe2, 0xde, 0xd3, 0xff, 0xe2, 0xde, 0xd3, 0xff, 0xe2, 0xde, 0xd3, 0xff,
    0xe2, 0xde, 0xd3, 0xff, 0xe2, 0xde, 0xd3, 0xff, 0xe2, 0xde, 0xd3, 0xff, 0xe2, 0xde, 0xd3, 0xff,
    0xe2, 0xde, 0xd3, 0xff, 0xe2, 0xde, 0xd3, 0xff, 0xe2, 0xde, 0xd3, 0xff, 0xe2, 0xde, 0xd3, 0xff,
    0xe2, 0xde, 0xd3, 0xff, 0xe2, 0xde, 0xd3, 0xff, 0xe2, 0xde, 0xd3, 0xff, 0xe2, 0xde, 0xd3, 0xff,
    0xe2, 0xde, 0xd3, 0xff, 0xe2, 0xde, 0xd3, 0xff, 0xe2, 0xde, 0xd3, 0xff, 0xe2, 0xde, 0xd3, 0xff,
    0xe2, 0xde, 0xd3, 0xff, 0xe2, 0xde, 0xd3, 0xff, 0xe2, 0xde, 0xd3, 0xff, 0xe2, 0xde, 0xd3, 0xff,
    0xe2, 0xde, 0xd3, 0xff, 0xe2, 0xde, 0xd3, 0xff, 0xe2, 0xde, 0xd3, 0xff, 0xe2, 0xde, 0xd3, 0xff,
    0xe2, 0xde, 0xd3, 0xff, 0xe2, 0xde, 0xd3, 0xff, 0xe3, 0xde, 0xd3, 0xb4, 0xff, 0xff, 0xff, 0x01,
    0x00, 0x00, 0x00, 0x00, 0x00, 0x00, 0x00, 0x00, 0x00, 0x00, 0x00, 0x00, 0x00, 0x00, 0x00, 0x00,
    0x00, 0x00, 0x00, 0x00, 0x00, 0x00, 0x00, 0x00, 0x00, 0x00, 0x00, 0x00, 0x00, 0x00, 0x00, 0x00,
    0xe2, 0xde, 0xd3, 0xff, 0xe2, 0xde, 0xd3, 0xff, 0xe2, 0xde, 0xd3, 0xff, 0xe2, 0xde, 0xd3, 0xff,
    0xe2, 0xde, 0xd3, 0xff, 0xe2, 0xde, 0xd3, 0xff, 0xe2, 0xde, 0xd3, 0xff, 0xe2, 0xde, 0xd3, 0xff,
    0xe2, 0xde, 0xd3, 0xff, 0xe2, 0xde, 0xd3, 0xff, 0xe2, 0xde, 0xd3, 0xff, 0xe2, 0xde, 0xd3, 0xff,
    0xe2, 0xde, 0xd3, 0xff, 0xe2, 0xde, 0xd3, 0xff, 0xe2, 0xde, 0xd3, 0xff, 0xe2, 0xde, 0xd3, 0xff,
    0xe2, 0xde, 0xd3, 0xff, 0xe2, 0xde, 0xd3, 0xff, 0xe2, 0xde, 0xd3, 0xff, 0xe2, 0xde, 0xd3, 0xff,
    0xe2, 0xde, 0xd3, 0xff, 0xe2, 0xde, 0xd3, 0xff, 0xe2, 0xde, 0xd3, 0xff, 0xe2, 0xde, 0xd3, 0xff,
    0xe2, 0xde, 0xd3, 0xff, 0xe2, 0xde, 0xd3, 0xff, 0xe2, 0xde, 0xd3, 0xff, 0xe2, 0xde, 0xd3, 0xff,
    0xe2, 0xde, 0xd3, 0xff, 0xe2, 0xde, 0xd3, 0xc3, 0xe8, 0xe8, 0xd1, 0x0b, 0x00, 0x00, 0x00, 0x00,
    0x00, 0x00, 0x00, 0x00, 0x00, 0x00, 0x00, 0x00, 0x00, 0x00, 0x00, 0x00, 0x00, 0x00, 0x00, 0x00,
    0x00, 0x00, 0x00, 0x00, 0x00, 0x00, 0x00, 0x00, 0x00, 0x00, 0x00, 0x00, 0x00, 0x00, 0x00, 0x00,
    0xe2, 0xde, 0xd3, 0xff, 0xdf, 0xde, 0xd4, 0xff, 0xbf, 0xdb, 0xda, 0xff, 0x67, 0xd4, 0xeb, 0xff,
    0x9c, 0xd8, 0xe0, 0xff, 0xe2, 0xde, 0xd3, 0xff, 0xe2, 0xde, 0xd3, 0xff, 0xe2, 0xde, 0xd3, 0xff,
    0xe2, 0xde, 0xd3, 0xff, 0xe2, 0xde, 0xd3, 0xff, 0xe2, 0xde, 0xd3, 0xff, 0xe2, 0xde, 0xd3, 0xff,
    0xe2, 0xde, 0xd3, 0xff, 0xe2, 0xde, 0xd3, 0xff, 0xe2, 0xde, 0xd3, 0xff, 0xe2, 0xde, 0xd3, 0xff,
    0xe2, 0xde, 0xd3, 0xff, 0xe2, 0xde, 0xd3, 0xff, 0xe2, 0xde, 0xd3, 0xff, 0xe2, 0xde, 0xd3, 0xff,
    0x9c, 0xd8, 0xe0, 0xff, 0x66, 0xd4, 0xeb, 0xff, 0xc1, 0xdb, 0xd9, 0xff, 0xdf, 0xde, 0xd4, 0xff,
    0xe2, 0xde, 0xd3, 0xff, 0xe2, 0xde, 0xd3, 0xff, 0xe2, 0xde, 0xd3, 0xfd, 0xe2, 0xde, 0xd3, 0xdd,
    0xe2, 0xde, 0xd3, 0x7a, 0xdb, 0xdb, 0xdb, 0x07, 0x00, 0x00, 0x00, 0x00, 0x00, 0x00, 0x00, 0x00,
    0x00, 0x00, 0x00, 0x00, 0x00, 0x00, 0x00, 0x00, 0x00, 0x00, 0x00, 0x00, 0x00, 0x00, 0x00, 0x00,
    0x00, 0x00, 0x00, 0x00, 0x00, 0x00, 0x00, 0x00, 0x00, 0x00, 0x00, 0x00, 0x00, 0x00, 0x00, 0x00,
    0x50, 0xcd, 0xee, 0xff, 0x36, 0xca, 0xf3, 0xff, 0x19, 0xc7, 0xf8, 0xff, 0x14, 0xc7, 0xf9, 0xff,
    0x19, 0xc8, 0xf7, 0xed, 0xb3, 0xd9, 0xdb, 0xce, 0xe2, 0xde, 0xd3, 0xfe, 0xe2, 0xde, 0xd3, 0xff,
    0xe2, 0xde, 0xd3, 0xff, 0xe2, 0xde, 0xd3, 0xff, 0xe2, 0xde, 0xd3, 0xff, 0xe2, 0xde, 0xd3, 0xff,
    0xe2, 0xde, 0xd3, 0xff, 0xe2, 0xde, 0xd3, 0xff, 0xe2, 0xde, 0xd3, 0xff, 0xe2, 0xde, 0xd3, 0xff,
    0xe2, 0xde, 0xd3, 0xff, 0xe2, 0xde, 0xd3, 0xff, 0xe2, 0xde, 0xd3, 0xfe, 0xb3, 0xd9, 0xdb, 0xce,
    0x19, 0xc8, 0xf7, 0xed, 0x14, 0xc7, 0xf9, 0xff, 0x19, 0xc7, 0xf8, 0xff, 0x36, 0xca, 0xf3, 0xff,
    0x50, 0xcd, 0xee, 0xff, 0x74, 0xd1, 0xe7, 0xa2, 0xe3, 0xde, 0xd3, 0x2e, 0xe3, 0xe3, 0xc6, 0x09,
    0x00, 0x00, 0x00, 0x00, 0x00, 0x00, 0x00, 0x00, 0x00, 0x00, 0x00, 0x00, 0x00, 0x00, 0x00, 0x00,
    0x00, 0x00, 0x00, 0x00, 0x00, 0x00, 0x00, 0x00, 0x00, 0x00, 0x00, 0x00, 0x00, 0x00, 0x00, 0x00,
    0x00, 0x00, 0x00, 0x00, 0x00, 0x00, 0x00, 0x00, 0x00, 0x00, 0x00, 0x00, 0x00, 0x00, 0x00, 0x00,
    0x19, 0xbd, 0xf6, 0xd0, 0x19, 0xbc, 0xf5, 0xff, 0x19, 0xbc, 0xf5, 0xff, 0x18, 0xbf, 0xf5, 0x6b,
    0x1b, 0xbc, 0xf2, 0x13, 0xff, 0xff, 0xaa, 0x03, 0xe1, 0xdf, 0xd4, 0x5f, 0xdd, 0xde, 0xd4, 0xe9,
    0xe2, 0xde, 0xd3, 0xff, 0xe2, 0xde, 0xd3, 0xff, 0xe2, 0xde, 0xd3, 0xff, 0xe2, 0xde, 0xd3, 0xff,
    0xe2, 0xde, 0xd3, 0xff, 0xe2, 0xde, 0xd3, 0xff, 0xe2, 0xde, 0xd3, 0xff, 0xe2, 0xde, 0xd3, 0xff,
    0xe2, 0xde, 0xd3, 0xff, 0xe2, 0xde, 0xd4, 0xdf, 0xe1, 0xdf, 0xd4, 0x5f, 0xff, 0xff, 0xaa, 0x03,
    0x1b, 0xbc, 0xf2, 0x13, 0x18, 0xbf, 0xf5, 0x6b, 0x19, 0xbc, 0xf5, 0xff, 0x19, 0xbc, 0xf5, 0xff,
    0x19, 0xbd, 0xf6, 0xd0, 0x14, 0xc4, 0xff, 0x0d, 0x00, 0x00, 0x00, 0x00, 0x00, 0x00, 0x00, 0x00,
    0x00, 0x00, 0x00, 0x00, 0x00, 0x00, 0x00, 0x00, 0x00, 0x00, 0x00, 0x00, 0x00, 0x00, 0x00, 0x00,
    0x00, 0x00, 0x00, 0x00, 0x00, 0x00, 0x00, 0x00, 0x00, 0x00, 0x00, 0x00, 0x00, 0x00, 0x00, 0x00,
    0x00, 0x00, 0x00, 0x00, 0x00, 0x00, 0x00, 0x00, 0x00, 0x00, 0x00, 0x00, 0x00, 0x00, 0x00, 0x00,
    0x1e, 0xb4, 0xf0, 0x22, 0x1d, 0xb0, 0xf2, 0xe8, 0x1d, 0xb0, 0xf2, 0xff, 0x1e, 0xaf, 0xf1, 0x5d,
    0x00, 0x00, 0x00, 0x00, 0x00, 0x00, 0x00, 0x00, 0x12, 0xca, 0xff, 0x1d, 0x18, 0xca, 0xf9, 0xed,
    0x6e, 0xd2, 0xe9, 0xff, 0xb2, 0xd9, 0xdc, 0xff, 0xdc, 0xdd, 0xd4, 0xff, 0xe2, 0xde, 0xd3, 0xff,
    0xe2, 0xde, 0xd3, 0xff, 0xe2, 0xde, 0xd3, 0xff, 0xdc, 0xdd, 0xd4, 0xff, 0xb2, 0xd9, 0xdc, 0xff,
    0xa4, 0xd8, 0xe0, 0xa2, 0xdb, 0xdb, 0xdb, 0x07, 0x00, 0x00, 0x00, 0x00, 0x00, 0x00, 0x00, 0x00,
    0x00, 0x00, 0x00, 0x00, 0x1e, 0xaf, 0xf1, 0x5d, 0x1d, 0xb0, 0xf2, 0xff, 0x1d, 0xb0, 0xf2, 0xe8,
    0x1e, 0xb4, 0xf0, 0x22, 0x00, 0x00, 0x00, 0x00, 0x00, 0x00, 0x00, 0x00, 0x00, 0x00, 0x00, 0x00,
    0x00, 0x00, 0x00, 0x00, 0x00, 0x00, 0x00, 0x00, 0x00, 0x00, 0x00, 0x00, 0x00, 0x00, 0x00, 0x00,
    0x00, 0x00, 0x00, 0x00, 0x00, 0x00, 0x00, 0x00, 0x00, 0x00, 0x00, 0x00, 0x00, 0x00, 0x00, 0x00,
    0x00, 0x00, 0x00, 0x00, 0x00, 0x00, 0x00, 0x00, 0x00, 0x00, 0x00, 0x00, 0x00, 0x00, 0x00, 0x00,
    0x00, 0x00, 0x00, 0x00, 0x1e, 0xa4, 0xf0, 0x43, 0x21, 0xa0, 0xed, 0xfa, 0x21, 0xa0, 0xed, 0x83,
    0x00, 0x00, 0x00, 0x00, 0x00, 0x00, 0x00, 0x00, 0x00, 0x00, 0x00, 0x00, 0x15, 0xc4, 0xf8, 0x49,
    0x16, 0xc3, 0xf8, 0xf8, 0x16, 0xc3, 0xf8, 0xff, 0x18, 0xc3, 0xf7, 0xff, 0x2c, 0xc5, 0xf4, 0xff,
    0x33, 0xc6, 0xf2, 0xff, 0x2c, 0xc5, 0xf4, 0xfc, 0x19, 0xc4, 0xf7, 0xbb, 0x14, 0xc6, 0xf8, 0x67,
    0x17, 0xc9, 0xf7, 0x21, 0x00, 0x00, 0x00, 0x00, 0x00, 0x00, 0x00, 0x00, 0x00, 0x00, 0x00, 0x00,
    0x00, 0x00, 0x00, 0x00, 0x21, 0xa0, 0xed, 0x83, 0x21, 0xa0, 0xed, 0xfa, 0x1e, 0xa4, 0xf0, 0x43,
    0x00, 0x00, 0x00, 0x00, 0x00, 0x00, 0x00, 0x00, 0x00, 0x00, 0x00, 0x00, 0x00, 0x00, 0x00, 0x00,
    0x00, 0x00, 0x00, 0x00, 0x00, 0x00, 0x00, 0x00, 0x00, 0x00, 0x00, 0x00, 0x00, 0x00, 0x00, 0x00,
    0x00, 0x00, 0x00, 0x00, 0x00, 0x00, 0x00, 0x00, 0x00, 0x00, 0x00, 0x00, 0x00, 0x00, 0x00, 0x00,
    0x00, 0x00, 0x00, 0x00, 0x00, 0x00, 0x00, 0x00, 0x00, 0x00, 0x00, 0x00, 0x00, 0x00, 0x00, 0x00,
    0x00, 0x00, 0x00, 0x00, 0x00, 0x00, 0x00, 0x00, 0x24, 0x94, 0xea, 0x79, 0x24, 0x90, 0xe8, 0xa5,
    0x00, 0x00, 0x00, 0x00, 0x00, 0x00, 0x00, 0x00, 0x00, 0x00, 0x00, 0x00, 0x00, 0x00, 0x00, 0x00,
    0x19, 0xbc, 0xf5, 0x7a, 0x19, 0xbc, 0xf5, 0xff, 0x19, 0xbc, 0xf5, 0xff, 0x19, 0xbc, 0xf5, 0xff,
    0x19, 0xbc, 0xf5, 0xf5, 0x19, 0xbb, 0xf3, 0x29, 0x00, 0x00, 0x00, 0x00, 0x00, 0x00, 0x00, 0x00,
    0x00, 0x00, 0x00, 0x00, 0x00, 0x00, 0x00, 0x00, 0x00, 0x00, 0x00, 0x00, 0x00, 0x00, 0x00, 0x00,
    0x00, 0x00, 0x00, 0x00, 0x24, 0x90, 0xe8, 0xa5, 0x23, 0x92, 0xea, 0x6c, 0x00, 0x00, 0x00, 0x00,
    0x00, 0x00, 0x00, 0x00, 0x00, 0x00, 0x00, 0x00, 0x00, 0x00, 0x00, 0x00, 0x00, 0x00, 0x00, 0x00,
    0x00, 0x00, 0x00, 0x00, 0x00, 0x00, 0x00, 0x00, 0x00, 0x00, 0x00, 0x00, 0x00, 0x00, 0x00, 0x00,
    0x00, 0x00, 0x00, 0x00, 0x00, 0x00, 0x00, 0x00, 0x00, 0x00, 0x00, 0x00, 0x00, 0x00, 0x00, 0x00,
    0x00, 0x00, 0x00, 0x00, 0x00, 0x00, 0x00, 0x00, 0x00, 0x00, 0x00, 0x00, 0x00, 0x00, 0x00, 0x00,
    0x00, 0x00, 0x00, 0x00, 0x00, 0x00, 0x00, 0x00, 0x00, 0x80, 0xff, 0x02, 0x26, 0x81, 0xe5, 0x6b,
    0x00, 0x00, 0x00, 0x00, 0x00, 0x00, 0x00, 0x00, 0x00, 0x00, 0x00, 0x00, 0x00, 0x00, 0x00, 0x00,
    0x00, 0xaa, 0xff, 0x03, 0x1c, 0xb3, 0xf3, 0x9b, 0x1c, 0xb3, 0xf2, 0xff, 0x1c, 0xb3, 0xf2, 0xff,
    0x1c, 0xb3, 0xf2, 0xfe, 0x1c, 0xb1, 0xf4, 0x2e, 0x00, 0x00, 0x00, 0x00, 0x00, 0x00, 0x00, 0x00,
    0x00, 0x00, 0x00, 0x00, 0x00, 0x00, 0x00, 0x00, 0x00, 0x00, 0x00, 0x00, 0x00, 0x00, 0x00, 0x00,
    0x00, 0x00, 0x00, 0x00, 0x26, 0x81, 0xe5, 0x6b, 0x00, 0x80, 0xff, 0x02, 0x00, 0x00, 0x00, 0x00,
    0x00, 0x00, 0x00, 0x00, 0x00, 0x00, 0x00, 0x00, 0x00, 0x00, 0x00, 0x00, 0x00, 0x00, 0x00, 0x00,
    0x00, 0x00, 0x00, 0x00, 0x00, 0x00, 0x00, 0x00, 0x00, 0x00, 0x00, 0x00, 0x00, 0x00, 0x00, 0x00,
    0x00, 0x00, 0x00, 0x00, 0x00, 0x00, 0x00, 0x00, 0x00, 0x00, 0x00, 0x00, 0x00, 0x00, 0x00, 0x00,
    0x00, 0x00, 0x00, 0x00, 0x00, 0x00, 0x00, 0x00, 0x00, 0x00, 0x00, 0x00, 0x00, 0x00, 0x00, 0x00,
    0x00, 0x00, 0x00, 0x00, 0x00, 0x00, 0x00, 0x00, 0x00, 0x00, 0x00, 0x00, 0x24, 0x6d, 0xdb, 0x07,
    0x00, 0x00, 0x00, 0x00, 0x00, 0x00, 0x00, 0x00, 0x00, 0x00, 0x00, 0x00, 0x00, 0x00, 0x00, 0x00,
    0x00, 0x00, 0x00, 0x00, 0x15, 0xaa, 0xea, 0x0c, 0x1e, 0xaa, 0xef, 0xce, 0x1f, 0xa9, 0xef, 0xff,
    0x1f, 0xa9, 0xef, 0xff, 0x1f, 0xa9, 0xf0, 0x53, 0x00, 0x00, 0x00, 0x00, 0x00, 0x00, 0x00, 0x00,
    0x00, 0x00, 0x00, 0x00, 0x00, 0x00, 0x00, 0x00, 0x00, 0x00, 0x00, 0x00, 0x00, 0x00, 0x00, 0x00,
    0x00, 0x00, 0x00, 0x00, 0x24, 0x6d, 0xdb, 0x07, 0x00, 0x00, 0x00, 0x00, 0x00, 0x00, 0x00, 0x00,
    0x00, 0x00, 0x00, 0x00, 0x00, 0x00, 0x00, 0x00, 0x00, 0x00, 0x00, 0x00, 0x00, 0x00, 0x00, 0x00,
    0x00, 0x00, 0x00, 0x00, 0x00, 0x00, 0x00, 0x00, 0x00, 0x00, 0x00, 0x00, 0x00, 0x00, 0x00, 0x00,
    0x00, 0x00, 0x00, 0x00, 0x00, 0x00, 0x00, 0x00, 0x00, 0x00, 0x00, 0x00, 0x00, 0x00, 0x00, 0x00,
    0x00, 0x00, 0x00, 0x00, 0x00, 0x00, 0x00, 0x00, 0x00, 0x00, 0x00, 0x00, 0x00, 0x00, 0x00, 0x00,
    0x00, 0x00, 0x00, 0x00, 0x00, 0x00, 0x00, 0x00, 0x00, 0x00, 0x00, 0x00, 0x00, 0x00, 0x00, 0x00,
    0x00, 0x00, 0x00, 0x00, 0x00, 0x00, 0x00, 0x00, 0x00, 0x00, 0x00, 0x00, 0x00, 0x00, 0x00, 0x00,
    0x00, 0x00, 0x00, 0x00, 0x00, 0x00, 0x00, 0x00, 0x21, 0xa5, 0xef, 0x1f, 0x21, 0xa0, 0xec, 0xe7,
    0x21, 0x9f, 0xec, 0xff, 0x20, 0x9f, 0xec, 0x77, 0x00, 0x00, 0x00, 0x00, 0x00, 0x00, 0x00, 0x00,
    0x00, 0x00, 0x00, 0x00, 0x00, 0x00, 0x00, 0x00, 0x00, 0x00, 0x00, 0x00, 0x00, 0x00, 0x00, 0x00,
    0x00, 0x00, 0x00, 0x00, 0x00, 0x00, 0x00, 0x00, 0x00, 0x00, 0x00, 0x00, 0x00, 0x00, 0x00, 0x00,
    0x00, 0x00, 0x00, 0x00, 0x00, 0x00, 0x00, 0x00, 0x00, 0x00, 0x00, 0x00, 0x00, 0x00, 0x00, 0x00,
    0x00, 0x00, 0x00, 0x00, 0x00, 0x00, 0x00, 0x00, 0x00, 0x00, 0x00, 0x00, 0x00, 0x00, 0x00, 0x00,
    0x00, 0x00, 0x00, 0x00, 0x00, 0x00, 0x00, 0x00, 0x00, 0x00, 0x00, 0x00, 0x00, 0x00, 0x00, 0x00,
    0x00, 0x00, 0x00, 0x00, 0x00, 0x00, 0x00, 0x00, 0x00, 0x00, 0x00, 0x00, 0x00, 0x00, 0x00, 0x00,
    0x00, 0x00, 0x00, 0x00, 0x00, 0x00, 0x00, 0x00, 0x00, 0x00, 0x00, 0x00, 0x00, 0x00, 0x00, 0x00,
    0x00, 0x00, 0x00, 0x00, 0x00, 0x00, 0x00, 0x00, 0x00, 0x00, 0x00, 0x00, 0x00, 0x00, 0x00, 0x00,
    0x00, 0x00, 0x00, 0x00, 0x00, 0x00, 0x00, 0x00, 0x00, 0x00, 0x00, 0x00, 0x23, 0x95, 0xeb, 0x41,
    0x23, 0x93, 0xe9, 0xf9, 0x24, 0x93, 0xe8, 0x9e, 0x00, 0x00, 0x00, 0x00, 0x00, 0x00, 0x00, 0x00,
    0x00, 0x00, 0x00, 0x00, 0x00, 0x00, 0x00, 0x00, 0x00, 0x00, 0x00, 0x00, 0x00, 0x00, 0x00, 0x00,
    0x00, 0x00, 0x00, 0x00, 0x00, 0x00, 0x00, 0x00, 0x00, 0x00, 0x00, 0x00, 0x00, 0x00, 0x00, 0x00,
    0x00, 0x00, 0x00, 0x00, 0x00, 0x00, 0x00, 0x00, 0x00, 0x00, 0x00, 0x00, 0x00, 0x00, 0x00, 0x00,
    0x00, 0x00, 0x00, 0x00, 0x00, 0x00, 0x00, 0x00, 0x00, 0x00, 0x00, 0x00, 0x00, 0x00, 0x00, 0x00,
    0x00, 0x00, 0x00, 0x00, 0x00, 0x00, 0x00, 0x00, 0x00, 0x00, 0x00, 0x00, 0x00, 0x00, 0x00, 0x00,
    0x00, 0x00, 0x00, 0x00, 0x00, 0x00, 0x00, 0x00, 0x00, 0x00, 0x00, 0x00, 0x00, 0x00, 0x00, 0x00,
    0x00, 0x00, 0x00, 0x00, 0x00, 0x00, 0x00, 0x00, 0x00, 0x00, 0x00, 0x00, 0x00, 0x00, 0x00, 0x00,
    0x00, 0x00, 0x00, 0x00, 0x00, 0x00, 0x00, 0x00, 0x00, 0x00, 0x00, 0x00, 0x00, 0x00, 0x00, 0x00,
    0x00, 0x00, 0x00, 0x00, 0x00, 0x00, 0x00, 0x00, 0x00, 0x00, 0x00, 0x00, 0x00, 0x00, 0x00, 0x00,
    0x25, 0x8a, 0xe7, 0x76, 0x25, 0x87, 0xe6, 0xc0, 0x00, 0x00, 0x00, 0x00, 0x00, 0x00, 0x00, 0x00,
    0x00, 0x00, 0x00, 0x00, 0x00, 0x00, 0x00, 0x00, 0x00, 0x00, 0x00, 0x00, 0x00, 0x00, 0x00, 0x00,
    0x00, 0x00, 0x00, 0x00, 0x00, 0x00, 0x00, 0x00, 0x00, 0x00, 0x00, 0x00, 0x00, 0x00, 0x00, 0x00,
    0x00, 0x00, 0x00, 0x00, 0x00, 0x00, 0x00, 0x00, 0x00, 0x00, 0x00, 0x00, 0x00, 0x00, 0x00, 0x00,
    0x00, 0x00, 0x00, 0x00, 0x00, 0x00, 0x00, 0x00, 0x00, 0x00, 0x00, 0x00, 0x00, 0x00, 0x00, 0x00,
    0x00, 0x00, 0x00, 0x00, 0x00, 0x00, 0x00, 0x00, 0x00, 0x00, 0x00, 0x00, 0x00, 0x00, 0x00, 0x00,
    0x00, 0x00, 0x00, 0x00, 0x00, 0x00, 0x00, 0x00, 0x00, 0x00, 0x00, 0x00, 0x00, 0x00, 0x00, 0x00,
    0x00, 0x00, 0x00, 0x00, 0x00, 0x00, 0x00, 0x00, 0x00, 0x00, 0x00, 0x00, 0x00, 0x00, 0x00, 0x00,
    0x00, 0x00, 0x00, 0x00, 0x00, 0x00, 0x00, 0x00, 0x00, 0x00, 0x00, 0x00, 0x00, 0x00, 0x00, 0x00,
    0x00, 0x00, 0x00, 0x00, 0x00, 0x00, 0x00, 0x00, 0x00, 0x00, 0x00, 0x00, 0x00, 0x00, 0x00, 0x00,
    0x00, 0x80, 0xff, 0x02, 0x25, 0x7d, 0xe4, 0x83, 0x00, 0x00, 0x00, 0x00, 0x00, 0x00, 0x00, 0x00,
    0x00, 0x00, 0x00, 0x00, 0x00, 0x00, 0x00, 0x00, 0x00, 0x00, 0x00, 0x00, 0x00, 0x00, 0x00, 0x00,
    0x00, 0x00, 0x00, 0x00, 0x00, 0x00, 0x00, 0x00, 0x00, 0x00, 0x00, 0x00, 0x00, 0x00, 0x00, 0x00,
    0x00, 0x00, 0x00, 0x00, 0x00, 0x00, 0x00, 0x00, 0x00, 0x00, 0x00, 0x00, 0x00, 0x00, 0x00, 0x00,
    0x00, 0x00, 0x00, 0x00, 0x00, 0x00, 0x00, 0x00, 0x00, 0x00, 0x00, 0x00, 0x00, 0x00, 0x00, 0x00,
    0x00, 0x00, 0x00, 0x00, 0x00, 0x00, 0x00, 0x00, 0x00, 0x00, 0x00, 0x00, 0x00, 0x00, 0x00, 0x00,
    0x00, 0x00, 0x00, 0x00, 0x00, 0x00, 0x00, 0x00, 0x00, 0x00, 0x00, 0x00, 0x00, 0x00, 0x00, 0x00,
    0x00, 0x00, 0x00, 0x00, 0x00, 0x00, 0x00, 0x00, 0x00, 0x00, 0x00, 0x00, 0x00, 0x00, 0x00, 0x00,
    0x00, 0x00, 0x00, 0x00, 0x00, 0x00, 0x00, 0x00, 0x00, 0x00, 0x00, 0x00, 0x00, 0x00, 0x00, 0x00,
    0x00, 0x00, 0x00, 0x00, 0x00, 0x00, 0x00, 0x00, 0x00, 0x00, 0x00, 0x00, 0x00, 0x00, 0x00, 0x00,
    0x00, 0x00, 0x00, 0x00, 0x24, 0x6d, 0xdb, 0x0e, 0x00, 0x80, 0xff, 0x02, 0x00, 0x00, 0x00, 0x00,
    0x00, 0x00, 0x00, 0x00, 0x00, 0x00, 0x00, 0x00, 0x00, 0x00, 0x00, 0x00, 0x00, 0x00, 0x00, 0x00,
    0x00, 0x00, 0x00, 0x00, 0x00, 0x00, 0x00, 0x00, 0x00, 0x00, 0x00, 0x00, 0x00, 0x00, 0x00, 0x00,
    0x00, 0x00, 0x00, 0x00, 0x00, 0x00, 0x00, 0x00, 0x00, 0x00, 0x00, 0x00, 0x00, 0x00, 0x00, 0x00,
    0x00, 0x00, 0x00, 0x00, 0x00, 0x00, 0x00, 0x00, 0x00, 0x00, 0x00, 0x00, 0x00, 0x00, 0x00, 0x00,
    0x00, 0x00, 0x00, 0x00, 0x00, 0x00, 0x00, 0x00, 0x00, 0x00, 0x00, 0x00, 0x00, 0x00, 0x00, 0x00,
    0x00, 0x00, 0x00, 0x00, 0x00, 0x00, 0x00, 0x00, 0x00, 0x00, 0x00, 0x00, 0x00, 0x00, 0x00, 0x00,
    0x00, 0x00, 0x00, 0x00, 0x00, 0x00, 0x00, 0x00, 0x00, 0x00, 0x00, 0x00, 0x00, 0x00, 0x00, 0x00,
    0x00, 0x00, 0x00, 0x00, 0x00, 0x00, 0x00, 0x00, 0x00, 0x00, 0x00, 0x00, 0x00, 0x00, 0x00, 0x00,
    0x00, 0x00, 0x00, 0x00, 0x00, 0x00, 0x00, 0x00, 0x00, 0x00, 0x00, 0x00, 0x00, 0x00, 0x00, 0x00,
    0x00, 0x00, 0x00, 0x00, 0x00, 0x00, 0x00, 0x00, 0x00, 0x00, 0x00, 0x00, 0x00, 0x00, 0x00, 0x00,
    0x00, 0x00, 0x00, 0x00, 0x00, 0x00, 0x00, 0x00, 0x00, 0x00, 0x00, 0x00, 0x00, 0x00, 0x00, 0x00,
    0x00, 0x00, 0x00, 0x00, 0x00, 0x00, 0x00, 0x00, 0x00, 0x00, 0x00, 0x00, 0x00, 0x00, 0x00, 0x00,
    0x00, 0x00, 0x00, 0x00, 0x00, 0x00, 0x00, 0x00, 0x00, 0x00, 0x00, 0x00, 0x00, 0x00, 0x00, 0x00,
    0x00, 0x00, 0x00, 0x00, 0x00, 0x00, 0x00, 0x00, 0x00, 0x00, 0x00, 0x00, 0x00, 0x00, 0x00, 0x00,
    0x00, 0x00, 0x00, 0x00, 0x00, 0x00, 0x00, 0x00, 0x00, 0x00, 0x00, 0x00, 0x00, 0x00, 0x00, 0x00,
    0x00, 0x00, 0x00, 0x00, 0x00, 0x00, 0x00, 0x00, 0x00, 0x00, 0x00, 0x00, 0x00, 0x00, 0x00, 0x00,
    0x00, 0x00, 0x00, 0x00, 0x00, 0x00, 0x00, 0x00, 0x00, 0x00, 0x00, 0x00, 0x00, 0x00, 0x00, 0x00,
    0x00, 0x00, 0x00, 0x00, 0x00, 0x00, 0x00, 0x00, 0x00, 0x00, 0x00, 0x00, 0x00, 0x00, 0x00, 0x00,
    0x00, 0x00, 0x00, 0x00, 0x00, 0x00, 0x00, 0x00, 0x00, 0x00, 0x00, 0x00, 0x00, 0x00, 0x00, 0x00,
    0x00, 0x00, 0x00, 0x00, 0x00, 0x00, 0x00, 0x00, 0x00, 0x00, 0x00, 0x00, 0x00, 0x00, 0x00, 0x00,
    0x00, 0x00, 0x00, 0x00, 0x00, 0x00, 0x00, 0x00, 0x00, 0x00, 0x00, 0x00, 0x00, 0x00, 0x00, 0x00,
    0x00, 0x00, 0x00, 0x00, 0x00, 0x00, 0x00, 0x00, 0x00, 0x00, 0x00, 0x00, 0x00, 0x00, 0x00, 0x00,
    0x00, 0x00, 0x00, 0x00, 0x00, 0x00, 0x00, 0x00, 0x00, 0x00, 0x00, 0x00, 0x00, 0x00, 0x00, 0x00,
    0x00, 0x00, 0x00, 0x00, 0x00, 0x00, 0x00, 0x00, 0x00, 0x00, 0x00, 0x00, 0x00, 0x00, 0x00, 0x00,
    0x00, 0x00, 0x00, 0x00, 0x00, 0x00, 0x00, 0x00, 0x00, 0x00, 0x00, 0x00, 0x00, 0x00, 0x00, 0x00,
    0x00, 0x00, 0x00, 0x00, 0x00, 0x00, 0x00, 0x00, 0x00, 0x00, 0x00, 0x00, 0x00, 0x00, 0x00, 0x00,
    0x00, 0x00, 0x00, 0x00, 0x00, 0x00, 0x00, 0x00, 0x00, 0x00, 0x00, 0x00, 0x00, 0x00, 0x00, 0x00,
    0x00, 0x00, 0x00, 0x00, 0x00, 0x00, 0x00, 0x00, 0x00, 0x00, 0x00, 0x00, 0x00, 0x00, 0x00, 0x00,
    0x00, 0x00, 0x00, 0x00, 0x00, 0x00, 0x00, 0x00, 0x00, 0x00, 0x00, 0x00, 0x00, 0x00, 0x00, 0x00,
    0x00, 0x00, 0x00, 0x00, 0x00, 0x00, 0x00, 0x00, 0x00, 0x00, 0x00, 0x00, 0x00, 0x00, 0x00, 0x00,
    0x00, 0x00, 0x00, 0x00, 0x00, 0x00, 0x00, 0x00, 0x00, 0x00, 0x00, 0x00, 0x00, 0x00, 0x00, 0x00,
    0x00, 0x00, 0x00, 0x00, 0x00, 0x00, 0x00, 0x00, 0x00, 0x00, 0x00, 0x00, 0x00, 0x00, 0x00, 0x00,
    0x00, 0x00, 0x00, 0x00, 0x00, 0x00, 0x00, 0x00, 0x00, 0x00, 0x00, 0x00, 0x00, 0x00, 0x00, 0x00,
    0x00, 0x00, 0x00, 0x00, 0x00, 0x00, 0x00, 0x00, 0x00, 0x00, 0x00, 0x00, 0x00, 0x00, 0x00, 0x00,
    0x00, 0x00, 0x00, 0x00, 0x00, 0x00, 0x00, 0x00, 0x00, 0x00, 0x00, 0x00, 0x00, 0x00, 0x00, 0x00,
    0x00, 0x00, 0x00, 0x00, 0x00, 0x00, 0x00, 0x00, 0x00, 0x00, 0x00, 0x00, 0x00, 0x00, 0x00, 0x00,
    0x00, 0x00, 0x00, 0x00, 0x00, 0x00, 0x00, 0x00, 0x00, 0x00, 0x00, 0x00, 0x00, 0x00, 0x00, 0x00,
    0x00, 0x00, 0x00, 0x00, 0x00, 0x00, 0x00, 0x00, 0x00, 0x00, 0x00, 0x00, 0x00, 0x00, 0x00, 0x00,
    0x00, 0x00, 0x00, 0x00, 0x00, 0x00, 0x00, 0x00, 0x00, 0x00, 0x00, 0x00, 0x00, 0x00, 0x00, 0x00,
    0x00, 0x00, 0x00, 0x00, 0x00, 0x00, 0x00, 0x00, 0x00, 0x00, 0x00, 0x00, 0x00, 0x00, 0x00, 0x00,
    0x00, 0x00, 0x00, 0x00, 0x00, 0x00, 0x00, 0x00, 0x00, 0x00, 0x00, 0x00, 0x00, 0x00, 0x00, 0x00,
    0x00, 0x00, 0x00, 0x00, 0x00, 0x00, 0x00, 0x00, 0x00, 0x00, 0x00, 0x00, 0x00, 0x00, 0x00, 0x00,
    0x00, 0x00, 0x00, 0x00, 0x00, 0x00, 0x00, 0x00, 0x00, 0x00, 0x00, 0x00, 0x00, 0x00, 0x00, 0x00,
    0x00, 0x00, 0x00, 0x00, 0x00, 0x00, 0x00, 0x00, 0x00, 0x00, 0x00, 0x00, 0x00, 0x00, 0x00, 0x00,
    0x00, 0x00, 0x00, 0x00, 0x00, 0x00, 0x00, 0x00, 0x00, 0x00, 0x00, 0x00, 0x00, 0x00, 0x00, 0x00,
    0x00, 0x00, 0x00, 0x00, 0x00, 0x00, 0x00, 0x00, 0x00, 0x00, 0x00, 0x00, 0x00, 0x00, 0x00, 0x00,
    0x00, 0x00, 0x00, 0x00, 0x00, 0x00, 0x00, 0x00, 0x00, 0x00, 0x00, 0x00, 0x00, 0x00, 0x00, 0x00,
    0x00, 0x00, 0x00, 0x00, 0x00, 0x00, 0x00, 0x00, 0x00, 0x00, 0x00, 0x00, 0x00, 0x00, 0x00, 0x00,
    0x00, 0x00, 0x00, 0x00, 0x00, 0x00, 0x00, 0x00, 0x00, 0x00, 0x00, 0x00, 0x00, 0x00, 0x00, 0x00,
    0x00, 0x00, 0x00, 0x00, 0x00, 0x00, 0x00, 0x00, 0x00, 0x00, 0x00, 0x00, 0x00, 0x00, 0x00, 0x00,
    0x00, 0x00, 0x00, 0x00, 0x00, 0x00, 0x00, 0x00, 0x00, 0x00, 0x00, 0x00, 0x00, 0x00, 0x00, 0x00,
    0x00, 0x00, 0x00, 0x00, 0x00, 0x00, 0x00, 0x00, 0x00, 0x00, 0x00, 0x00, 0x00, 0x00, 0x00, 0x00,
    0x00, 0x00, 0x00, 0x00, 0x00, 0x00, 0x00, 0x00, 0x00, 0x00, 0x00, 0x00, 0x00, 0x00, 0x00, 0x00,
    0x00, 0x00, 0x00, 0x00, 0x00, 0x00, 0x00, 0x00, 0x00, 0x00, 0x00, 0x00, 0x00, 0x00, 0x00, 0x00,
    0x00, 0x00, 0x00, 0x00, 0x00, 0x00, 0x00, 0x00, 0x00, 0x00, 0x00, 0x00, 0x00, 0x00, 0x00, 0x00,
    0x00, 0x00, 0x00, 0x00, 0x00, 0x00, 0x00, 0x00, 0x00, 0x00, 0x00, 0x00, 0x00, 0x00, 0x00, 0x00,
    0x00, 0x00, 0x00, 0x00, 0x00, 0x00, 0x00, 0x00, 0x00, 0x00, 0x00, 0x00, 0x00, 0x00, 0x00, 0x00,
    0x00, 0x00, 0x00, 0x00, 0x00, 0x00, 0x00, 0x00, 0x00, 0x00, 0x00, 0x00, 0x00, 0x00, 0x00, 0x00,
    0x00, 0x00, 0x00, 0x00, 0x00, 0x00, 0x00, 0x00, 0x00, 0x00, 0x00, 0x00, 0x00, 0x00, 0x00, 0x00,
    0x00, 0x00, 0x00, 0x00, 0x00, 0x00, 0x00, 0x00, 0x00, 0x00, 0x00, 0x00, 0x00, 0x00, 0x00, 0x00,
    0x00, 0x00, 0x00, 0x00, 0x00, 0x00, 0x00, 0x00, 0x00, 0x00, 0x00, 0x00, 0x00, 0x00, 0x00, 0x00,
    0x00, 0x00, 0x00, 0x00, 0x00, 0x00, 0x00, 0x00, 0x00, 0x00, 0x00, 0x00, 0x00, 0x00, 0x00, 0x00,
    0x00, 0x00, 0x00, 0x00, 0x00, 0x00, 0x00, 0x00, 0x00, 0x00, 0x00, 0x00, 0x00, 0x00, 0x00, 0x00,
    0x00, 0x00, 0x00, 0x00, 0x00, 0x00, 0x00, 0x00, 0x00, 0x00, 0x00, 0x00, 0x00, 0x00, 0x00, 0x00,
    0x00, 0x00, 0x00, 0x00, 0x00, 0x00, 0x00, 0x00, 0x00, 0x00, 0x00, 0x00, 0x00, 0x00, 0x00, 0x00,
    0x00, 0x00, 0x00, 0x00, 0x00, 0x00, 0x00, 0x00, 0x00, 0x00, 0x00, 0x00, 0x00, 0x00, 0x00, 0x00,
    0x00, 0x00, 0x00, 0x00, 0x00, 0x00, 0x00, 0x00, 0x00, 0x00, 0x00, 0x00, 0x00, 0x00, 0x00, 0x00,
    0x00, 0x00, 0x00, 0x00, 0x00, 0x00, 0x00, 0x00, 0x00, 0x00, 0x00, 0x00, 0x00, 0x00, 0x00, 0x00,
    0x00, 0x00, 0x00, 0x00, 0x00, 0x00, 0x00, 0x00, 0x00, 0x00, 0x00, 0x00, 0x00, 0x00, 0x00, 0x00,
    0x00, 0x00, 0x00, 0x00, 0x00, 0x00, 0x00, 0x00, 0x00, 0x00, 0x00, 0x00, 0x00, 0x00, 0x00, 0x00,
    0x00, 0x00, 0x00, 0x00, 0x00, 0x00, 0x00, 0x00, 0x00, 0x00, 0x00, 0x00, 0x00, 0x00, 0x00, 0x00,
    0x00, 0x00, 0x00, 0x00, 0x00, 0x00, 0x00, 0x00, 0x00, 0x00, 0x00, 0x00, 0x00, 0x00, 0x00, 0x00,
    0x00, 0x00, 0x00, 0x00, 0x00, 0x00, 0x00, 0x00, 0x00, 0x00, 0x00, 0x00, 0x00, 0x00, 0x00, 0x00,
    0x00, 0x00, 0x00, 0x00, 0x00, 0x00, 0x00, 0x00, 0x00, 0x00, 0x00, 0x00, 0x00, 0x00, 0x00, 0x00,
    0x00, 0x00, 0x00, 0x00, 0x00, 0x00, 0x00, 0x00, 0x00, 0x00, 0x00, 0x00, 0x00, 0x00, 0x00, 0x00,
    0x00, 0x00, 0x00, 0x00, 0x00, 0x00, 0x00, 0x00, 0x00, 0x00, 0x00, 0x00, 0x00, 0x00, 0x00, 0x00,
    0x00, 0x00, 0x00, 0x00, 0x00, 0x00, 0x00, 0x00, 0x00, 0x00, 0x00, 0x00, 0x00, 0x00, 0x00, 0x00,
    0x00, 0x00, 0x00, 0x00, 0x00, 0x00, 0x00, 0x00, 0x00, 0x00, 0x00, 0x00, 0x00, 0x00, 0x00, 0x00,
    0x00, 0x00, 0x00, 0x00, 0x00, 0x00, 0x00, 0x00, 0x00, 0x00, 0x00, 0x00, 0x00, 0x00, 0x00, 0x00,
    0x00, 0x00, 0x00, 0x00, 0x00, 0x00, 0x00, 0x00, 0x00, 0x00, 0x00, 0x00, 0x00, 0x00, 0x00, 0x00,
    0x00, 0x00, 0x00, 0x00, 0x00, 0x00, 0x00, 0x00, 0x00, 0x00, 0x00, 0x00, 0x00, 0x00, 0x00, 0x00,
    0x00, 0x00, 0x00, 0x00, 0x00, 0x00, 0x00, 0x00, 0x00, 0x00, 0x00, 0x00, 0x00, 0x00, 0x00, 0x00,
    0x00, 0x00, 0x00, 0x00, 0x00, 0x00, 0x00, 0x00, 0x00, 0x00, 0x00, 0x00, 0x00, 0x00, 0x00, 0x00,
    0x00, 0x00, 0x00, 0x00, 0x00, 0x00, 0x00, 0x00, 0x00, 0x00, 0x00, 0x00, 0x00, 0x00, 0x00, 0x00,
    0x00, 0x00, 0x00, 0x00, 0x00, 0x00, 0x00, 0x00, 0x00, 0x00, 0x00, 0x00, 0x00, 0x00, 0x00, 0x00,
    0x00, 0x00, 0x00, 0x00, 0x00, 0x00, 0x00, 0x00, 0x00, 0x00, 0x00, 0x00, 0x00, 0x00, 0x00, 0x00,
    0x00, 0x00, 0x00, 0x00, 0x00, 0x00, 0x00, 0x00, 0x00, 0x00, 0x00, 0x00, 0x00, 0x00, 0x00, 0x00,
    0x00, 0x00, 0x00, 0x00, 0x00, 0x00, 0x00, 0x00, 0x00, 0x00, 0x00, 0x00, 0x00, 0x00, 0x00, 0x00,
    0x00, 0x00, 0x00, 0x00, 0x00, 0x00, 0x00, 0x00, 0x00, 0x00, 0x00, 0x00, 0x00, 0x00, 0x00, 0x00,
    0x00, 0x00, 0x00, 0x00, 0x00, 0x00, 0x00, 0x00, 0x00, 0x00, 0x00, 0x00, 0x00, 0x00, 0x00, 0x00,
    0x00, 0x00, 0x00, 0x00, 0x00, 0x00, 0x00, 0x00, 0x00, 0x00, 0x00, 0x00, 0x00, 0x00, 0x00, 0x00,
    0x00, 0x00, 0x00, 0x00, 0x00, 0x00, 0x00, 0x00, 0x00, 0x00, 0x00, 0x00, 0x00, 0x00, 0x00, 0x00,
    0x00, 0x00, 0x00, 0x00, 0x00, 0x00, 0x00, 0x00, 0x00, 0x00, 0x00, 0x00, 0x00, 0x00, 0x00, 0x00,
    0x00, 0x00, 0x00, 0x00, 0x00, 0x00, 0x00, 0x00, 0x00, 0x00, 0x00, 0x00, 0x00, 0x00, 0x00, 0x00,
    0x00, 0x00, 0x00, 0x00, 0x00, 0x00, 0x00, 0x00, 0x00, 0x00, 0x00, 0x00, 0x00, 0x00, 0x00, 0x00,
    0x00, 0x00, 0x00, 0x00, 0x00, 0x00, 0x00, 0x00, 0x00, 0x00, 0x00, 0x00, 0x00, 0x00, 0x00, 0x00,
    0x00, 0x00, 0x00, 0x00, 0x00, 0x00, 0x00, 0x00, 0x00, 0x00, 0x00, 0x00, 0x00, 0x00, 0x00, 0x00,
    0x00, 0x00, 0x00, 0x00, 0x00, 0x00, 0x00, 0x00, 0x00, 0x00, 0x00, 0x00, 0x00, 0x00, 0x00, 0x00,
    0x00, 0x00, 0x00, 0x00, 0x00, 0x00, 0x00, 0x00, 0x00, 0x00, 0x00, 0x00, 0x00, 0x00, 0x00, 0x00,
    0x00, 0x00, 0x00, 0x00, 0x00, 0x00, 0x00, 0x00, 0x00, 0x00, 0x00, 0x00, 0x00, 0x00, 0x00, 0x00,
    0x00, 0x00, 0x00, 0x00, 0x00, 0x00, 0x00, 0x00, 0x00, 0x00, 0x00, 0x00, 0x00, 0x00, 0x00, 0x00,
    0x00, 0x00, 0x00, 0x00, 0x00, 0x00, 0x00, 0x00, 0x00, 0x00, 0x00, 0x00, 0x00, 0x00, 0x00, 0x00,
    0x00, 0x00, 0x00, 0x00, 0x00, 0x00, 0x00, 0x00, 0x00, 0x00, 0x00, 0x00, 0x00, 0x00, 0x00, 0x00,
    0x00, 0x00, 0x00, 0x00, 0x00, 0x00, 0x00, 0x00, 0x00, 0x00, 0x00, 0x00, 0x00, 0x00, 0x00, 0x00,
    0x00, 0x00, 0x00, 0x00, 0x00, 0x00, 0x00, 0x00, 0x00, 0x00, 0x00, 0x00, 0x00, 0x00, 0x00, 0x00,
    0x00, 0x00, 0x00, 0x00, 0x00, 0x00, 0x00, 0x00, 0x00, 0x00, 0x00, 0x00, 0x00, 0x00, 0x00, 0x00,
    0x00, 0x00, 0x00, 0x00, 0x00, 0x00, 0x00, 0x00, 0x00, 0x00, 0x00, 0x00, 0x00, 0x00, 0x00, 0x00,
    0x00, 0x00, 0x00, 0x00, 0x00, 0x00, 0x00, 0x00, 0x00, 0x00, 0x00, 0x00, 0x00, 0x00, 0x00, 0x00,
    0x00, 0x00, 0x00, 0x00, 0x00, 0x00, 0x00, 0x00, 0x00, 0x00, 0x00, 0x00, 0x00, 0x00, 0x00, 0x00,
    0x00, 0x00, 0x00, 0x00, 0x00, 0x00, 0x00, 0x00, 0x00, 0x00, 0x00, 0x00, 0x00, 0x00, 0x00, 0x00,
    0x00, 0x00, 0x00, 0x00, 0x00, 0x00, 0x00, 0x00, 0x00, 0x00, 0x00, 0x00, 0x00, 0x00, 0x00, 0x00,
    0x00, 0x00, 0x00, 0x00, 0x00, 0x00, 0x00, 0x00, 0x00, 0x00, 0x00, 0x00, 0x00, 0x00, 0x00, 0x00,
    0x00, 0x00, 0x00, 0x00, 0x00, 0x00, 0x00, 0x00, 0x00, 0x00, 0x00, 0x00, 0x00, 0x00, 0x00, 0x00,
    0x00, 0x00, 0x00, 0x00, 0x00, 0x00, 0x00, 0x00, 0x00, 0x00, 0x00, 0x00, 0x00, 0x00, 0x00, 0x00,
    0x00, 0x00, 0x00, 0x00, 0x00, 0x00, 0x00, 0x00, 0x00, 0x00, 0x00, 0x00, 0x00, 0x00, 0x00, 0x00,
    0x00, 0x00, 0x00, 0x00, 0x00, 0x00, 0x00, 0x00, 0x00, 0x00, 0x00, 0x00, 0x00, 0x00, 0x00, 0x00,
};

#elif LV_COLOR_DEPTH == 16

/* ============================================================================
 * 16-bit display formats
 * ============================================================================ */

#if LV_COLOR_16_SWAP == 0
/* RGB565A8 - 16-bit color with separate 8-bit alpha channel (standard byte order) */

static const LV_ATTRIBUTE_MEM_ALIGN LV_ATTRIBUTE_LARGE_CONST LV_ATTRIBUTE_IMG_THUNDER uint8_t thunder_rgb565a8_map[] = {
    /* RGB565 color data (3200 bytes) */
    0x00, 0x00, 0x00, 0x00, 0x00, 0x00, 0x59, 0xb6, 0x3a, 0xbe, 0xbb, 0xce, 0xfc, 0xd6, 0xfc, 0xd6,
    0xfc, 0xd6, 0xfc, 0xd6, 0xfc, 0xd6, 0xfc, 0xd6, 0xfc, 0xd6, 0xfc, 0xd6, 0xfc, 0xd6, 0xfc, 0xd6,
    0xfc, 0xd6, 0xfc, 0xd6, 0xfc, 0xd6, 0xbb, 0xce, 0x3a, 0xbe, 0x59, 0xb6, 0x00, 0x00, 0x00, 0x00,
    0x00, 0x00, 0x00, 0x00, 0x00, 0x00, 0x00, 0x00, 0x00, 0x00, 0x00, 0x00, 0x00, 0x00, 0x00, 0x00,
    0x00, 0x00, 0x00, 0x00, 0x00, 0x00, 0x00, 0x00, 0x00, 0x00, 0x00, 0x00, 0x00, 0x00, 0x00, 0x00,
    0x00, 0x00, 0x00, 0x00, 0xff, 0x87, 0x5a, 0xbe, 0xbb, 0xce, 0xfc, 0xd6, 0xfc, 0xd6, 0xfc, 0xd6,
    0xfc, 0xd6, 0xfc, 0xd6, 0xfc, 0xd6, 0xfc, 0xd6, 0xfc, 0xd6, 0xfc, 0xd6, 0xfc, 0xd6, 0xfc, 0xd6,
    0xfc, 0xd6, 0xfc, 0xd6, 0xfc, 0xd6, 0xfc, 0xd6, 0xbb, 0xce, 0x5a, 0xbe, 0xff, 0x87, 0x00, 0x00,
    0x00, 0x00, 0x00, 0x00, 0x00, 0x00, 0x00, 0x00, 0x00, 0x00, 0x00, 0x00, 0x00, 0x00, 0x00, 0x00,
    0x00, 0x00, 0x00, 0x00, 0x00, 0x00, 0x00, 0x00, 0x00, 0x00, 0x00, 0x00, 0x00, 0x00, 0x00, 0x00,
    0x3a, 0xbe, 0x3a, 0xbe, 0x3a, 0xbe, 0xbb, 0xce, 0xfc, 0xd6, 0xfc, 0xd6, 0xfc, 0xd6, 0xfc, 0xd6,
    0xfc, 0xd6, 0xfc, 0xd6, 0xfc, 0xd6, 0xfc, 0xd6, 0xfc, 0xd6, 0xfc, 0xd6, 0xfc, 0xd6, 0xfc, 0xd6,
    0xfc, 0xd6, 0xfc, 0xd6, 0xfc, 0xd6, 0xfc, 0xd6, 0xfc, 0xd6, 0xbb, 0xce, 0x3a, 0xbe, 0x3a, 0xbe,
    0x3a, 0xbe, 0x3a, 0xbe, 0x3a, 0xbe, 0x3a, 0xbe, 0x79, 0xce, 0x00, 0x00, 0x00, 0x00, 0x00, 0x00,
    0x00, 0x00, 0x00, 0x00, 0x00, 0x00, 0x00, 0x00, 0x00, 0x00, 0x00, 0x00, 0x00, 0x00, 0x00, 0x00,
    0xbb, 0xce, 0x9b, 0xc6, 0x7a, 0xc6, 0xfc, 0xd6, 0xfc, 0xd6, 0xfc, 0xd6, 0xfc, 0xd6, 0xfc, 0xd6,
    0xfc, 0xd6, 0xdb, 0xce, 0x9b, 0xc6, 0x5a, 0xc6, 0x5a, 0xc6, 0x7a, 0xc6, 0x9b, 0xc6, 0xdb, 0xce,
    0xfc, 0xd6, 0xfc, 0xd6, 0xfc, 0xd6, 0xfc, 0xd6, 0xfc, 0xd6, 0xfc, 0xd6, 0x7a, 0xc6, 0x9b, 0xc6,
    0xbb, 0xce, 0xbb, 0xce, 0x9b, 0xce, 0x5a, 0xc6, 0x3a, 0xbe, 0x5a, 0xbe, 0x00, 0x00, 0x00, 0x00,
    0x00, 0x00, 0x00, 0x00, 0x00, 0x00, 0x00, 0x00, 0x00, 0x00, 0x00, 0x00, 0x00, 0x00, 0x00, 0x00,
    0xfc, 0xd6, 0xfc, 0xd6, 0xfc, 0xd6, 0xfc, 0xd6, 0xfc, 0xd6, 0xfc, 0xd6, 0xfc, 0xd6, 0xfc, 0xd6,
    0x9b, 0xc6, 0x3a, 0xbe, 0x7b, 0xc6, 0x9b, 0xce, 0xbb, 0xce, 0x9b, 0xce, 0x7a, 0xc6, 0x3a, 0xbe,
    0x9b, 0xce, 0xfc, 0xd6, 0xfc, 0xd6, 0xfc, 0xd6, 0xfc, 0xd6, 0xfc, 0xd6, 0xfc, 0xd6, 0xfc, 0xd6,
    0xfc, 0xd6, 0xfc, 0xd6, 0xfc, 0xd6, 0xfc, 0xd6, 0xbb, 0xce, 0x5a, 0xc6, 0x3a, 0xbe, 0x00, 0x00,
    0x00, 0x00, 0x00, 0x00, 0x00, 0x00, 0x00, 0x00, 0x00, 0x00, 0x00, 0x00, 0x00, 0x00, 0x00, 0x00,
    0xfc, 0xd6, 0xfc, 0xd6, 0xfc, 0xd6, 0xfc, 0xd6, 0xfc, 0xd6, 0xfc, 0xd6, 0xfc, 0xd6, 0x7a, 0xc6,
    0x9b, 0xc6, 0xfc, 0xd6, 0xfc, 0xd6, 0xfc, 0xd6, 0xfc, 0xd6, 0xfc, 0xd6, 0xfc, 0xd6, 0xfc, 0xd6,
    0x7b, 0xc6, 0x7b, 0xc6, 0xfc, 0xd6, 0xfc, 0xd6, 0xfc, 0xd6, 0xfc, 0xd6, 0xfc, 0xd6, 0xfc, 0xd6,
    0xfc, 0xd6, 0xfc, 0xd6, 0xfc, 0xd6, 0xfc, 0xd6, 0xfc, 0xd6, 0xfc, 0xd6, 0x5a, 0xc6, 0x3a, 0xbe,
    0x00, 0x00, 0x00, 0x00, 0x00, 0x00, 0x00, 0x00, 0x00, 0x00, 0x00, 0x00, 0x00, 0x00, 0x00, 0x00,
    0xfc, 0xd6, 0xfc, 0xd6, 0xfc, 0xd6, 0xdb, 0xce, 0xbb, 0xce, 0xbb, 0xce, 0x9b, 0xce, 0x9b, 0xce,
    0xfc, 0xd6, 0xfc, 0xd6, 0xfc, 0xd6, 0xfc, 0xd6, 0xfc, 0xd6, 0xfc, 0xd6, 0xfc, 0xd6, 0xfc, 0xd6,
    0xfc, 0xd6, 0x9b, 0xc6, 0xbb, 0xce, 0xbb, 0xce, 0xbb, 0xce, 0xdb, 0xce, 0xfc, 0xd6, 0xfc, 0xd6,
    0xfc, 0xd6, 0xfc, 0xd6, 0xfc, 0xd6, 0xfc, 0xd6, 0xfc, 0xd6, 0xfc, 0xd6, 0xdb, 0xce, 0x5a, 0xc6,
    0x00, 0x00, 0x00, 0x00, 0x00, 0x00, 0x00, 0x00, 0x00, 0x00, 0x00, 0x00, 0x00, 0x00, 0x00, 0x00,
    0xfc, 0xd6, 0xdc, 0xd6, 0x5a, 0xc6, 0x5a, 0xc6, 0x5a, 0xc6, 0x5a, 0xc6, 0x7a, 0xc6, 0xfc, 0xd6,
    0xfc, 0xd6, 0xfc, 0xd6, 0xfc, 0xd6, 0xfc, 0xd6, 0xfc, 0xd6, 0xfc, 0xd6, 0xfc, 0xd6, 0xfc, 0xd6,
    0xfc, 0xd6, 0xfc, 0xd6, 0x7a, 0xc6, 0x5a, 0xc6, 0x5a, 0xc6, 0x5a, 0xc6, 0x7a, 0xc6, 0xdc, 0xd6,
    0xfc, 0xd6, 0xfc, 0xd6, 0xfc, 0xd6, 0xfc, 0xd6, 0xfc, 0xd6, 0xfc, 0xd6, 0xfc, 0xd6, 0x9b, 0xce,
    0xff, 0xff, 0x00, 0x00, 0x00, 0x00, 0x00, 0x00, 0x00, 0x00, 0x00, 0x00, 0x00, 0x00, 0x00, 0x00,
    0xfc, 0xd6, 0x7a, 0xc6, 0xbb, 0xce, 0xfc, 0xd6, 0xfc, 0xd6, 0xfc, 0xd6, 0xfc, 0xd6, 0xfc, 0xd6,
    0xfc, 0xd6, 0xfc, 0xd6, 0xfc, 0xd6, 0xfc, 0xd6, 0xfc, 0xd6, 0xfc, 0xd6, 0xfc, 0xd6, 0xfc, 0xd6,
    0xfc, 0xd6, 0xfc, 0xd6, 0xfc, 0xd6, 0xfc, 0xd6, 0xfc, 0xd6, 0xfc, 0xd6, 0x9b, 0xce, 0x7a, 0xc6,
    0xfc, 0xd6, 0xfc, 0xd6, 0xfc, 0xd6, 0xfc, 0xd6, 0xfc, 0xd6, 0xfc, 0xd6, 0xfc, 0xd6, 0xdc, 0xd6,
    0x5b, 0xb6, 0x00, 0x00, 0x00, 0x00, 0x00, 0x00, 0x00, 0x00, 0x00, 0x00, 0x00, 0x00, 0x00, 0x00,
    0xbb, 0xce, 0xbb, 0xce, 0xfc, 0xd6, 0xfc, 0xd6, 0xfc, 0xd6, 0xfc, 0xd6, 0xfc, 0xd6, 0xfc, 0xd6,
    0xfc, 0xd6, 0xfc, 0xd6, 0xfc, 0xd6, 0xfc, 0xd6, 0xfc, 0xd6, 0xfc, 0xd6, 0xfc, 0xd6, 0xfc, 0xd6,
    0xfc, 0xd6, 0xfc, 0xd6, 0xfc, 0xd6, 0xfc, 0xd6, 0xfc, 0xd6, 0xfc, 0xd6, 0xfc, 0xd6, 0xbb, 0xce,
    0xbb, 0xce, 0xfc, 0xd6, 0xfc, 0xd6, 0xfc, 0xd6, 0xfc, 0xd6, 0xfc, 0xd6, 0xfc, 0xd6, 0xfc, 0xd6,
    0xbc, 0xc6, 0x00, 0x00, 0x00, 0x00, 0x00, 0x00, 0x00, 0x00, 0x00, 0x00, 0x00, 0x00, 0x00, 0x00,
    0xbb, 0xce, 0xfc, 0xd6, 0xfc, 0xd6, 0xfc, 0xd6, 0xfc, 0xd6, 0xfc, 0xd6, 0xfc, 0xd6, 0xfc, 0xd6,
    0xfc, 0xd6, 0xfc, 0xd6, 0xfc, 0xd6, 0xfc, 0xd6, 0xfc, 0xd6, 0xfc, 0xd6, 0xfc, 0xd6, 0xfc, 0xd6,
    0xfc, 0xd6, 0xfc, 0xd6, 0xfc, 0xd6, 0xfc, 0xd6, 0xfc, 0xd6, 0xfc, 0xd6, 0xfc, 0xd6, 0xfc, 0xd6,
    0xbb, 0xce, 0xfc, 0xd6, 0xfc, 0xd6, 0xfc, 0xd6, 0xfc, 0xd6, 0xfc, 0xd6, 0xfc, 0xd6, 0xfc, 0xd6,
    0x1c, 0xd7, 0x00, 0x00, 0x00, 0x00, 0x00, 0x00, 0x00, 0x00, 0x00, 0x00, 0x00, 0x00, 0x00, 0x00,
    0xfc, 0xd6, 0xfc, 0xd6, 0xfc, 0xd6, 0xfc, 0xd6, 0xfc, 0xd6, 0xfc, 0xd6, 0xfc, 0xd6, 0xfc, 0xd6,
    0xfc, 0xd6, 0xfc, 0xd6, 0xfc, 0xd6, 0xfc, 0xd6, 0xfc, 0xd6, 0xfc, 0xd6, 0xfc, 0xd6, 0xfc, 0xd6,
    0xfc, 0xd6, 0xfc, 0xd6, 0xfc, 0xd6, 0xfc, 0xd6, 0xfc, 0xd6, 0xfc, 0xd6, 0xfc, 0xd6, 0xfc, 0xd6,
    0xfc, 0xd6, 0xfc, 0xd6, 0xfc, 0xd6, 0xfc, 0xd6, 0xfc, 0xd6, 0xfc, 0xd6, 0xfc, 0xd6, 0xfc, 0xd6,
    0x1c, 0xe7, 0x00, 0x00, 0x00, 0x00, 0x00, 0x00, 0x00, 0x00, 0x00, 0x00, 0x00, 0x00, 0x00, 0x00,
    0xfc, 0xd6, 0xfc, 0xd6, 0xfc, 0xd6, 0xfc, 0xd6, 0xfc, 0xd6, 0xfc, 0xd6, 0xfc, 0xd6, 0xfc, 0xd6,
    0xfc, 0xd6, 0xfc, 0xd6, 0xfc, 0xd6, 0xfc, 0xd6, 0xfc, 0xd6, 0xfc, 0xd6, 0xfc, 0xd6, 0xfc, 0xd6,
    0xfc, 0xd6, 0xfc, 0xd6, 0xfc, 0xd6, 0xfc, 0xd6, 0xfc, 0xd6, 0xfc, 0xd6, 0xfc, 0xd6, 0xfc, 0xd6,
    0xfc, 0xd6, 0xfc, 0xd6, 0xfc, 0xd6, 0xfc, 0xd6, 0xfc, 0xd6, 0xfc, 0xd6, 0xfc, 0xd6, 0xfc, 0xd6,
    0x00, 0x00, 0x00, 0x00, 0x00, 0x00, 0x00, 0x00, 0x00, 0x00, 0x00, 0x00, 0x00, 0x00, 0x00, 0x00,
    0xfc, 0xd6, 0xfc, 0xd6, 0xfc, 0xd6, 0xfc, 0xd6, 0xfc, 0xd6, 0xfc, 0xd6, 0xfc, 0xd6, 0xfc, 0xd6,
    0xfc, 0xd6, 0xfc, 0xd6, 0xfc, 0xd6, 0xfc, 0xd6, 0xfc, 0xd6, 0xfc, 0xd6, 0xfc, 0xd6, 0xfc, 0xd6,
    0xfc, 0xd6, 0xfc, 0xd6, 0xfc, 0xd6, 0xfc, 0xd6, 0xfc, 0xd6, 0xfc, 0xd6, 0xfc, 0xd6, 0xfc, 0xd6,
    0xfc, 0xd6, 0xfc, 0xd6, 0xfc, 0xd6, 0xfc, 0xd6, 0xfc, 0xd6, 0xfc, 0xd6, 0xfc, 0xd6, 0xfc, 0xd6,
    0x00, 0x00, 0x00, 0x00, 0x00, 0x00, 0x00, 0x00, 0x00, 0x00, 0x00, 0x00, 0x00, 0x00, 0x00, 0x00,
    0xfc, 0xd6, 0xfc, 0xd6, 0xfc, 0xd6, 0xfc, 0xd6, 0xfc, 0xd6, 0xfc, 0xd6, 0xfc, 0xd6, 0xfc, 0xd6,
    0xfc, 0xd6, 0xfc, 0xd6, 0xfc, 0xd6, 0xfc, 0xd6, 0xfc, 0xd6, 0xfc, 0xd6, 0xfc, 0xd6, 0xfc, 0xd6,
    0xfc, 0xd6, 0xfc, 0xd6, 0xfc, 0xd6, 0xfc, 0xd6, 0xfc, 0xd6, 0xfc, 0xd6, 0xfc, 0xd6, 0xfc, 0xd6,
    0xfc, 0xd6, 0xfc, 0xd6, 0xfc, 0xd6, 0xfc, 0xd6, 0xfc, 0xd6, 0xfc, 0xd6, 0xfc, 0xd6, 0xff, 0xff,
    0x00, 0x00, 0x00, 0x00, 0x00, 0x00, 0x00, 0x00, 0x00, 0x00, 0x00, 0x00, 0x00, 0x00, 0x00, 0x00,
    0xfc, 0xd6, 0xfc, 0xd6, 0xfc, 0xd6, 0xfc, 0xd6, 0xfc, 0xd6, 0xfc, 0xd6, 0xfc, 0xd6, 0xfc, 0xd6,
    0xfc, 0xd6, 0xfc, 0xd6, 0xfc, 0xd6, 0xfc, 0xd6, 0xfc, 0xd6, 0xfc, 0xd6, 0xfc, 0xd6, 0xfc, 0xd6,
    0xfc, 0xd6, 0xfc, 0xd6, 0xfc, 0xd6, 0xfc, 0xd6, 0xfc, 0xd6, 0xfc, 0xd6, 0xfc, 0xd6, 0xfc, 0xd6,
    0xfc, 0xd6, 0xfc, 0xd6, 0xfc, 0xd6, 0xfc, 0xd6, 0xfc, 0xd6, 0xfc, 0xd6, 0x5d, 0xd7, 0x00, 0x00,
    0x00, 0x00, 0x00, 0x00, 0x00, 0x00, 0x00, 0x00, 0x00, 0x00, 0x00, 0x00, 0x00, 0x00, 0x00, 0x00,
    0xfc, 0xd6, 0xfb, 0xd6, 0xd7, 0xde, 0xac, 0xee, 0xd3, 0xe6, 0xfc, 0xd6, 0xfc, 0xd6, 0xfc, 0xd6,
    0xfc, 0xd6, 0xfc, 0xd6, 0xfc, 0xd6, 0xfc, 0xd6, 0xfc, 0xd6, 0xfc, 0xd6, 0xfc, 0xd6, 0xfc, 0xd6,
    0xfc, 0xd6, 0xfc, 0xd6, 0xfc, 0xd6, 0xfc, 0xd6, 0xd3, 0xe6, 0xac, 0xee, 0xd8, 0xde, 0xfb, 0xd6,
    0xfc, 0xd6, 0xfc, 0xd6, 0xfc, 0xd6, 0xfc, 0xd6, 0xfc, 0xd6, 0xdb, 0xde, 0x00, 0x00, 0x00, 0x00,
    0x00, 0x00, 0x00, 0x00, 0x00, 0x00, 0x00, 0x00, 0x00, 0x00, 0x00, 0x00, 0x00, 0x00, 0x00, 0x00,
    0x6a, 0xee, 0x46, 0xf6, 0x23, 0xfe, 0x22, 0xfe, 0x43, 0xf6, 0xd6, 0xde, 0xfc, 0xd6, 0xfc, 0xd6,
    0xfc, 0xd6, 0xfc, 0xd6, 0xfc, 0xd6, 0xfc, 0xd6, 0xfc, 0xd6, 0xfc, 0xd6, 0xfc, 0xd6, 0xfc, 0xd6,
    0xfc, 0xd6, 0xfc, 0xd6, 0xfc, 0xd6, 0xd6, 0xde, 0x43, 0xf6, 0x22, 0xfe, 0x23, 0xfe, 0x46, 0xf6,
    0x6a, 0xee, 0x8e, 0xe6, 0xfc, 0xd6, 0x1c, 0xc7, 0x00, 0x00, 0x00, 0x00, 0x00, 0x00, 0x00, 0x00,
    0x00, 0x00, 0x00, 0x00, 0x00, 0x00, 0x00, 0x00, 0x00, 0x00, 0x00, 0x00, 0x00, 0x00, 0x00, 0x00,
    0xe3, 0xf5, 0xe3, 0xf5, 0xe3, 0xf5, 0xe3, 0xf5, 0xe3, 0xf5, 0xff, 0xaf, 0xfc, 0xd6, 0xfb, 0xd6,
    0xfc, 0xd6, 0xfc, 0xd6, 0xfc, 0xd6, 0xfc, 0xd6, 0xfc, 0xd6, 0xfc, 0xd6, 0xfc, 0xd6, 0xfc, 0xd6,
    0xfc, 0xd6, 0xfc, 0xd6, 0xfc, 0xd6, 0xff, 0xaf, 0xe3, 0xf5, 0xe3, 0xf5, 0xe3, 0xf5, 0xe3, 0xf5,
    0xe3, 0xf5, 0x22, 0xfe, 0x00, 0x00, 0x00, 0x00, 0x00, 0x00, 0x00, 0x00, 0x00, 0x00, 0x00, 0x00,
    0x00, 0x00, 0x00, 0x00, 0x00, 0x00, 0x00, 0x00, 0x00, 0x00, 0x00, 0x00, 0x00, 0x00, 0x00, 0x00,
    0xa3, 0xf5, 0x83, 0xf5, 0x83, 0xf5, 0x63, 0xf5, 0x00, 0x00, 0x00, 0x00, 0x42, 0xfe, 0x43, 0xfe,
    0x8d, 0xee, 0xd6, 0xde, 0xfb, 0xd6, 0xfc, 0xd6, 0xfc, 0xd6, 0xfc, 0xd6, 0xfb, 0xd6, 0xd6, 0xde,
    0xd4, 0xe6, 0xdb, 0xde, 0x00, 0x00, 0x00, 0x00, 0x00, 0x00, 0x63, 0xf5, 0x83, 0xf5, 0x83, 0xf5,
    0xa3, 0xf5, 0x00, 0x00, 0x00, 0x00, 0x00, 0x00, 0x00, 0x00, 0x00, 0x00, 0x00, 0x00, 0x00, 0x00,
    0x00, 0x00, 0x00, 0x00, 0x00, 0x00, 0x00, 0x00, 0x00, 0x00, 0x00, 0x00, 0x00, 0x00, 0x00, 0x00,
    0x00, 0x00, 0x23, 0xf5, 0x04, 0xed, 0x04, 0xed, 0x00, 0x00, 0x00, 0x00, 0x00, 0x00, 0x22, 0xfe,
    0x02, 0xfe, 0x02, 0xfe, 0x03, 0xf6, 0x25, 0xf6, 0x26, 0xf6, 0x25, 0xf6, 0x23, 0xf6, 0x22, 0xfe,
    0x42, 0xf6, 0x00, 0x00, 0x00, 0x00, 0x00, 0x00, 0x00, 0x00, 0x04, 0xed, 0x04, 0xed, 0x23, 0xf5,
    0x00, 0x00, 0x00, 0x00, 0x00, 0x00, 0x00, 0x00, 0x00, 0x00, 0x00, 0x00, 0x00, 0x00, 0x00, 0x00,
    0x00, 0x00, 0x00, 0x00, 0x00, 0x00, 0x00, 0x00, 0x00, 0x00, 0x00, 0x00, 0x00, 0x00, 0x00, 0x00,
    0x00, 0x00, 0x00, 0x00, 0xa4, 0xec, 0x84, 0xec, 0x00, 0x00, 0x00, 0x00, 0x00, 0x00, 0x00, 0x00,
    0xe3, 0xf5, 0xe3, 0xf5, 0xe3, 0xf5, 0xe3, 0xf5, 0xe3, 0xf5, 0xc3, 0xf5, 0x00, 0x00, 0x00, 0x00,
    0x00, 0x00, 0x00, 0x00, 0x00, 0x00, 0x00, 0x00, 0x00, 0x00, 0x84, 0xec, 0x84, 0xec, 0x00, 0x00,
    0x00, 0x00, 0x00, 0x00, 0x00, 0x00, 0x00, 0x00, 0x00, 0x00, 0x00, 0x00, 0x00, 0x00, 0x00, 0x00,
    0x00, 0x00, 0x00, 0x00, 0x00, 0x00, 0x00, 0x00, 0x00, 0x00, 0x00, 0x00, 0x00, 0x00, 0x00, 0x00,
    0x00, 0x00, 0x00, 0x00, 0x00, 0xfc, 0x04, 0xe4, 0x00, 0x00, 0x00, 0x00, 0x00, 0x00, 0x00, 0x00,
    0x40, 0xfd, 0x83, 0xf5, 0x83, 0xf5, 0x83, 0xf5, 0x83, 0xf5, 0x83, 0xf5, 0x00, 0x00, 0x00, 0x00,
    0x00, 0x00, 0x00, 0x00, 0x00, 0x00, 0x00, 0x00, 0x00, 0x00, 0x04, 0xe4, 0x00, 0xfc, 0x00, 0x00,
    0x00, 0x00, 0x00, 0x00, 0x00, 0x00, 0x00, 0x00, 0x00, 0x00, 0x00, 0x00, 0x00, 0x00, 0x00, 0x00,
    0x00, 0x00, 0x00, 0x00, 0x00, 0x00, 0x00, 0x00, 0x00, 0x00, 0x00, 0x00, 0x00, 0x00, 0x00, 0x00,
    0x00, 0x00, 0x00, 0x00, 0x00, 0x00, 0x64, 0xdb, 0x00, 0x00, 0x00, 0x00, 0x00, 0x00, 0x00, 0x00,
    0x00, 0x00, 0x42, 0xed, 0x43, 0xed, 0x43, 0xed, 0x43, 0xed, 0x43, 0xf5, 0x00, 0x00, 0x00, 0x00,
    0x00, 0x00, 0x00, 0x00, 0x00, 0x00, 0x00, 0x00, 0x00, 0x00, 0x64, 0xdb, 0x00, 0x00, 0x00, 0x00,
    0x00, 0x00, 0x00, 0x00, 0x00, 0x00, 0x00, 0x00, 0x00, 0x00, 0x00, 0x00, 0x00, 0x00, 0x00, 0x00,
    0x00, 0x00, 0x00, 0x00, 0x00, 0x00, 0x00, 0x00, 0x00, 0x00, 0x00, 0x00, 0x00, 0x00, 0x00, 0x00,
    0x00, 0x00, 0x00, 0x00, 0x00, 0x00, 0x00, 0x00, 0x00, 0x00, 0x00, 0x00, 0x00, 0x00, 0x00, 0x00,
    0x00, 0x00, 0x00, 0x00, 0x24, 0xed, 0x04, 0xed, 0xe4, 0xec, 0xe4, 0xec, 0x00, 0x00, 0x00, 0x00,
    0x00, 0x00, 0x00, 0x00, 0x00, 0x00, 0x00, 0x00, 0x00, 0x00, 0x00, 0x00, 0x00, 0x00, 0x00, 0x00,
    0x00, 0x00, 0x00, 0x00, 0x00, 0x00, 0x00, 0x00, 0x00, 0x00, 0x00, 0x00, 0x00, 0x00, 0x00, 0x00,
    0x00, 0x00, 0x00, 0x00, 0x00, 0x00, 0x00, 0x00, 0x00, 0x00, 0x00, 0x00, 0x00, 0x00, 0x00, 0x00,
    0x00, 0x00, 0x00, 0x00, 0x00, 0x00, 0x00, 0x00, 0x00, 0x00, 0x00, 0x00, 0x00, 0x00, 0x00, 0x00,
    0x00, 0x00, 0x00, 0x00, 0x00, 0x00, 0xa4, 0xec, 0x84, 0xec, 0x84, 0xec, 0x00, 0x00, 0x00, 0x00,
    0x00, 0x00, 0x00, 0x00, 0x00, 0x00, 0x00, 0x00, 0x00, 0x00, 0x00, 0x00, 0x00, 0x00, 0x00, 0x00,
    0x00, 0x00, 0x00, 0x00, 0x00, 0x00, 0x00, 0x00, 0x00, 0x00, 0x00, 0x00, 0x00, 0x00, 0x00, 0x00,
    0x00, 0x00, 0x00, 0x00, 0x00, 0x00, 0x00, 0x00, 0x00, 0x00, 0x00, 0x00, 0x00, 0x00, 0x00, 0x00,
    0x00, 0x00, 0x00, 0x00, 0x00, 0x00, 0x00, 0x00, 0x00, 0x00, 0x00, 0x00, 0x00, 0x00, 0x00, 0x00,
    0x00, 0x00, 0x00, 0x00, 0x00, 0x00, 0x00, 0x00, 0x44, 0xe4, 0x24, 0xe4, 0x00, 0x00, 0x00, 0x00,
    0x00, 0x00, 0x00, 0x00, 0x00, 0x00, 0x00, 0x00, 0x00, 0x00, 0x00, 0x00, 0x00, 0x00, 0x00, 0x00,
    0x00, 0x00, 0x00, 0x00, 0x00, 0x00, 0x00, 0x00, 0x00, 0x00, 0x00, 0x00, 0x00, 0x00, 0x00, 0x00,
    0x00, 0x00, 0x00, 0x00, 0x00, 0x00, 0x00, 0x00, 0x00, 0x00, 0x00, 0x00, 0x00, 0x00, 0x00, 0x00,
    0x00, 0x00, 0x00, 0x00, 0x00, 0x00, 0x00, 0x00, 0x00, 0x00, 0x00, 0x00, 0x00, 0x00, 0x00, 0x00,
    0x00, 0x00, 0x00, 0x00, 0x00, 0x00, 0x00, 0x00, 0x00, 0xfc, 0xe4, 0xe3, 0x00, 0x00, 0x00, 0x00,
    0x00, 0x00, 0x00, 0x00, 0x00, 0x00, 0x00, 0x00, 0x00, 0x00, 0x00, 0x00, 0x00, 0x00, 0x00, 0x00,
    0x00, 0x00, 0x00, 0x00, 0x00, 0x00, 0x00, 0x00, 0x00, 0x00, 0x00, 0x00, 0x00, 0x00, 0x00, 0x00,
    0x00, 0x00, 0x00, 0x00, 0x00, 0x00, 0x00, 0x00, 0x00, 0x00, 0x00, 0x00, 0x00, 0x00, 0x00, 0x00,
    0x00, 0x00, 0x00, 0x00, 0x00, 0x00, 0x00, 0x00, 0x00, 0x00, 0x00, 0x00, 0x00, 0x00, 0x00, 0x00,
    0x00, 0x00, 0x00, 0x00, 0x00, 0x00, 0x00, 0x00, 0x00, 0x00, 0x64, 0xdb, 0x00, 0xfc, 0x00, 0x00,
    0x00, 0x00, 0x00, 0x00, 0x00, 0x00, 0x00, 0x00, 0x00, 0x00, 0x00, 0x00, 0x00, 0x00, 0x00, 0x00,
    0x00, 0x00, 0x00, 0x00, 0x00, 0x00, 0x00, 0x00, 0x00, 0x00, 0x00, 0x00, 0x00, 0x00, 0x00, 0x00,
    0x00, 0x00, 0x00, 0x00, 0x00, 0x00, 0x00, 0x00, 0x00, 0x00, 0x00, 0x00, 0x00, 0x00, 0x00, 0x00,
    0x00, 0x00, 0x00, 0x00, 0x00, 0x00, 0x00, 0x00, 0x00, 0x00, 0x00, 0x00, 0x00, 0x00, 0x00, 0x00,
    0x00, 0x00, 0x00, 0x00, 0x00, 0x00, 0x00, 0x00, 0x00, 0x00, 0x00, 0x00, 0x00, 0x00, 0x00, 0x00,
    0x00, 0x00, 0x00, 0x00, 0x00, 0x00, 0x00, 0x00, 0x00, 0x00, 0x00, 0x00, 0x00, 0x00, 0x00, 0x00,
    0x00, 0x00, 0x00, 0x00, 0x00, 0x00, 0x00, 0x00, 0x00, 0x00, 0x00, 0x00, 0x00, 0x00, 0x00, 0x00,
    0x00, 0x00, 0x00, 0x00, 0x00, 0x00, 0x00, 0x00, 0x00, 0x00, 0x00, 0x00, 0x00, 0x00, 0x00, 0x00,
    0x00, 0x00, 0x00, 0x00, 0x00, 0x00, 0x00, 0x00, 0x00, 0x00, 0x00, 0x00, 0x00, 0x00, 0x00, 0x00,
    0x00, 0x00, 0x00, 0x00, 0x00, 0x00, 0x00, 0x00, 0x00, 0x00, 0x00, 0x00, 0x00, 0x00, 0x00, 0x00,
    0x00, 0x00, 0x00, 0x00, 0x00, 0x00, 0x00, 0x00, 0x00, 0x00, 0x00, 0x00, 0x00, 0x00, 0x00, 0x00,
    0x00, 0x00, 0x00, 0x00, 0x00, 0x00, 0x00, 0x00, 0x00, 0x00, 0x00, 0x00, 0x00, 0x00, 0x00, 0x00,
    0x00, 0x00, 0x00, 0x00, 0x00, 0x00, 0x00, 0x00, 0x00, 0x00, 0x00, 0x00, 0x00, 0x00, 0x00, 0x00,
    0x00, 0x00, 0x00, 0x00, 0x00, 0x00, 0x00, 0x00, 0x00, 0x00, 0x00, 0x00, 0x00, 0x00, 0x00, 0x00,
    0x00, 0x00, 0x00, 0x00, 0x00, 0x00, 0x00, 0x00, 0x00, 0x00, 0x00, 0x00, 0x00, 0x00, 0x00, 0x00,
    0x00, 0x00, 0x00, 0x00, 0x00, 0x00, 0x00, 0x00, 0x00, 0x00, 0x00, 0x00, 0x00, 0x00, 0x00, 0x00,
    0x00, 0x00, 0x00, 0x00, 0x00, 0x00, 0x00, 0x00, 0x00, 0x00, 0x00, 0x00, 0x00, 0x00, 0x00, 0x00,
    0x00, 0x00, 0x00, 0x00, 0x00, 0x00, 0x00, 0x00, 0x00, 0x00, 0x00, 0x00, 0x00, 0x00, 0x00, 0x00,
    0x00, 0x00, 0x00, 0x00, 0x00, 0x00, 0x00, 0x00, 0x00, 0x00, 0x00, 0x00, 0x00, 0x00, 0x00, 0x00,
    0x00, 0x00, 0x00, 0x00, 0x00, 0x00, 0x00, 0x00, 0x00, 0x00, 0x00, 0x00, 0x00, 0x00, 0x00, 0x00,
    0x00, 0x00, 0x00, 0x00, 0x00, 0x00, 0x00, 0x00, 0x00, 0x00, 0x00, 0x00, 0x00, 0x00, 0x00, 0x00,
    0x00, 0x00, 0x00, 0x00, 0x00, 0x00, 0x00, 0x00, 0x00, 0x00, 0x00, 0x00, 0x00, 0x00, 0x00, 0x00,
    0x00, 0x00, 0x00, 0x00, 0x00, 0x00, 0x00, 0x00, 0x00, 0x00, 0x00, 0x00, 0x00, 0x00, 0x00, 0x00,
    0x00, 0x00, 0x00, 0x00, 0x00, 0x00, 0x00, 0x00, 0x00, 0x00, 0x00, 0x00, 0x00, 0x00, 0x00, 0x00,
    0x00, 0x00, 0x00, 0x00, 0x00, 0x00, 0x00, 0x00, 0x00, 0x00, 0x00, 0x00, 0x00, 0x00, 0x00, 0x00,
    0x00, 0x00, 0x00, 0x00, 0x00, 0x00, 0x00, 0x00, 0x00, 0x00, 0x00, 0x00, 0x00, 0x00, 0x00, 0x00,
    0x00, 0x00, 0x00, 0x00, 0x00, 0x00, 0x00, 0x00, 0x00, 0x00, 0x00, 0x00, 0x00, 0x00, 0x00, 0x00,
    0x00, 0x00, 0x00, 0x00, 0x00, 0x00, 0x00, 0x00, 0x00, 0x00, 0x00, 0x00, 0x00, 0x00, 0x00, 0x00,
    0x00, 0x00, 0x00, 0x00, 0x00, 0x00, 0x00, 0x00, 0x00, 0x00, 0x00, 0x00, 0x00, 0x00, 0x00, 0x00,
    0x00, 0x00, 0x00, 0x00, 0x00, 0x00, 0x00, 0x00, 0x00, 0x00, 0x00, 0x00, 0x00, 0x00, 0x00, 0x00,
    0x00, 0x00, 0x00, 0x00, 0x00, 0x00, 0x00, 0x00, 0x00, 0x00, 0x00, 0x00, 0x00, 0x00, 0x00, 0x00,
    0x00, 0x00, 0x00, 0x00, 0x00, 0x00, 0x00, 0x00, 0x00, 0x00, 0x00, 0x00, 0x00, 0x00, 0x00, 0x00,
    0x00, 0x00, 0x00, 0x00, 0x00, 0x00, 0x00, 0x00, 0x00, 0x00, 0x00, 0x00, 0x00, 0x00, 0x00, 0x00,
    0x00, 0x00, 0x00, 0x00, 0x00, 0x00, 0x00, 0x00, 0x00, 0x00, 0x00, 0x00, 0x00, 0x00, 0x00, 0x00,
    0x00, 0x00, 0x00, 0x00, 0x00, 0x00, 0x00, 0x00, 0x00, 0x00, 0x00, 0x00, 0x00, 0x00, 0x00, 0x00,
    0x00, 0x00, 0x00, 0x00, 0x00, 0x00, 0x00, 0x00, 0x00, 0x00, 0x00, 0x00, 0x00, 0x00, 0x00, 0x00,
    0x00, 0x00, 0x00, 0x00, 0x00, 0x00, 0x00, 0x00, 0x00, 0x00, 0x00, 0x00, 0x00, 0x00, 0x00, 0x00,
    0x00, 0x00, 0x00, 0x00, 0x00, 0x00, 0x00, 0x00, 0x00, 0x00, 0x00, 0x00, 0x00, 0x00, 0x00, 0x00,
    0x00, 0x00, 0x00, 0x00, 0x00, 0x00, 0x00, 0x00, 0x00, 0x00, 0x00, 0x00, 0x00, 0x00, 0x00, 0x00,
    0x00, 0x00, 0x00, 0x00, 0x00, 0x00, 0x00, 0x00, 0x00, 0x00, 0x00, 0x00, 0x00, 0x00, 0x00, 0x00,
    0x00, 0x00, 0x00, 0x00, 0x00, 0x00, 0x00, 0x00, 0x00, 0x00, 0x00, 0x00, 0x00, 0x00, 0x00, 0x00,
    0x00, 0x00, 0x00, 0x00, 0x00, 0x00, 0x00, 0x00, 0x00, 0x00, 0x00, 0x00, 0x00, 0x00, 0x00, 0x00,
    0x00, 0x00, 0x00, 0x00, 0x00, 0x00, 0x00, 0x00, 0x00, 0x00, 0x00, 0x00, 0x00, 0x00, 0x00, 0x00,
    0x00, 0x00, 0x00, 0x00, 0x00, 0x00, 0x00, 0x00, 0x00, 0x00, 0x00, 0x00, 0x00, 0x00, 0x00, 0x00,
    0x00, 0x00, 0x00, 0x00, 0x00, 0x00, 0x00, 0x00, 0x00, 0x00, 0x00, 0x00, 0x00, 0x00, 0x00, 0x00,
    0x00, 0x00, 0x00, 0x00, 0x00, 0x00, 0x00, 0x00, 0x00, 0x00, 0x00, 0x00, 0x00, 0x00, 0x00, 0x00,
    0x00, 0x00, 0x00, 0x00, 0x00, 0x00, 0x00, 0x00, 0x00, 0x00, 0x00, 0x00, 0x00, 0x00, 0x00, 0x00,
    0x00, 0x00, 0x00, 0x00, 0x00, 0x00, 0x00, 0x00, 0x00, 0x00, 0x00, 0x00, 0x00, 0x00, 0x00, 0x00,
    0x00, 0x00, 0x00, 0x00, 0x00, 0x00, 0x00, 0x00, 0x00, 0x00, 0x00, 0x00, 0x00, 0x00, 0x00, 0x00,
    0x00, 0x00, 0x00, 0x00, 0x00, 0x00, 0x00, 0x00, 0x00, 0x00, 0x00, 0x00, 0x00, 0x00, 0x00, 0x00,
    0x00, 0x00, 0x00, 0x00, 0x00, 0x00, 0x00, 0x00, 0x00, 0x00, 0x00, 0x00, 0x00, 0x00, 0x00, 0x00,
    0x00, 0x00, 0x00, 0x00, 0x00, 0x00, 0x00, 0x00, 0x00, 0x00, 0x00, 0x00, 0x00, 0x00, 0x00, 0x00,
    0x00, 0x00, 0x00, 0x00, 0x00, 0x00, 0x00, 0x00, 0x00, 0x00, 0x00, 0x00, 0x00, 0x00, 0x00, 0x00,
    0x00, 0x00, 0x00, 0x00, 0x00, 0x00, 0x00, 0x00, 0x00, 0x00, 0x00, 0x00, 0x00, 0x00, 0x00, 0x00,
    0x00, 0x00, 0x00, 0x00, 0x00, 0x00, 0x00, 0x00, 0x00, 0x00, 0x00, 0x00, 0x00, 0x00, 0x00, 0x00,
    0x00, 0x00, 0x00, 0x00, 0x00, 0x00, 0x00, 0x00, 0x00, 0x00, 0x00, 0x00, 0x00, 0x00, 0x00, 0x00,
    0x00, 0x00, 0x00, 0x00, 0x00, 0x00, 0x00, 0x00, 0x00, 0x00, 0x00, 0x00, 0x00, 0x00, 0x00, 0x00,
    0x00, 0x00, 0x00, 0x00, 0x00, 0x00, 0x00, 0x00, 0x00, 0x00, 0x00, 0x00, 0x00, 0x00, 0x00, 0x00,
    /* Alpha channel data (1600 bytes) */
    0x00, 0x00, 0x00, 0x0e, 0xcc, 0xff, 0xff, 0xff, 0xff, 0xff, 0xff, 0xff, 0xff, 0xff, 0xff, 0xff,
    0xff, 0xff, 0xff, 0xff, 0xcc, 0x0e, 0x00, 0x00, 0x00, 0x00, 0x00, 0x00, 0x00, 0x00, 0x00, 0x00,
    0x00, 0x00, 0x00, 0x00, 0x00, 0x00, 0x00, 0x00, 0x00, 0x00, 0x02, 0x9a, 0xff, 0xff, 0xff, 0xff,
    0xff, 0xff, 0xff, 0xff, 0xff, 0xff, 0xff, 0xff, 0xff, 0xff, 0xff, 0xff, 0xff, 0x9a, 0x02, 0x00,
    0x00, 0x00, 0x00, 0x00, 0x00, 0x00, 0x00, 0x00, 0x00, 0x00, 0x00, 0x00, 0x00, 0x00, 0x00, 0x00,
    0xbd, 0x96, 0x69, 0xfa, 0xff, 0xff, 0xff, 0xff, 0xff, 0xff, 0xff, 0xff, 0xff, 0xff, 0xff, 0xff,
    0xff, 0xff, 0xff, 0xff, 0xff, 0xfa, 0x66, 0x96, 0xbd, 0xbf, 0x9e, 0x42, 0x05, 0x00, 0x00, 0x00,
    0x00, 0x00, 0x00, 0x00, 0x00, 0x00, 0x00, 0x00, 0xff, 0xff, 0xff, 0xff, 0xff, 0xff, 0xff, 0xff,
    0xff, 0xff, 0xff, 0xff, 0xff, 0xff, 0xff, 0xff, 0xff, 0xff, 0xff, 0xff, 0xff, 0xff, 0xff, 0xff,
    0xff, 0xff, 0xff, 0xfd, 0xc3, 0x33, 0x00, 0x00, 0x00, 0x00, 0x00, 0x00, 0x00, 0x00, 0x00, 0x00,
    0xff, 0xff, 0xff, 0xff, 0xff, 0xff, 0xff, 0xff, 0xff, 0xff, 0xff, 0xff, 0xff, 0xff, 0xff, 0xff,
    0xff, 0xff, 0xff, 0xff, 0xff, 0xff, 0xff, 0xff, 0xff, 0xff, 0xff, 0xff, 0xff, 0xf3, 0x2c, 0x00,
    0x00, 0x00, 0x00, 0x00, 0x00, 0x00, 0x00, 0x00, 0xff, 0xff, 0xff, 0xff, 0xff, 0xff, 0xff, 0xff,
    0xff, 0xff, 0xff, 0xff, 0xff, 0xff, 0xff, 0xff, 0xff, 0xff, 0xff, 0xff, 0xff, 0xff, 0xff, 0xff,
    0xff, 0xff, 0xff, 0xff, 0xff, 0xff, 0xe4, 0x12, 0x00, 0x00, 0x00, 0x00, 0x00, 0x00, 0x00, 0x00,
    0xff, 0xff, 0xff, 0xff, 0xff, 0xff, 0xff, 0xff, 0xff, 0xff, 0xff, 0xff, 0xff, 0xff, 0xff, 0xff,
    0xff, 0xff, 0xff, 0xff, 0xff, 0xff, 0xff, 0xff, 0xff, 0xff, 0xff, 0xff, 0xff, 0xff, 0xff, 0x7a,
    0x00, 0x00, 0x00, 0x00, 0x00, 0x00, 0x00, 0x00, 0xff, 0xff, 0xff, 0xff, 0xff, 0xff, 0xff, 0xff,
    0xff, 0xff, 0xff, 0xff, 0xff, 0xff, 0xff, 0xff, 0xff, 0xff, 0xff, 0xff, 0xff, 0xff, 0xff, 0xff,
    0xff, 0xff, 0xff, 0xff, 0xff, 0xff, 0xff, 0xcc, 0x01, 0x00, 0x00, 0x00, 0x00, 0x00, 0x00, 0x00,
    0xff, 0xff, 0xff, 0xff, 0xff, 0xff, 0xff, 0xff, 0xff, 0xff, 0xff, 0xff, 0xff, 0xff, 0xff, 0xff,
    0xff, 0xff, 0xff, 0xff, 0xff, 0xff, 0xff, 0xff, 0xff, 0xff, 0xff, 0xff, 0xff, 0xff, 0xff, 0xe8,
    0x0e, 0x00, 0x00, 0x00, 0x00, 0x00, 0x00, 0x00, 0xff, 0xff, 0xff, 0xff, 0xff, 0xff, 0xff, 0xff,
    0xff, 0xff, 0xff, 0xff, 0xff, 0xff, 0xff, 0xff, 0xff, 0xff, 0xff, 0xff, 0xff, 0xff, 0xff, 0xff,
    0xff, 0xff, 0xff, 0xff, 0xff, 0xff, 0xff, 0xed, 0x12, 0x00, 0x00, 0x00, 0x00, 0x00, 0x00, 0x00,
    0xff, 0xff, 0xff, 0xff, 0xff, 0xff, 0xff, 0xff, 0xff, 0xff, 0xff, 0xff, 0xff, 0xff, 0xff, 0xff,
    0xff, 0xff, 0xff, 0xff, 0xff, 0xff, 0xff, 0xff, 0xff, 0xff, 0xff, 0xff, 0xff, 0xff, 0xff, 0xed,
    0x12, 0x00, 0x00, 0x00, 0x00, 0x00, 0x00, 0x00, 0xff, 0xff, 0xff, 0xff, 0xff, 0xff, 0xff, 0xff,
    0xff, 0xff, 0xff, 0xff, 0xff, 0xff, 0xff, 0xff, 0xff, 0xff, 0xff, 0xff, 0xff, 0xff, 0xff, 0xff,
    0xff, 0xff, 0xff, 0xff, 0xff, 0xff, 0xff, 0xe2, 0x09, 0x00, 0x00, 0x00, 0x00, 0x00, 0x00, 0x00,
    0xff, 0xff, 0xff, 0xff, 0xff, 0xff, 0xff, 0xff, 0xff, 0xff, 0xff, 0xff, 0xff, 0xff, 0xff, 0xff,
    0xff, 0xff, 0xff, 0xff, 0xff, 0xff, 0xff, 0xff, 0xff, 0xff, 0xff, 0xff, 0xff, 0xff, 0xff, 0xb3,
    0x00, 0x00, 0x00, 0x00, 0x00, 0x00, 0x00, 0x00, 0xff, 0xff, 0xff, 0xff, 0xff, 0xff, 0xff, 0xff,
    0xff, 0xff, 0xff, 0xff, 0xff, 0xff, 0xff, 0xff, 0xff, 0xff, 0xff, 0xff, 0xff, 0xff, 0xff, 0xff,
    0xff, 0xff, 0xff, 0xff, 0xff, 0xff, 0xff, 0x55, 0x00, 0x00, 0x00, 0x00, 0x00, 0x00, 0x00, 0x00,
    0xff, 0xff, 0xff, 0xff, 0xff, 0xff, 0xff, 0xff, 0xff, 0xff, 0xff, 0xff, 0xff, 0xff, 0xff, 0xff,
    0xff, 0xff, 0xff, 0xff, 0xff, 0xff, 0xff, 0xff, 0xff, 0xff, 0xff, 0xff, 0xff, 0xff, 0xb4, 0x01,
    0x00, 0x00, 0x00, 0x00, 0x00, 0x00, 0x00, 0x00, 0xff, 0xff, 0xff, 0xff, 0xff, 0xff, 0xff, 0xff,
    0xff, 0xff, 0xff, 0xff, 0xff, 0xff, 0xff, 0xff, 0xff, 0xff, 0xff, 0xff, 0xff, 0xff, 0xff, 0xff,
    0xff, 0xff, 0xff, 0xff, 0xff, 0xc3, 0x0b, 0x00, 0x00, 0x00, 0x00, 0x00, 0x00, 0x00, 0x00, 0x00,
    0xff, 0xff, 0xff, 0xff, 0xff, 0xff, 0xff, 0xff, 0xff, 0xff, 0xff, 0xff, 0xff, 0xff, 0xff, 0xff,
    0xff, 0xff, 0xff, 0xff, 0xff, 0xff, 0xff, 0xff, 0xff, 0xff, 0xfd, 0xdd, 0x7a, 0x07, 0x00, 0x00,
    0x00, 0x00, 0x00, 0x00, 0x00, 0x00, 0x00, 0x00, 0xff, 0xff, 0xff, 0xff, 0xed, 0xce, 0xfe, 0xff,
    0xff, 0xff, 0xff, 0xff, 0xff, 0xff, 0xff, 0xff, 0xff, 0xff, 0xfe, 0xce, 0xed, 0xff, 0xff, 0xff,
    0xff, 0xa2, 0x2e, 0x09, 0x00, 0x00, 0x00, 0x00, 0x00, 0x00, 0x00, 0x00, 0x00, 0x00, 0x00, 0x00,
    0xd0, 0xff, 0xff, 0x6b, 0x13, 0x03, 0x5f, 0xe9, 0xff, 0xff, 0xff, 0xff, 0xff, 0xff, 0xff, 0xff,
    0xff, 0xdf, 0x5f, 0x03, 0x13, 0x6b, 0xff, 0xff, 0xd0, 0x0d, 0x00, 0x00, 0x00, 0x00, 0x00, 0x00,
    0x00, 0x00, 0x00, 0x00, 0x00, 0x00, 0x00, 0x00, 0x22, 0xe8, 0xff, 0x5d, 0x00, 0x00, 0x1d, 0xed,
    0xff, 0xff, 0xff, 0xff, 0xff, 0xff, 0xff, 0xff, 0xa2, 0x07, 0x00, 0x00, 0x00, 0x5d, 0xff, 0xe8,
    0x22, 0x00, 0x00, 0x00, 0x00, 0x00, 0x00, 0x00, 0x00, 0x00, 0x00, 0x00, 0x00, 0x00, 0x00, 0x00,
    0x00, 0x43, 0xfa, 0x83, 0x00, 0x00, 0x00, 0x49, 0xf8, 0xff, 0xff, 0xff, 0xff, 0xfc, 0xbb, 0x67,
    0x21, 0x00, 0x00, 0x00, 0x00, 0x83, 0xfa, 0x43, 0x00, 0x00, 0x00, 0x00, 0x00, 0x00, 0x00, 0x00,
    0x00, 0x00, 0x00, 0x00, 0x00, 0x00, 0x00, 0x00, 0x00, 0x00, 0x79, 0xa5, 0x00, 0x00, 0x00, 0x00,
    0x7a, 0xff, 0xff, 0xff, 0xf5, 0x29, 0x00, 0x00, 0x00, 0x00, 0x00, 0x00, 0x00, 0xa5, 0x6c, 0x00,
    0x00, 0x00, 0x00, 0x00, 0x00, 0x00, 0x00, 0x00, 0x00, 0x00, 0x00, 0x00, 0x00, 0x00, 0x00, 0x00,
    0x00, 0x00, 0x02, 0x6b, 0x00, 0x00, 0x00, 0x00, 0x03, 0x9b, 0xff, 0xff, 0xfe, 0x2e, 0x00, 0x00,
    0x00, 0x00, 0x00, 0x00, 0x00, 0x6b, 0x02, 0x00, 0x00, 0x00, 0x00, 0x00, 0x00, 0x00, 0x00, 0x00,
    0x00, 0x00, 0x00, 0x00, 0x00, 0x00, 0x00, 0x00, 0x00, 0x00, 0x00, 0x07, 0x00, 0x00, 0x00, 0x00,
    0x00, 0x0c, 0xce, 0xff, 0xff, 0x53, 0x00, 0x00, 0x00, 0x00, 0x00, 0x00, 0x00, 0x07, 0x00, 0x00,
    0x00, 0x00, 0x00, 0x00, 0x00, 0x00, 0x00, 0x00, 0x00, 0x00, 0x00, 0x00, 0x00, 0x00, 0x00, 0x00,
    0x00, 0x00, 0x00, 0x00, 0x00, 0x00, 0x00, 0x00, 0x00, 0x00, 0x1f, 0xe7, 0xff, 0x77, 0x00, 0x00,
    0x00, 0x00, 0x00, 0x00, 0x00, 0x00, 0x00, 0x00, 0x00, 0x00, 0x00, 0x00, 0x00, 0x00, 0x00, 0x00,
    0x00, 0x00, 0x00, 0x00, 0x00, 0x00, 0x00, 0x00, 0x00, 0x00, 0x00, 0x00, 0x00, 0x00, 0x00, 0x00,
    0x00, 0x00, 0x00, 0x41, 0xf9, 0x9e, 0x00, 0x00, 0x00, 0x00, 0x00, 0x00, 0x00, 0x00, 0x00, 0x00,
    0x00, 0x00, 0x00, 0x00, 0x00, 0x00, 0x00, 0x00, 0x00, 0x00, 0x00, 0x00, 0x00, 0x00, 0x00, 0x00,
    0x00, 0x00, 0x00, 0x00, 0x00, 0x00, 0x00, 0x00, 0x00, 0x00, 0x00, 0x00, 0x76, 0xc0, 0x00, 0x00,
    0x00, 0x00, 0x00, 0x00, 0x00, 0x00, 0x00, 0x00, 0x00, 0x00, 0x00, 0x00, 0x00, 0x00, 0x00, 0x00,
    0x00, 0x00, 0x00, 0x00, 0x00, 0x00, 0x00, 0x00, 0x00, 0x00, 0x00, 0x00, 0x00, 0x00, 0x00, 0x00,
    0x00, 0x00, 0x00, 0x00, 0x02, 0x83, 0x00, 0x00, 0x00, 0x00, 0x00, 0x00, 0x00, 0x00, 0x00, 0x00,
    0x00, 0x00, 0x00, 0x00, 0x00, 0x00, 0x00, 0x00, 0x00, 0x00, 0x00, 0x00, 0x00, 0x00, 0x00, 0x00,
    0x00, 0x00, 0x00, 0x00, 0x00, 0x00, 0x00, 0x00, 0x00, 0x00, 0x00, 0x00, 0x00, 0x0e, 0x02, 0x00,
    0x00, 0x00, 0x00, 0x00, 0x00, 0x00, 0x00, 0x00, 0x00, 0x00, 0x00, 0x00, 0x00, 0x00, 0x00, 0x00,
    0x00, 0x00, 0x00, 0x00, 0x00, 0x00, 0x00, 0x00, 0x00, 0x00, 0x00, 0x00, 0x00, 0x00, 0x00, 0x00,
    0x00, 0x00, 0x00, 0x00, 0x00, 0x00, 0x00, 0x00, 0x00, 0x00, 0x00, 0x00, 0x00, 0x00, 0x00, 0x00,
    0x00, 0x00, 0x00, 0x00, 0x00, 0x00, 0x00, 0x00, 0x00, 0x00, 0x00, 0x00, 0x00, 0x00, 0x00, 0x00,
    0x00, 0x00, 0x00, 0x00, 0x00, 0x00, 0x00, 0x00, 0x00, 0x00, 0x00, 0x00, 0x00, 0x00, 0x00, 0x00,
    0x00, 0x00, 0x00, 0x00, 0x00, 0x00, 0x00, 0x00, 0x00, 0x00, 0x00, 0x00, 0x00, 0x00, 0x00, 0x00,
    0x00, 0x00, 0x00, 0x00, 0x00, 0x00, 0x00, 0x00, 0x00, 0x00, 0x00, 0x00, 0x00, 0x00, 0x00, 0x00,
    0x00, 0x00, 0x00, 0x00, 0x00, 0x00, 0x00, 0x00, 0x00, 0x00, 0x00, 0x00, 0x00, 0x00, 0x00, 0x00,
    0x00, 0x00, 0x00, 0x00, 0x00, 0x00, 0x00, 0x00, 0x00, 0x00, 0x00, 0x00, 0x00, 0x00, 0x00, 0x00,
    0x00, 0x00, 0x00, 0x00, 0x00, 0x00, 0x00, 0x00, 0x00, 0x00, 0x00, 0x00, 0x00, 0x00, 0x00, 0x00,
    0x00, 0x00, 0x00, 0x00, 0x00, 0x00, 0x00, 0x00, 0x00, 0x00, 0x00, 0x00, 0x00, 0x00, 0x00, 0x00,
    0x00, 0x00, 0x00, 0x00, 0x00, 0x00, 0x00, 0x00, 0x00, 0x00, 0x00, 0x00, 0x00, 0x00, 0x00, 0x00,
    0x00, 0x00, 0x00, 0x00, 0x00, 0x00, 0x00, 0x00, 0x00, 0x00, 0x00, 0x00, 0x00, 0x00, 0x00, 0x00,
    0x00, 0x00, 0x00, 0x00, 0x00, 0x00, 0x00, 0x00, 0x00, 0x00, 0x00, 0x00, 0x00, 0x00, 0x00, 0x00,
    0x00, 0x00, 0x00, 0x00, 0x00, 0x00, 0x00, 0x00, 0x00, 0x00, 0x00, 0x00, 0x00, 0x00, 0x00, 0x00,
    0x00, 0x00, 0x00, 0x00, 0x00, 0x00, 0x00, 0x00, 0x00, 0x00, 0x00, 0x00, 0x00, 0x00, 0x00, 0x00,
    0x00, 0x00, 0x00, 0x00, 0x00, 0x00, 0x00, 0x00, 0x00, 0x00, 0x00, 0x00, 0x00, 0x00, 0x00, 0x00,
    0x00, 0x00, 0x00, 0x00, 0x00, 0x00, 0x00, 0x00, 0x00, 0x00, 0x00, 0x00, 0x00, 0x00, 0x00, 0x00,
    0x00, 0x00, 0x00, 0x00, 0x00, 0x00, 0x00, 0x00, 0x00, 0x00, 0x00, 0x00, 0x00, 0x00, 0x00, 0x00,
    0x00, 0x00, 0x00, 0x00, 0x00, 0x00, 0x00, 0x00, 0x00, 0x00, 0x00, 0x00, 0x00, 0x00, 0x00, 0x00,
    0x00, 0x00, 0x00, 0x00, 0x00, 0x00, 0x00, 0x00, 0x00, 0x00, 0x00, 0x00, 0x00, 0x00, 0x00, 0x00,
    0x00, 0x00, 0x00, 0x00, 0x00, 0x00, 0x00, 0x00, 0x00, 0x00, 0x00, 0x00, 0x00, 0x00, 0x00, 0x00,
    0x00, 0x00, 0x00, 0x00, 0x00, 0x00, 0x00, 0x00, 0x00, 0x00, 0x00, 0x00, 0x00, 0x00, 0x00, 0x00,
    0x00, 0x00, 0x00, 0x00, 0x00, 0x00, 0x00, 0x00, 0x00, 0x00, 0x00, 0x00, 0x00, 0x00, 0x00, 0x00,
    0x00, 0x00, 0x00, 0x00, 0x00, 0x00, 0x00, 0x00, 0x00, 0x00, 0x00, 0x00, 0x00, 0x00, 0x00, 0x00,
    0x00, 0x00, 0x00, 0x00, 0x00, 0x00, 0x00, 0x00, 0x00, 0x00, 0x00, 0x00, 0x00, 0x00, 0x00, 0x00,
    0x00, 0x00, 0x00, 0x00, 0x00, 0x00, 0x00, 0x00, 0x00, 0x00, 0x00, 0x00, 0x00, 0x00, 0x00, 0x00,
    0x00, 0x00, 0x00, 0x00, 0x00, 0x00, 0x00, 0x00, 0x00, 0x00, 0x00, 0x00, 0x00, 0x00, 0x00, 0x00,
    0x00, 0x00, 0x00, 0x00, 0x00, 0x00, 0x00, 0x00, 0x00, 0x00, 0x00, 0x00, 0x00, 0x00, 0x00, 0x00,
};
#else
/* RGB565A8 - 16-bit color with separate 8-bit alpha channel (swapped byte order) */

static const LV_ATTRIBUTE_MEM_ALIGN LV_ATTRIBUTE_LARGE_CONST LV_ATTRIBUTE_IMG_THUNDER uint8_t thunder_rgb565a8_swap_map[] = {
    /* RGB565 color data (3200 bytes, byte-swapped) */
    0x00, 0x00, 0x00, 0x00, 0x00, 0x00, 0xb6, 0x59, 0xbe, 0x3a, 0xce, 0xbb, 0xd6, 0xfc, 0xd6, 0xfc,
    0xd6, 0xfc, 0xd6, 0xfc, 0xd6, 0xfc, 0xd6, 0xfc, 0xd6, 0xfc, 0xd6, 0xfc, 0xd6, 0xfc, 0xd6, 0xfc,
    0xd6, 0xfc, 0xd6, 0xfc, 0xd6, 0xfc, 0xce, 0xbb, 0xbe, 0x3a, 0xb6, 0x59, 0x00, 0x00, 0x00, 0x00,
    0x00, 0x00, 0x00, 0x00, 0x00, 0x00, 0x00, 0x00, 0x00, 0x00, 0x00, 0x00, 0x00, 0x00, 0x00, 0x00,
    0x00, 0x00, 0x00, 0x00, 0x00, 0x00, 0x00, 0x00, 0x00, 0x00, 0x00, 0x00, 0x00, 0x00, 0x00, 0x00,
    0x00, 0x00, 0x00, 0x00, 0x87, 0xff, 0xbe, 0x5a, 0xce, 0xbb, 0xd6, 0xfc, 0xd6, 0xfc, 0xd6, 0xfc,
    0xd6, 0xfc, 0xd6, 0xfc, 0xd6, 0xfc, 0xd6, 0xfc, 0xd6, 0xfc, 0xd6, 0xfc, 0xd6, 0xfc, 0xd6, 0xfc,
    0xd6, 0xfc, 0xd6, 0xfc, 0xd6, 0xfc, 0xd6, 0xfc, 0xce, 0xbb, 0xbe, 0x5a, 0x87, 0xff, 0x00, 0x00,
    0x00, 0x00, 0x00, 0x00, 0x00, 0x00, 0x00, 0x00, 0x00, 0x00, 0x00, 0x00, 0x00, 0x00, 0x00, 0x00,
    0x00, 0x00, 0x00, 0x00, 0x00, 0x00, 0x00, 0x00, 0x00, 0x00, 0x00, 0x00, 0x00, 0x00, 0x00, 0x00,
    0xbe, 0x3a, 0xbe, 0x3a, 0xbe, 0x3a, 0xce, 0xbb, 0xd6, 0xfc, 0xd6, 0xfc, 0xd6, 0xfc, 0xd6, 0xfc,
    0xd6, 0xfc, 0xd6, 0xfc, 0xd6, 0xfc, 0xd6, 0xfc, 0xd6, 0xfc, 0xd6, 0xfc, 0xd6, 0xfc, 0xd6, 0xfc,
    0xd6, 0xfc, 0xd6, 0xfc, 0xd6, 0xfc, 0xd6, 0xfc, 0xd6, 0xfc, 0xce, 0xbb, 0xbe, 0x3a, 0xbe, 0x3a,
    0xbe, 0x3a, 0xbe, 0x3a, 0xbe, 0x3a, 0xbe, 0x3a, 0xce, 0x79, 0x00, 0x00, 0x00, 0x00, 0x00, 0x00,
    0x00, 0x00, 0x00, 0x00, 0x00, 0x00, 0x00, 0x00, 0x00, 0x00, 0x00, 0x00, 0x00, 0x00, 0x00, 0x00,
    0xce, 0xbb, 0xc6, 0x9b, 0xc6, 0x7a, 0xd6, 0xfc, 0xd6, 0xfc, 0xd6, 0xfc, 0xd6, 0xfc, 0xd6, 0xfc,
    0xd6, 0xfc, 0xce, 0xdb, 0xc6, 0x9b, 0xc6, 0x5a, 0xc6, 0x5a, 0xc6, 0x7a, 0xc6, 0x9b, 0xce, 0xdb,
    0xd6, 0xfc, 0xd6, 0xfc, 0xd6, 0xfc, 0xd6, 0xfc, 0xd6, 0xfc, 0xd6, 0xfc, 0xc6, 0x7a, 0xc6, 0x9b,
    0xce, 0xbb, 0xce, 0xbb, 0xce, 0x9b, 0xc6, 0x5a, 0xbe, 0x3a, 0xbe, 0x5a, 0x00, 0x00, 0x00, 0x00,
    0x00, 0x00, 0x00, 0x00, 0x00, 0x00, 0x00, 0x00, 0x00, 0x00, 0x00, 0x00, 0x00, 0x00, 0x00, 0x00,
    0xd6, 0xfc, 0xd6, 0xfc, 0xd6, 0xfc, 0xd6, 0xfc, 0xd6, 0xfc, 0xd6, 0xfc, 0xd6, 0xfc, 0xd6, 0xfc,
    0xc6, 0x9b, 0xbe, 0x3a, 0xc6, 0x7b, 0xce, 0x9b, 0xce, 0xbb, 0xce, 0x9b, 0xc6, 0x7a, 0xbe, 0x3a,
    0xce, 0x9b, 0xd6, 0xfc, 0xd6, 0xfc, 0xd6, 0xfc, 0xd6, 0xfc, 0xd6, 0xfc, 0xd6, 0xfc, 0xd6, 0xfc,
    0xd6, 0xfc, 0xd6, 0xfc, 0xd6, 0xfc, 0xd6, 0xfc, 0xce, 0xbb, 0xc6, 0x5a, 0xbe, 0x3a, 0x00, 0x00,
    0x00, 0x00, 0x00, 0x00, 0x00, 0x00, 0x00, 0x00, 0x00, 0x00, 0x00, 0x00, 0x00, 0x00, 0x00, 0x00,
    0xd6, 0xfc, 0xd6, 0xfc, 0xd6, 0xfc, 0xd6, 0xfc, 0xd6, 0xfc, 0xd6, 0xfc, 0xd6, 0xfc, 0xc6, 0x7a,
    0xc6, 0x9b, 0xd6, 0xfc, 0xd6, 0xfc, 0xd6, 0xfc, 0xd6, 0xfc, 0xd6, 0xfc, 0xd6, 0xfc, 0xd6, 0xfc,
    0xc6, 0x7b, 0xc6, 0x7b, 0xd6, 0xfc, 0xd6, 0xfc, 0xd6, 0xfc, 0xd6, 0xfc, 0xd6, 0xfc, 0xd6, 0xfc,
    0xd6, 0xfc, 0xd6, 0xfc, 0xd6, 0xfc, 0xd6, 0xfc, 0xd6, 0xfc, 0xd6, 0xfc, 0xc6, 0x5a, 0xbe, 0x3a,
    0x00, 0x00, 0x00, 0x00, 0x00, 0x00, 0x00, 0x00, 0x00, 0x00, 0x00, 0x00, 0x00, 0x00, 0x00, 0x00,
    0xd6, 0xfc, 0xd6, 0xfc, 0xd6, 0xfc, 0xce, 0xdb, 0xce, 0xbb, 0xce, 0xbb, 0xce, 0x9b, 0xce, 0x9b,
    0xd6, 0xfc, 0xd6, 0xfc, 0xd6, 0xfc, 0xd6, 0xfc, 0xd6, 0xfc, 0xd6, 0xfc, 0xd6, 0xfc, 0xd6, 0xfc,
    0xd6, 0xfc, 0xc6, 0x9b, 0xce, 0xbb, 0xce, 0xbb, 0xce, 0xbb, 0xce, 0xdb, 0xd6, 0xfc, 0xd6, 0xfc,
    0xd6, 0xfc, 0xd6, 0xfc, 0xd6, 0xfc, 0xd6, 0xfc, 0xd6, 0xfc, 0xd6, 0xfc, 0xce, 0xdb, 0xc6, 0x5a,
    0x00, 0x00, 0x00, 0x00, 0x00, 0x00, 0x00, 0x00, 0x00, 0x00, 0x00, 0x00, 0x00, 0x00, 0x00, 0x00,
    0xd6, 0xfc, 0xd6, 0xdc, 0xc6, 0x5a, 0xc6, 0x5a, 0xc6, 0x5a, 0xc6, 0x5a, 0xc6, 0x7a, 0xd6, 0xfc,
    0xd6, 0xfc, 0xd6, 0xfc, 0xd6, 0xfc, 0xd6, 0xfc, 0xd6, 0xfc, 0xd6, 0xfc, 0xd6, 0xfc, 0xd6, 0xfc,
    0xd6, 0xfc, 0xd6, 0xfc, 0xc6, 0x7a, 0xc6, 0x5a, 0xc6, 0x5a, 0xc6, 0x5a, 0xc6, 0x7a, 0xd6, 0xdc,
    0xd6, 0xfc, 0xd6, 0xfc, 0xd6, 0xfc, 0xd6, 0xfc, 0xd6, 0xfc, 0xd6, 0xfc, 0xd6, 0xfc, 0xce, 0x9b,
    0xff, 0xff, 0x00, 0x00, 0x00, 0x00, 0x00, 0x00, 0x00, 0x00, 0x00, 0x00, 0x00, 0x00, 0x00, 0x00,
    0xd6, 0xfc, 0xc6, 0x7a, 0xce, 0xbb, 0xd6, 0xfc, 0xd6, 0xfc, 0xd6, 0xfc, 0xd6, 0xfc, 0xd6, 0xfc,
    0xd6, 0xfc, 0xd6, 0xfc, 0xd6, 0xfc, 0xd6, 0xfc, 0xd6, 0xfc, 0xd6, 0xfc, 0xd6, 0xfc, 0xd6, 0xfc,
    0xd6, 0xfc, 0xd6, 0xfc, 0xd6, 0xfc, 0xd6, 0xfc, 0xd6, 0xfc, 0xd6, 0xfc, 0xce, 0x9b, 0xc6, 0x7a,
    0xd6, 0xfc, 0xd6, 0xfc, 0xd6, 0xfc, 0xd6, 0xfc, 0xd6, 0xfc, 0xd6, 0xfc, 0xd6, 0xfc, 0xd6, 0xdc,
    0xb6, 0x5b, 0x00, 0x00, 0x00, 0x00, 0x00, 0x00, 0x00, 0x00, 0x00, 0x00, 0x00, 0x00, 0x00, 0x00,
    0xce, 0xbb, 0xce, 0xbb, 0xd6, 0xfc, 0xd6, 0xfc, 0xd6, 0xfc, 0xd6, 0xfc, 0xd6, 0xfc, 0xd6, 0xfc,
    0xd6, 0xfc, 0xd6, 0xfc, 0xd6, 0xfc, 0xd6, 0xfc, 0xd6, 0xfc, 0xd6, 0xfc, 0xd6, 0xfc, 0xd6, 0xfc,
    0xd6, 0xfc, 0xd6, 0xfc, 0xd6, 0xfc, 0xd6, 0xfc, 0xd6, 0xfc, 0xd6, 0xfc, 0xd6, 0xfc, 0xce, 0xbb,
    0xce, 0xbb, 0xd6, 0xfc, 0xd6, 0xfc, 0xd6, 0xfc, 0xd6, 0xfc, 0xd6, 0xfc, 0xd6, 0xfc, 0xd6, 0xfc,
    0xc6, 0xbc, 0x00, 0x00, 0x00, 0x00, 0x00, 0x00, 0x00, 0x00, 0x00, 0x00, 0x00, 0x00, 0x00, 0x00,
    0xce, 0xbb, 0xd6, 0xfc, 0xd6, 0xfc, 0xd6, 0xfc, 0xd6, 0xfc, 0xd6, 0xfc, 0xd6, 0xfc, 0xd6, 0xfc,
    0xd6, 0xfc, 0xd6, 0xfc, 0xd6, 0xfc, 0xd6, 0xfc, 0xd6, 0xfc, 0xd6, 0xfc, 0xd6, 0xfc, 0xd6, 0xfc,
    0xd6, 0xfc, 0xd6, 0xfc, 0xd6, 0xfc, 0xd6, 0xfc, 0xd6, 0xfc, 0xd6, 0xfc, 0xd6, 0xfc, 0xd6, 0xfc,
    0xce, 0xbb, 0xd6, 0xfc, 0xd6, 0xfc, 0xd6, 0xfc, 0xd6, 0xfc, 0xd6, 0xfc, 0xd6, 0xfc, 0xd6, 0xfc,
    0xd7, 0x1c, 0x00, 0x00, 0x00, 0x00, 0x00, 0x00, 0x00, 0x00, 0x00, 0x00, 0x00, 0x00, 0x00, 0x00,
    0xd6, 0xfc, 0xd6, 0xfc, 0xd6, 0xfc, 0xd6, 0xfc, 0xd6, 0xfc, 0xd6, 0xfc, 0xd6, 0xfc, 0xd6, 0xfc,
    0xd6, 0xfc, 0xd6, 0xfc, 0xd6, 0xfc, 0xd6, 0xfc, 0xd6, 0xfc, 0xd6, 0xfc, 0xd6, 0xfc, 0xd6, 0xfc,
    0xd6, 0xfc, 0xd6, 0xfc, 0xd6, 0xfc, 0xd6, 0xfc, 0xd6, 0xfc, 0xd6, 0xfc, 0xd6, 0xfc, 0xd6, 0xfc,
    0xd6, 0xfc, 0xd6, 0xfc, 0xd6, 0xfc, 0xd6, 0xfc, 0xd6, 0xfc, 0xd6, 0xfc, 0xd6, 0xfc, 0xd6, 0xfc,
    0xe7, 0x1c, 0x00, 0x00, 0x00, 0x00, 0x00, 0x00, 0x00, 0x00, 0x00, 0x00, 0x00, 0x00, 0x00, 0x00,
    0xd6, 0xfc, 0xd6, 0xfc, 0xd6, 0xfc, 0xd6, 0xfc, 0xd6, 0xfc, 0xd6, 0xfc, 0xd6, 0xfc, 0xd6, 0xfc,
    0xd6, 0xfc, 0xd6, 0xfc, 0xd6, 0xfc, 0xd6, 0xfc, 0xd6, 0xfc, 0xd6, 0xfc, 0xd6, 0xfc, 0xd6, 0xfc,
    0xd6, 0xfc, 0xd6, 0xfc, 0xd6, 0xfc, 0xd6, 0xfc, 0xd6, 0xfc, 0xd6, 0xfc, 0xd6, 0xfc, 0xd6, 0xfc,
    0xd6, 0xfc, 0xd6, 0xfc, 0xd6, 0xfc, 0xd6, 0xfc, 0xd6, 0xfc, 0xd6, 0xfc, 0xd6, 0xfc, 0xd6, 0xfc,
    0x00, 0x00, 0x00, 0x00, 0x00, 0x00, 0x00, 0x00, 0x00, 0x00, 0x00, 0x00, 0x00, 0x00, 0x00, 0x00,
    0xd6, 0xfc, 0xd6, 0xfc, 0xd6, 0xfc, 0xd6, 0xfc, 0xd6, 0xfc, 0xd6, 0xfc, 0xd6, 0xfc, 0xd6, 0xfc,
    0xd6, 0xfc, 0xd6, 0xfc, 0xd6, 0xfc, 0xd6, 0xfc, 0xd6, 0xfc, 0xd6, 0xfc, 0xd6, 0xfc, 0xd6, 0xfc,
    0xd6, 0xfc, 0xd6, 0xfc, 0xd6, 0xfc, 0xd6, 0xfc, 0xd6, 0xfc, 0xd6, 0xfc, 0xd6, 0xfc, 0xd6, 0xfc,
    0xd6, 0xfc, 0xd6, 0xfc, 0xd6, 0xfc, 0xd6, 0xfc, 0xd6, 0xfc, 0xd6, 0xfc, 0xd6, 0xfc, 0xd6, 0xfc,
    0x00, 0x00, 0x00, 0x00, 0x00, 0x00, 0x00, 0x00, 0x00, 0x00, 0x00, 0x00, 0x00, 0x00, 0x00, 0x00,
    0xd6, 0xfc, 0xd6, 0xfc, 0xd6, 0xfc, 0xd6, 0xfc, 0xd6, 0xfc, 0xd6, 0xfc, 0xd6, 0xfc, 0xd6, 0xfc,
    0xd6, 0xfc, 0xd6, 0xfc, 0xd6, 0xfc, 0xd6, 0xfc, 0xd6, 0xfc, 0xd6, 0xfc, 0xd6, 0xfc, 0xd6, 0xfc,
    0xd6, 0xfc, 0xd6, 0xfc, 0xd6, 0xfc, 0xd6, 0xfc, 0xd6, 0xfc, 0xd6, 0xfc, 0xd6, 0xfc, 0xd6, 0xfc,
    0xd6, 0xfc, 0xd6, 0xfc, 0xd6, 0xfc, 0xd6, 0xfc, 0xd6, 0xfc, 0xd6, 0xfc, 0xd6, 0xfc, 0xff, 0xff,
    0x00, 0x00, 0x00, 0x00, 0x00, 0x00, 0x00, 0x00, 0x00, 0x00, 0x00, 0x00, 0x00, 0x00, 0x00, 0x00,
    0xd6, 0xfc, 0xd6, 0xfc, 0xd6, 0xfc, 0xd6, 0xfc, 0xd6, 0xfc, 0xd6, 0xfc, 0xd6, 0xfc, 0xd6, 0xfc,
    0xd6, 0xfc, 0xd6, 0xfc, 0xd6, 0xfc, 0xd6, 0xfc, 0xd6, 0xfc, 0xd6, 0xfc, 0xd6, 0xfc, 0xd6, 0xfc,
    0xd6, 0xfc, 0xd6, 0xfc, 0xd6, 0xfc, 0xd6, 0xfc, 0xd6, 0xfc, 0xd6, 0xfc, 0xd6, 0xfc, 0xd6, 0xfc,
    0xd6, 0xfc, 0xd6, 0xfc, 0xd6, 0xfc, 0xd6, 0xfc, 0xd6, 0xfc, 0xd6, 0xfc, 0xd7, 0x5d, 0x00, 0x00,
    0x00, 0x00, 0x00, 0x00, 0x00, 0x00, 0x00, 0x00, 0x00, 0x00, 0x00, 0x00, 0x00, 0x00, 0x00, 0x00,
    0xd6, 0xfc, 0xd6, 0xfb, 0xde, 0xd7, 0xee, 0xac, 0xe6, 0xd3, 0xd6, 0xfc, 0xd6, 0xfc, 0xd6, 0xfc,
    0xd6, 0xfc, 0xd6, 0xfc, 0xd6, 0xfc, 0xd6, 0xfc, 0xd6, 0xfc, 0xd6, 0xfc, 0xd6, 0xfc, 0xd6, 0xfc,
    0xd6, 0xfc, 0xd6, 0xfc, 0xd6, 0xfc, 0xd6, 0xfc, 0xe6, 0xd3, 0xee, 0xac, 0xde, 0xd8, 0xd6, 0xfb,
    0xd6, 0xfc, 0xd6, 0xfc, 0xd6, 0xfc, 0xd6, 0xfc, 0xd6, 0xfc, 0xde, 0xdb, 0x00, 0x00, 0x00, 0x00,
    0x00, 0x00, 0x00, 0x00, 0x00, 0x00, 0x00, 0x00, 0x00, 0x00, 0x00, 0x00, 0x00, 0x00, 0x00, 0x00,
    0xee, 0x6a, 0xf6, 0x46, 0xfe, 0x23, 0xfe, 0x22, 0xf6, 0x43, 0xde, 0xd6, 0xd6, 0xfc, 0xd6, 0xfc,
    0xd6, 0xfc, 0xd6, 0xfc, 0xd6, 0xfc, 0xd6, 0xfc, 0xd6, 0xfc, 0xd6, 0xfc, 0xd6, 0xfc, 0xd6, 0xfc,
    0xd6, 0xfc, 0xd6, 0xfc, 0xd6, 0xfc, 0xde, 0xd6, 0xf6, 0x43, 0xfe, 0x22, 0xfe, 0x23, 0xf6, 0x46,
    0xee, 0x6a, 0xe6, 0x8e, 0xd6, 0xfc, 0xc7, 0x1c, 0x00, 0x00, 0x00, 0x00, 0x00, 0x00, 0x00, 0x00,
    0x00, 0x00, 0x00, 0x00, 0x00, 0x00, 0x00, 0x00, 0x00, 0x00, 0x00, 0x00, 0x00, 0x00, 0x00, 0x00,
    0xf5, 0xe3, 0xf5, 0xe3, 0xf5, 0xe3, 0xf5, 0xe3, 0xf5, 0xe3, 0xaf, 0xff, 0xd6, 0xfc, 0xd6, 0xfb,
    0xd6, 0xfc, 0xd6, 0xfc, 0xd6, 0xfc, 0xd6, 0xfc, 0xd6, 0xfc, 0xd6, 0xfc, 0xd6, 0xfc, 0xd6, 0xfc,
    0xd6, 0xfc, 0xd6, 0xfc, 0xd6, 0xfc, 0xaf, 0xff, 0xf5, 0xe3, 0xf5, 0xe3, 0xf5, 0xe3, 0xf5, 0xe3,
    0xf5, 0xe3, 0xfe, 0x22, 0x00, 0x00, 0x00, 0x00, 0x00, 0x00, 0x00, 0x00, 0x00, 0x00, 0x00, 0x00,
    0x00, 0x00, 0x00, 0x00, 0x00, 0x00, 0x00, 0x00, 0x00, 0x00, 0x00, 0x00, 0x00, 0x00, 0x00, 0x00,
    0xf5, 0xa3, 0xf5, 0x83, 0xf5, 0x83, 0xf5, 0x63, 0x00, 0x00, 0x00, 0x00, 0xfe, 0x42, 0xfe, 0x43,
    0xee, 0x8d, 0xde, 0xd6, 0xd6, 0xfb, 0xd6, 0xfc, 0xd6, 0xfc, 0xd6, 0xfc, 0xd6, 0xfb, 0xde, 0xd6,
    0xe6, 0xd4, 0xde, 0xdb, 0x00, 0x00, 0x00, 0x00, 0x00, 0x00, 0xf5, 0x63, 0xf5, 0x83, 0xf5, 0x83,
    0xf5, 0xa3, 0x00, 0x00, 0x00, 0x00, 0x00, 0x00, 0x00, 0x00, 0x00, 0x00, 0x00, 0x00, 0x00, 0x00,
    0x00, 0x00, 0x00, 0x00, 0x00, 0x00, 0x00, 0x00, 0x00, 0x00, 0x00, 0x00, 0x00, 0x00, 0x00, 0x00,
    0x00, 0x00, 0xf5, 0x23, 0xed, 0x04, 0xed, 0x04, 0x00, 0x00, 0x00, 0x00, 0x00, 0x00, 0xfe, 0x22,
    0xfe, 0x02, 0xfe, 0x02, 0xf6, 0x03, 0xf6, 0x25, 0xf6, 0x26, 0xf6, 0x25, 0xf6, 0x23, 0xfe, 0x22,
    0xf6, 0x42, 0x00, 0x00, 0x00, 0x00, 0x00, 0x00, 0x00, 0x00, 0xed, 0x04, 0xed, 0x04, 0xf5, 0x23,
    0x00, 0x00, 0x00, 0x00, 0x00, 0x00, 0x00, 0x00, 0x00, 0x00, 0x00, 0x00, 0x00, 0x00, 0x00, 0x00,
    0x00, 0x00, 0x00, 0x00, 0x00, 0x00, 0x00, 0x00, 0x00, 0x00, 0x00, 0x00, 0x00, 0x00, 0x00, 0x00,
    0x00, 0x00, 0x00, 0x00, 0xec, 0xa4, 0xec, 0x84, 0x00, 0x00, 0x00, 0x00, 0x00, 0x00, 0x00, 0x00,
    0xf5, 0xe3, 0xf5, 0xe3, 0xf5, 0xe3, 0xf5, 0xe3, 0xf5, 0xe3, 0xf5, 0xc3, 0x00, 0x00, 0x00, 0x00,
    0x00, 0x00, 0x00, 0x00, 0x00, 0x00, 0x00, 0x00, 0x00, 0x00, 0xec, 0x84, 0xec, 0x84, 0x00, 0x00,
    0x00, 0x00, 0x00, 0x00, 0x00, 0x00, 0x00, 0x00, 0x00, 0x00, 0x00, 0x00, 0x00, 0x00, 0x00, 0x00,
    0x00, 0x00, 0x00, 0x00, 0x00, 0x00, 0x00, 0x00, 0x00, 0x00, 0x00, 0x00, 0x00, 0x00, 0x00, 0x00,
    0x00, 0x00, 0x00, 0x00, 0xfc, 0x00, 0xe4, 0x04, 0x00, 0x00, 0x00, 0x00, 0x00, 0x00, 0x00, 0x00,
    0xfd, 0x40, 0xf5, 0x83, 0xf5, 0x83, 0xf5, 0x83, 0xf5, 0x83, 0xf5, 0x83, 0x00, 0x00, 0x00, 0x00,
    0x00, 0x00, 0x00, 0x00, 0x00, 0x00, 0x00, 0x00, 0x00, 0x00, 0xe4, 0x04, 0xfc, 0x00, 0x00, 0x00,
    0x00, 0x00, 0x00, 0x00, 0x00, 0x00, 0x00, 0x00, 0x00, 0x00, 0x00, 0x00, 0x00, 0x00, 0x00, 0x00,
    0x00, 0x00, 0x00, 0x00, 0x00, 0x00, 0x00, 0x00, 0x00, 0x00, 0x00, 0x00, 0x00, 0x00, 0x00, 0x00,
    0x00, 0x00, 0x00, 0x00, 0x00, 0x00, 0xdb, 0x64, 0x00, 0x00, 0x00, 0x00, 0x00, 0x00, 0x00, 0x00,
    0x00, 0x00, 0xed, 0x42, 0xed, 0x43, 0xed, 0x43, 0xed, 0x43, 0xf5, 0x43, 0x00, 0x00, 0x00, 0x00,
    0x00, 0x00, 0x00, 0x00, 0x00, 0x00, 0x00, 0x00, 0x00, 0x00, 0xdb, 0x64, 0x00, 0x00, 0x00, 0x00,
    0x00, 0x00, 0x00, 0x00, 0x00, 0x00, 0x00, 0x00, 0x00, 0x00, 0x00, 0x00, 0x00, 0x00, 0x00, 0x00,
    0x00, 0x00, 0x00, 0x00, 0x00, 0x00, 0x00, 0x00, 0x00, 0x00, 0x00, 0x00, 0x00, 0x00, 0x00, 0x00,
    0x00, 0x00, 0x00, 0x00, 0x00, 0x00, 0x00, 0x00, 0x00, 0x00, 0x00, 0x00, 0x00, 0x00, 0x00, 0x00,
    0x00, 0x00, 0x00, 0x00, 0xed, 0x24, 0xed, 0x04, 0xec, 0xe4, 0xec, 0xe4, 0x00, 0x00, 0x00, 0x00,
    0x00, 0x00, 0x00, 0x00, 0x00, 0x00, 0x00, 0x00, 0x00, 0x00, 0x00, 0x00, 0x00, 0x00, 0x00, 0x00,
    0x00, 0x00, 0x00, 0x00, 0x00, 0x00, 0x00, 0x00, 0x00, 0x00, 0x00, 0x00, 0x00, 0x00, 0x00, 0x00,
    0x00, 0x00, 0x00, 0x00, 0x00, 0x00, 0x00, 0x00, 0x00, 0x00, 0x00, 0x00, 0x00, 0x00, 0x00, 0x00,
    0x00, 0x00, 0x00, 0x00, 0x00, 0x00, 0x00, 0x00, 0x00, 0x00, 0x00, 0x00, 0x00, 0x00, 0x00, 0x00,
    0x00, 0x00, 0x00, 0x00, 0x00, 0x00, 0xec, 0xa4, 0xec, 0x84, 0xec, 0x84, 0x00, 0x00, 0x00, 0x00,
    0x00, 0x00, 0x00, 0x00, 0x00, 0x00, 0x00, 0x00, 0x00, 0x00, 0x00, 0x00, 0x00, 0x00, 0x00, 0x00,
    0x00, 0x00, 0x00, 0x00, 0x00, 0x00, 0x00, 0x00, 0x00, 0x00, 0x00, 0x00, 0x00, 0x00, 0x00, 0x00,
    0x00, 0x00, 0x00, 0x00, 0x00, 0x00, 0x00, 0x00, 0x00, 0x00, 0x00, 0x00, 0x00, 0x00, 0x00, 0x00,
    0x00, 0x00, 0x00, 0x00, 0x00, 0x00, 0x00, 0x00, 0x00, 0x00, 0x00, 0x00, 0x00, 0x00, 0x00, 0x00,
    0x00, 0x00, 0x00, 0x00, 0x00, 0x00, 0x00, 0x00, 0xe4, 0x44, 0xe4, 0x24, 0x00, 0x00, 0x00, 0x00,
    0x00, 0x00, 0x00, 0x00, 0x00, 0x00, 0x00, 0x00, 0x00, 0x00, 0x00, 0x00, 0x00, 0x00, 0x00, 0x00,
    0x00, 0x00, 0x00, 0x00, 0x00, 0x00, 0x00, 0x00, 0x00, 0x00, 0x00, 0x00, 0x00, 0x00, 0x00, 0x00,
    0x00, 0x00, 0x00, 0x00, 0x00, 0x00, 0x00, 0x00, 0x00, 0x00, 0x00, 0x00, 0x00, 0x00, 0x00, 0x00,
    0x00, 0x00, 0x00, 0x00, 0x00, 0x00, 0x00, 0x00, 0x00, 0x00, 0x00, 0x00, 0x00, 0x00, 0x00, 0x00,
    0x00, 0x00, 0x00, 0x00, 0x00, 0x00, 0x00, 0x00, 0xfc, 0x00, 0xe3, 0xe4, 0x00, 0x00, 0x00, 0x00,
    0x00, 0x00, 0x00, 0x00, 0x00, 0x00, 0x00, 0x00, 0x00, 0x00, 0x00, 0x00, 0x00, 0x00, 0x00, 0x00,
    0x00, 0x00, 0x00, 0x00, 0x00, 0x00, 0x00, 0x00, 0x00, 0x00, 0x00, 0x00, 0x00, 0x00, 0x00, 0x00,
    0x00, 0x00, 0x00, 0x00, 0x00, 0x00, 0x00, 0x00, 0x00, 0x00, 0x00, 0x00, 0x00, 0x00, 0x00, 0x00,
    0x00, 0x00, 0x00, 0x00, 0x00, 0x00, 0x00, 0x00, 0x00, 0x00, 0x00, 0x00, 0x00, 0x00, 0x00, 0x00,
    0x00, 0x00, 0x00, 0x00, 0x00, 0x00, 0x00, 0x00, 0x00, 0x00, 0xdb, 0x64, 0xfc, 0x00, 0x00, 0x00,
    0x00, 0x00, 0x00, 0x00, 0x00, 0x00, 0x00, 0x00, 0x00, 0x00, 0x00, 0x00, 0x00, 0x00, 0x00, 0x00,
    0x00, 0x00, 0x00, 0x00, 0x00, 0x00, 0x00, 0x00, 0x00, 0x00, 0x00, 0x00, 0x00, 0x00, 0x00, 0x00,
    0x00, 0x00, 0x00, 0x00, 0x00, 0x00, 0x00, 0x00, 0x00, 0x00, 0x00, 0x00, 0x00, 0x00, 0x00, 0x00,
    0x00, 0x00, 0x00, 0x00, 0x00, 0x00, 0x00, 0x00, 0x00, 0x00, 0x00, 0x00, 0x00, 0x00, 0x00, 0x00,
    0x00, 0x00, 0x00, 0x00, 0x00, 0x00, 0x00, 0x00, 0x00, 0x00, 0x00, 0x00, 0x00, 0x00, 0x00, 0x00,
    0x00, 0x00, 0x00, 0x00, 0x00, 0x00, 0x00, 0x00, 0x00, 0x00, 0x00, 0x00, 0x00, 0x00, 0x00, 0x00,
    0x00, 0x00, 0x00, 0x00, 0x00, 0x00, 0x00, 0x00, 0x00, 0x00, 0x00, 0x00, 0x00, 0x00, 0x00, 0x00,
    0x00, 0x00, 0x00, 0x00, 0x00, 0x00, 0x00, 0x00, 0x00, 0x00, 0x00, 0x00, 0x00, 0x00, 0x00, 0x00,
    0x00, 0x00, 0x00, 0x00, 0x00, 0x00, 0x00, 0x00, 0x00, 0x00, 0x00, 0x00, 0x00, 0x00, 0x00, 0x00,
    0x00, 0x00, 0x00, 0x00, 0x00, 0x00, 0x00, 0x00, 0x00, 0x00, 0x00, 0x00, 0x00, 0x00, 0x00, 0x00,
    0x00, 0x00, 0x00, 0x00, 0x00, 0x00, 0x00, 0x00, 0x00, 0x00, 0x00, 0x00, 0x00, 0x00, 0x00, 0x00,
    0x00, 0x00, 0x00, 0x00, 0x00, 0x00, 0x00, 0x00, 0x00, 0x00, 0x00, 0x00, 0x00, 0x00, 0x00, 0x00,
    0x00, 0x00, 0x00, 0x00, 0x00, 0x00, 0x00, 0x00, 0x00, 0x00, 0x00, 0x00, 0x00, 0x00, 0x00, 0x00,
    0x00, 0x00, 0x00, 0x00, 0x00, 0x00, 0x00, 0x00, 0x00, 0x00, 0x00, 0x00, 0x00, 0x00, 0x00, 0x00,
    0x00, 0x00, 0x00, 0x00, 0x00, 0x00, 0x00, 0x00, 0x00, 0x00, 0x00, 0x00, 0x00, 0x00, 0x00, 0x00,
    0x00, 0x00, 0x00, 0x00, 0x00, 0x00, 0x00, 0x00, 0x00, 0x00, 0x00, 0x00, 0x00, 0x00, 0x00, 0x00,
    0x00, 0x00, 0x00, 0x00, 0x00, 0x00, 0x00, 0x00, 0x00, 0x00, 0x00, 0x00, 0x00, 0x00, 0x00, 0x00,
    0x00, 0x00, 0x00, 0x00, 0x00, 0x00, 0x00, 0x00, 0x00, 0x00, 0x00, 0x00, 0x00, 0x00, 0x00, 0x00,
    0x00, 0x00, 0x00, 0x00, 0x00, 0x00, 0x00, 0x00, 0x00, 0x00, 0x00, 0x00, 0x00, 0x00, 0x00, 0x00,
    0x00, 0x00, 0x00, 0x00, 0x00, 0x00, 0x00, 0x00, 0x00, 0x00, 0x00, 0x00, 0x00, 0x00, 0x00, 0x00,
    0x00, 0x00, 0x00, 0x00, 0x00, 0x00, 0x00, 0x00, 0x00, 0x00, 0x00, 0x00, 0x00, 0x00, 0x00, 0x00,
    0x00, 0x00, 0x00, 0x00, 0x00, 0x00, 0x00, 0x00, 0x00, 0x00, 0x00, 0x00, 0x00, 0x00, 0x00, 0x00,
    0x00, 0x00, 0x00, 0x00, 0x00, 0x00, 0x00, 0x00, 0x00, 0x00, 0x00, 0x00, 0x00, 0x00, 0x00, 0x00,
    0x00, 0x00, 0x00, 0x00, 0x00, 0x00, 0x00, 0x00, 0x00, 0x00, 0x00, 0x00, 0x00, 0x00, 0x00, 0x00,
    0x00, 0x00, 0x00, 0x00, 0x00, 0x00, 0x00, 0x00, 0x00, 0x00, 0x00, 0x00, 0x00, 0x00, 0x00, 0x00,
    0x00, 0x00, 0x00, 0x00, 0x00, 0x00, 0x00, 0x00, 0x00, 0x00, 0x00, 0x00, 0x00, 0x00, 0x00, 0x00,
    0x00, 0x00, 0x00, 0x00, 0x00, 0x00, 0x00, 0x00, 0x00, 0x00, 0x00, 0x00, 0x00, 0x00, 0x00, 0x00,
    0x00, 0x00, 0x00, 0x00, 0x00, 0x00, 0x00, 0x00, 0x00, 0x00, 0x00, 0x00, 0x00, 0x00, 0x00, 0x00,
    0x00, 0x00, 0x00, 0x00, 0x00, 0x00, 0x00, 0x00, 0x00, 0x00, 0x00, 0x00, 0x00, 0x00, 0x00, 0x00,
    0x00, 0x00, 0x00, 0x00, 0x00, 0x00, 0x00, 0x00, 0x00, 0x00, 0x00, 0x00, 0x00, 0x00, 0x00, 0x00,
    0x00, 0x00, 0x00, 0x00, 0x00, 0x00, 0x00, 0x00, 0x00, 0x00, 0x00, 0x00, 0x00, 0x00, 0x00, 0x00,
    0x00, 0x00, 0x00, 0x00, 0x00, 0x00, 0x00, 0x00, 0x00, 0x00, 0x00, 0x00, 0x00, 0x00, 0x00, 0x00,
    0x00, 0x00, 0x00, 0x00, 0x00, 0x00, 0x00, 0x00, 0x00, 0x00, 0x00, 0x00, 0x00, 0x00, 0x00, 0x00,
    0x00, 0x00, 0x00, 0x00, 0x00, 0x00, 0x00, 0x00, 0x00, 0x00, 0x00, 0x00, 0x00, 0x00, 0x00, 0x00,
    0x00, 0x00, 0x00, 0x00, 0x00, 0x00, 0x00, 0x00, 0x00, 0x00, 0x00, 0x00, 0x00, 0x00, 0x00, 0x00,
    0x00, 0x00, 0x00, 0x00, 0x00, 0x00, 0x00, 0x00, 0x00, 0x00, 0x00, 0x00, 0x00, 0x00, 0x00, 0x00,
    0x00, 0x00, 0x00, 0x00, 0x00, 0x00, 0x00, 0x00, 0x00, 0x00, 0x00, 0x00, 0x00, 0x00, 0x00, 0x00,
    0x00, 0x00, 0x00, 0x00, 0x00, 0x00, 0x00, 0x00, 0x00, 0x00, 0x00, 0x00, 0x00, 0x00, 0x00, 0x00,
    0x00, 0x00, 0x00, 0x00, 0x00, 0x00, 0x00, 0x00, 0x00, 0x00, 0x00, 0x00, 0x00, 0x00, 0x00, 0x00,
    0x00, 0x00, 0x00, 0x00, 0x00, 0x00, 0x00, 0x00, 0x00, 0x00, 0x00, 0x00, 0x00, 0x00, 0x00, 0x00,
    0x00, 0x00, 0x00, 0x00, 0x00, 0x00, 0x00, 0x00, 0x00, 0x00, 0x00, 0x00, 0x00, 0x00, 0x00, 0x00,
    0x00, 0x00, 0x00, 0x00, 0x00, 0x00, 0x00, 0x00, 0x00, 0x00, 0x00, 0x00, 0x00, 0x00, 0x00, 0x00,
    0x00, 0x00, 0x00, 0x00, 0x00, 0x00, 0x00, 0x00, 0x00, 0x00, 0x00, 0x00, 0x00, 0x00, 0x00, 0x00,
    0x00, 0x00, 0x00, 0x00, 0x00, 0x00, 0x00, 0x00, 0x00, 0x00, 0x00, 0x00, 0x00, 0x00, 0x00, 0x00,
    0x00, 0x00, 0x00, 0x00, 0x00, 0x00, 0x00, 0x00, 0x00, 0x00, 0x00, 0x00, 0x00, 0x00, 0x00, 0x00,
    0x00, 0x00, 0x00, 0x00, 0x00, 0x00, 0x00, 0x00, 0x00, 0x00, 0x00, 0x00, 0x00, 0x00, 0x00, 0x00,
    0x00, 0x00, 0x00, 0x00, 0x00, 0x00, 0x00, 0x00, 0x00, 0x00, 0x00, 0x00, 0x00, 0x00, 0x00, 0x00,
    0x00, 0x00, 0x00, 0x00, 0x00, 0x00, 0x00, 0x00, 0x00, 0x00, 0x00, 0x00, 0x00, 0x00, 0x00, 0x00,
    0x00, 0x00, 0x00, 0x00, 0x00, 0x00, 0x00, 0x00, 0x00, 0x00, 0x00, 0x00, 0x00, 0x00, 0x00, 0x00,
    0x00, 0x00, 0x00, 0x00, 0x00, 0x00, 0x00, 0x00, 0x00, 0x00, 0x00, 0x00, 0x00, 0x00, 0x00, 0x00,
    0x00, 0x00, 0x00, 0x00, 0x00, 0x00, 0x00, 0x00, 0x00, 0x00, 0x00, 0x00, 0x00, 0x00, 0x00, 0x00,
    0x00, 0x00, 0x00, 0x00, 0x00, 0x00, 0x00, 0x00, 0x00, 0x00, 0x00, 0x00, 0x00, 0x00, 0x00, 0x00,
    0x00, 0x00, 0x00, 0x00, 0x00, 0x00, 0x00, 0x00, 0x00, 0x00, 0x00, 0x00, 0x00, 0x00, 0x00, 0x00,
    0x00, 0x00, 0x00, 0x00, 0x00, 0x00, 0x00, 0x00, 0x00, 0x00, 0x00, 0x00, 0x00, 0x00, 0x00, 0x00,
    0x00, 0x00, 0x00, 0x00, 0x00, 0x00, 0x00, 0x00, 0x00, 0x00, 0x00, 0x00, 0x00, 0x00, 0x00, 0x00,
    0x00, 0x00, 0x00, 0x00, 0x00, 0x00, 0x00, 0x00, 0x00, 0x00, 0x00, 0x00, 0x00, 0x00, 0x00, 0x00,
    0x00, 0x00, 0x00, 0x00, 0x00, 0x00, 0x00, 0x00, 0x00, 0x00, 0x00, 0x00, 0x00, 0x00, 0x00, 0x00,
    0x00, 0x00, 0x00, 0x00, 0x00, 0x00, 0x00, 0x00, 0x00, 0x00, 0x00, 0x00, 0x00, 0x00, 0x00, 0x00,
    /* Alpha channel data (1600 bytes) */
    0x00, 0x00, 0x00, 0x0e, 0xcc, 0xff, 0xff, 0xff, 0xff, 0xff, 0xff, 0xff, 0xff, 0xff, 0xff, 0xff,
    0xff, 0xff, 0xff, 0xff, 0xcc, 0x0e, 0x00, 0x00, 0x00, 0x00, 0x00, 0x00, 0x00, 0x00, 0x00, 0x00,
    0x00, 0x00, 0x00, 0x00, 0x00, 0x00, 0x00, 0x00, 0x00, 0x00, 0x02, 0x9a, 0xff, 0xff, 0xff, 0xff,
    0xff, 0xff, 0xff, 0xff, 0xff, 0xff, 0xff, 0xff, 0xff, 0xff, 0xff, 0xff, 0xff, 0x9a, 0x02, 0x00,
    0x00, 0x00, 0x00, 0x00, 0x00, 0x00, 0x00, 0x00, 0x00, 0x00, 0x00, 0x00, 0x00, 0x00, 0x00, 0x00,
    0xbd, 0x96, 0x69, 0xfa, 0xff, 0xff, 0xff, 0xff, 0xff, 0xff, 0xff, 0xff, 0xff, 0xff, 0xff, 0xff,
    0xff, 0xff, 0xff, 0xff, 0xff, 0xfa, 0x66, 0x96, 0xbd, 0xbf, 0x9e, 0x42, 0x05, 0x00, 0x00, 0x00,
    0x00, 0x00, 0x00, 0x00, 0x00, 0x00, 0x00, 0x00, 0xff, 0xff, 0xff, 0xff, 0xff, 0xff, 0xff, 0xff,
    0xff, 0xff, 0xff, 0xff, 0xff, 0xff, 0xff, 0xff, 0xff, 0xff, 0xff, 0xff, 0xff, 0xff, 0xff, 0xff,
    0xff, 0xff, 0xff, 0xfd, 0xc3, 0x33, 0x00, 0x00, 0x00, 0x00, 0x00, 0x00, 0x00, 0x00, 0x00, 0x00,
    0xff, 0xff, 0xff, 0xff, 0xff, 0xff, 0xff, 0xff, 0xff, 0xff, 0xff, 0xff, 0xff, 0xff, 0xff, 0xff,
    0xff, 0xff, 0xff, 0xff, 0xff, 0xff, 0xff, 0xff, 0xff, 0xff, 0xff, 0xff, 0xff, 0xf3, 0x2c, 0x00,
    0x00, 0x00, 0x00, 0x00, 0x00, 0x00, 0x00, 0x00, 0xff, 0xff, 0xff, 0xff, 0xff, 0xff, 0xff, 0xff,
    0xff, 0xff, 0xff, 0xff, 0xff, 0xff, 0xff, 0xff, 0xff, 0xff, 0xff, 0xff, 0xff, 0xff, 0xff, 0xff,
    0xff, 0xff, 0xff, 0xff, 0xff, 0xff, 0xe4, 0x12, 0x00, 0x00, 0x00, 0x00, 0x00, 0x00, 0x00, 0x00,
    0xff, 0xff, 0xff, 0xff, 0xff, 0xff, 0xff, 0xff, 0xff, 0xff, 0xff, 0xff, 0xff, 0xff, 0xff, 0xff,
    0xff, 0xff, 0xff, 0xff, 0xff, 0xff, 0xff, 0xff, 0xff, 0xff, 0xff, 0xff, 0xff, 0xff, 0xff, 0x7a,
    0x00, 0x00, 0x00, 0x00, 0x00, 0x00, 0x00, 0x00, 0xff, 0xff, 0xff, 0xff, 0xff, 0xff, 0xff, 0xff,
    0xff, 0xff, 0xff, 0xff, 0xff, 0xff, 0xff, 0xff, 0xff, 0xff, 0xff, 0xff, 0xff, 0xff, 0xff, 0xff,
    0xff, 0xff, 0xff, 0xff, 0xff, 0xff, 0xff, 0xcc, 0x01, 0x00, 0x00, 0x00, 0x00, 0x00, 0x00, 0x00,
    0xff, 0xff, 0xff, 0xff, 0xff, 0xff, 0xff, 0xff, 0xff, 0xff, 0xff, 0xff, 0xff, 0xff, 0xff, 0xff,
    0xff, 0xff, 0xff, 0xff, 0xff, 0xff, 0xff, 0xff, 0xff, 0xff, 0xff, 0xff, 0xff, 0xff, 0xff, 0xe8,
    0x0e, 0x00, 0x00, 0x00, 0x00, 0x00, 0x00, 0x00, 0xff, 0xff, 0xff, 0xff, 0xff, 0xff, 0xff, 0xff,
    0xff, 0xff, 0xff, 0xff, 0xff, 0xff, 0xff, 0xff, 0xff, 0xff, 0xff, 0xff, 0xff, 0xff, 0xff, 0xff,
    0xff, 0xff, 0xff, 0xff, 0xff, 0xff, 0xff, 0xed, 0x12, 0x00, 0x00, 0x00, 0x00, 0x00, 0x00, 0x00,
    0xff, 0xff, 0xff, 0xff, 0xff, 0xff, 0xff, 0xff, 0xff, 0xff, 0xff, 0xff, 0xff, 0xff, 0xff, 0xff,
    0xff, 0xff, 0xff, 0xff, 0xff, 0xff, 0xff, 0xff, 0xff, 0xff, 0xff, 0xff, 0xff, 0xff, 0xff, 0xed,
    0x12, 0x00, 0x00, 0x00, 0x00, 0x00, 0x00, 0x00, 0xff, 0xff, 0xff, 0xff, 0xff, 0xff, 0xff, 0xff,
    0xff, 0xff, 0xff, 0xff, 0xff, 0xff, 0xff, 0xff, 0xff, 0xff, 0xff, 0xff, 0xff, 0xff, 0xff, 0xff,
    0xff, 0xff, 0xff, 0xff, 0xff, 0xff, 0xff, 0xe2, 0x09, 0x00, 0x00, 0x00, 0x00, 0x00, 0x00, 0x00,
    0xff, 0xff, 0xff, 0xff, 0xff, 0xff, 0xff, 0xff, 0xff, 0xff, 0xff, 0xff, 0xff, 0xff, 0xff, 0xff,
    0xff, 0xff, 0xff, 0xff, 0xff, 0xff, 0xff, 0xff, 0xff, 0xff, 0xff, 0xff, 0xff, 0xff, 0xff, 0xb3,
    0x00, 0x00, 0x00, 0x00, 0x00, 0x00, 0x00, 0x00, 0xff, 0xff, 0xff, 0xff, 0xff, 0xff, 0xff, 0xff,
    0xff, 0xff, 0xff, 0xff, 0xff, 0xff, 0xff, 0xff, 0xff, 0xff, 0xff, 0xff, 0xff, 0xff, 0xff, 0xff,
    0xff, 0xff, 0xff, 0xff, 0xff, 0xff, 0xff, 0x55, 0x00, 0x00, 0x00, 0x00, 0x00, 0x00, 0x00, 0x00,
    0xff, 0xff, 0xff, 0xff, 0xff, 0xff, 0xff, 0xff, 0xff, 0xff, 0xff, 0xff, 0xff, 0xff, 0xff, 0xff,
    0xff, 0xff, 0xff, 0xff, 0xff, 0xff, 0xff, 0xff, 0xff, 0xff, 0xff, 0xff, 0xff, 0xff, 0xb4, 0x01,
    0x00, 0x00, 0x00, 0x00, 0x00, 0x00, 0x00, 0x00, 0xff, 0xff, 0xff, 0xff, 0xff, 0xff, 0xff, 0xff,
    0xff, 0xff, 0xff, 0xff, 0xff, 0xff, 0xff, 0xff, 0xff, 0xff, 0xff, 0xff, 0xff, 0xff, 0xff, 0xff,
    0xff, 0xff, 0xff, 0xff, 0xff, 0xc3, 0x0b, 0x00, 0x00, 0x00, 0x00, 0x00, 0x00, 0x00, 0x00, 0x00,
    0xff, 0xff, 0xff, 0xff, 0xff, 0xff, 0xff, 0xff, 0xff, 0xff, 0xff, 0xff, 0xff, 0xff, 0xff, 0xff,
    0xff, 0xff, 0xff, 0xff, 0xff, 0xff, 0xff, 0xff, 0xff, 0xff, 0xfd, 0xdd, 0x7a, 0x07, 0x00, 0x00,
    0x00, 0x00, 0x00, 0x00, 0x00, 0x00, 0x00, 0x00, 0xff, 0xff, 0xff, 0xff, 0xed, 0xce, 0xfe, 0xff,
    0xff, 0xff, 0xff, 0xff, 0xff, 0xff, 0xff, 0xff, 0xff, 0xff, 0xfe, 0xce, 0xed, 0xff, 0xff, 0xff,
    0xff, 0xa2, 0x2e, 0x09, 0x00, 0x00, 0x00, 0x00, 0x00, 0x00, 0x00, 0x00, 0x00, 0x00, 0x00, 0x00,
    0xd0, 0xff, 0xff, 0x6b, 0x13, 0x03, 0x5f, 0xe9, 0xff, 0xff, 0xff, 0xff, 0xff, 0xff, 0xff, 0xff,
    0xff, 0xdf, 0x5f, 0x03, 0x13, 0x6b, 0xff, 0xff, 0xd0, 0x0d, 0x00, 0x00, 0x00, 0x00, 0x00, 0x00,
    0x00, 0x00, 0x00, 0x00, 0x00, 0x00, 0x00, 0x00, 0x22, 0xe8, 0xff, 0x5d, 0x00, 0x00, 0x1d, 0xed,
    0xff, 0xff, 0xff, 0xff, 0xff, 0xff, 0xff, 0xff, 0xa2, 0x07, 0x00, 0x00, 0x00, 0x5d, 0xff, 0xe8,
    0x22, 0x00, 0x00, 0x00, 0x00, 0x00, 0x00, 0x00, 0x00, 0x00, 0x00, 0x00, 0x00, 0x00, 0x00, 0x00,
    0x00, 0x43, 0xfa, 0x83, 0x00, 0x00, 0x00, 0x49, 0xf8, 0xff, 0xff, 0xff, 0xff, 0xfc, 0xbb, 0x67,
    0x21, 0x00, 0x00, 0x00, 0x00, 0x83, 0xfa, 0x43, 0x00, 0x00, 0x00, 0x00, 0x00, 0x00, 0x00, 0x00,
    0x00, 0x00, 0x00, 0x00, 0x00, 0x00, 0x00, 0x00, 0x00, 0x00, 0x79, 0xa5, 0x00, 0x00, 0x00, 0x00,
    0x7a, 0xff, 0xff, 0xff, 0xf5, 0x29, 0x00, 0x00, 0x00, 0x00, 0x00, 0x00, 0x00, 0xa5, 0x6c, 0x00,
    0x00, 0x00, 0x00, 0x00, 0x00, 0x00, 0x00, 0x00, 0x00, 0x00, 0x00, 0x00, 0x00, 0x00, 0x00, 0x00,
    0x00, 0x00, 0x02, 0x6b, 0x00, 0x00, 0x00, 0x00, 0x03, 0x9b, 0xff, 0xff, 0xfe, 0x2e, 0x00, 0x00,
    0x00, 0x00, 0x00, 0x00, 0x00, 0x6b, 0x02, 0x00, 0x00, 0x00, 0x00, 0x00, 0x00, 0x00, 0x00, 0x00,
    0x00, 0x00, 0x00, 0x00, 0x00, 0x00, 0x00, 0x00, 0x00, 0x00, 0x00, 0x07, 0x00, 0x00, 0x00, 0x00,
    0x00, 0x0c, 0xce, 0xff, 0xff, 0x53, 0x00, 0x00, 0x00, 0x00, 0x00, 0x00, 0x00, 0x07, 0x00, 0x00,
    0x00, 0x00, 0x00, 0x00, 0x00, 0x00, 0x00, 0x00, 0x00, 0x00, 0x00, 0x00, 0x00, 0x00, 0x00, 0x00,
    0x00, 0x00, 0x00, 0x00, 0x00, 0x00, 0x00, 0x00, 0x00, 0x00, 0x1f, 0xe7, 0xff, 0x77, 0x00, 0x00,
    0x00, 0x00, 0x00, 0x00, 0x00, 0x00, 0x00, 0x00, 0x00, 0x00, 0x00, 0x00, 0x00, 0x00, 0x00, 0x00,
    0x00, 0x00, 0x00, 0x00, 0x00, 0x00, 0x00, 0x00, 0x00, 0x00, 0x00, 0x00, 0x00, 0x00, 0x00, 0x00,
    0x00, 0x00, 0x00, 0x41, 0xf9, 0x9e, 0x00, 0x00, 0x00, 0x00, 0x00, 0x00, 0x00, 0x00, 0x00, 0x00,
    0x00, 0x00, 0x00, 0x00, 0x00, 0x00, 0x00, 0x00, 0x00, 0x00, 0x00, 0x00, 0x00, 0x00, 0x00, 0x00,
    0x00, 0x00, 0x00, 0x00, 0x00, 0x00, 0x00, 0x00, 0x00, 0x00, 0x00, 0x00, 0x76, 0xc0, 0x00, 0x00,
    0x00, 0x00, 0x00, 0x00, 0x00, 0x00, 0x00, 0x00, 0x00, 0x00, 0x00, 0x00, 0x00, 0x00, 0x00, 0x00,
    0x00, 0x00, 0x00, 0x00, 0x00, 0x00, 0x00, 0x00, 0x00, 0x00, 0x00, 0x00, 0x00, 0x00, 0x00, 0x00,
    0x00, 0x00, 0x00, 0x00, 0x02, 0x83, 0x00, 0x00, 0x00, 0x00, 0x00, 0x00, 0x00, 0x00, 0x00, 0x00,
    0x00, 0x00, 0x00, 0x00, 0x00, 0x00, 0x00, 0x00, 0x00, 0x00, 0x00, 0x00, 0x00, 0x00, 0x00, 0x00,
    0x00, 0x00, 0x00, 0x00, 0x00, 0x00, 0x00, 0x00, 0x00, 0x00, 0x00, 0x00, 0x00, 0x0e, 0x02, 0x00,
    0x00, 0x00, 0x00, 0x00, 0x00, 0x00, 0x00, 0x00, 0x00, 0x00, 0x00, 0x00, 0x00, 0x00, 0x00, 0x00,
    0x00, 0x00, 0x00, 0x00, 0x00, 0x00, 0x00, 0x00, 0x00, 0x00, 0x00, 0x00, 0x00, 0x00, 0x00, 0x00,
    0x00, 0x00, 0x00, 0x00, 0x00, 0x00, 0x00, 0x00, 0x00, 0x00, 0x00, 0x00, 0x00, 0x00, 0x00, 0x00,
    0x00, 0x00, 0x00, 0x00, 0x00, 0x00, 0x00, 0x00, 0x00, 0x00, 0x00, 0x00, 0x00, 0x00, 0x00, 0x00,
    0x00, 0x00, 0x00, 0x00, 0x00, 0x00, 0x00, 0x00, 0x00, 0x00, 0x00, 0x00, 0x00, 0x00, 0x00, 0x00,
    0x00, 0x00, 0x00, 0x00, 0x00, 0x00, 0x00, 0x00, 0x00, 0x00, 0x00, 0x00, 0x00, 0x00, 0x00, 0x00,
    0x00, 0x00, 0x00, 0x00, 0x00, 0x00, 0x00, 0x00, 0x00, 0x00, 0x00, 0x00, 0x00, 0x00, 0x00, 0x00,
    0x00, 0x00, 0x00, 0x00, 0x00, 0x00, 0x00, 0x00, 0x00, 0x00, 0x00, 0x00, 0x00, 0x00, 0x00, 0x00,
    0x00, 0x00, 0x00, 0x00, 0x00, 0x00, 0x00, 0x00, 0x00, 0x00, 0x00, 0x00, 0x00, 0x00, 0x00, 0x00,
    0x00, 0x00, 0x00, 0x00, 0x00, 0x00, 0x00, 0x00, 0x00, 0x00, 0x00, 0x00, 0x00, 0x00, 0x00, 0x00,
    0x00, 0x00, 0x00, 0x00, 0x00, 0x00, 0x00, 0x00, 0x00, 0x00, 0x00, 0x00, 0x00, 0x00, 0x00, 0x00,
    0x00, 0x00, 0x00, 0x00, 0x00, 0x00, 0x00, 0x00, 0x00, 0x00, 0x00, 0x00, 0x00, 0x00, 0x00, 0x00,
    0x00, 0x00, 0x00, 0x00, 0x00, 0x00, 0x00, 0x00, 0x00, 0x00, 0x00, 0x00, 0x00, 0x00, 0x00, 0x00,
    0x00, 0x00, 0x00, 0x00, 0x00, 0x00, 0x00, 0x00, 0x00, 0x00, 0x00, 0x00, 0x00, 0x00, 0x00, 0x00,
    0x00, 0x00, 0x00, 0x00, 0x00, 0x00, 0x00, 0x00, 0x00, 0x00, 0x00, 0x00, 0x00, 0x00, 0x00, 0x00,
    0x00, 0x00, 0x00, 0x00, 0x00, 0x00, 0x00, 0x00, 0x00, 0x00, 0x00, 0x00, 0x00, 0x00, 0x00, 0x00,
    0x00, 0x00, 0x00, 0x00, 0x00, 0x00, 0x00, 0x00, 0x00, 0x00, 0x00, 0x00, 0x00, 0x00, 0x00, 0x00,
    0x00, 0x00, 0x00, 0x00, 0x00, 0x00, 0x00, 0x00, 0x00, 0x00, 0x00, 0x00, 0x00, 0x00, 0x00, 0x00,
    0x00, 0x00, 0x00, 0x00, 0x00, 0x00, 0x00, 0x00, 0x00, 0x00, 0x00, 0x00, 0x00, 0x00, 0x00, 0x00,
    0x00, 0x00, 0x00, 0x00, 0x00, 0x00, 0x00, 0x00, 0x00, 0x00, 0x00, 0x00, 0x00, 0x00, 0x00, 0x00,
    0x00, 0x00, 0x00, 0x00, 0x00, 0x00, 0x00, 0x00, 0x00, 0x00, 0x00, 0x00, 0x00, 0x00, 0x00, 0x00,
    0x00, 0x00, 0x00, 0x00, 0x00, 0x00, 0x00, 0x00, 0x00, 0x00, 0x00, 0x00, 0x00, 0x00, 0x00, 0x00,
    0x00, 0x00, 0x00, 0x00, 0x00, 0x00, 0x00, 0x00, 0x00, 0x00, 0x00, 0x00, 0x00, 0x00, 0x00, 0x00,
    0x00, 0x00, 0x00, 0x00, 0x00, 0x00, 0x00, 0x00, 0x00, 0x00, 0x00, 0x00, 0x00, 0x00, 0x00, 0x00,
    0x00, 0x00, 0x00, 0x00, 0x00, 0x00, 0x00, 0x00, 0x00, 0x00, 0x00, 0x00, 0x00, 0x00, 0x00, 0x00,
    0x00, 0x00, 0x00, 0x00, 0x00, 0x00, 0x00, 0x00, 0x00, 0x00, 0x00, 0x00, 0x00, 0x00, 0x00, 0x00,
    0x00, 0x00, 0x00, 0x00, 0x00, 0x00, 0x00, 0x00, 0x00, 0x00, 0x00, 0x00, 0x00, 0x00, 0x00, 0x00,
    0x00, 0x00, 0x00, 0x00, 0x00, 0x00, 0x00, 0x00, 0x00, 0x00, 0x00, 0x00, 0x00, 0x00, 0x00, 0x00,
    0x00, 0x00, 0x00, 0x00, 0x00, 0x00, 0x00, 0x00, 0x00, 0x00, 0x00, 0x00, 0x00, 0x00, 0x00, 0x00,
};
#endif


#elif LV_COLOR_DEPTH == 8

#error "8-bit color depth (LV_COLOR_DEPTH == 8) is not yet supported for image export. Use 16 or 32-bit."

#else
#error "Unsupported LV_COLOR_DEPTH. Please use 16 or 32."
#endif

const lv_img_dsc_t thunder = {
#if LV_COLOR_DEPTH == 32
    .header.cf = LV_IMG_CF_TRUE_COLOR_ALPHA,
    .header.always_zero = 0,
    .header.reserved = 0,
    .header.w = 40,
    .header.h = 40,
    .data_size = 6400,
    .data = thunder_argb8888_map,
#elif LV_COLOR_DEPTH == 16
    .header.cf = LV_IMG_CF_RGB565A8,
    .header.always_zero = 0,
    .header.reserved = 0,
    .header.w = 40,
    .header.h = 40,
    .data_size = 4800, /* RGB565 (3200) + Alpha (1600) */
#if LV_COLOR_16_SWAP == 0
    .data = thunder_rgb565a8_map,
#else
    .data = thunder_rgb565a8_swap_map,
#endif
#endif
};
